[10] openat /etc/ld.so.cache
[10] openat /etc/ld.so.cache
[10] openat /lib/x86_64-linux-gnu/libc.so.6
[10] openat /lib/x86_64-linux-gnu/libc.so.6
[10] openat /app/flag.png
[10] openat /app/flag.png
[11] execveat(fd=3) <memfd>
[11] execve 
[11] openat /etc/ld.so.cache
[11] openat /etc/ld.so.cache
[11] openat /lib/x86_64-linux-gnu/libc.so.6
[11] openat /lib/x86_64-linux-gnu/libc.so.6
[12] execveat(fd=3) <memfd>
[12] execve 
[12] openat /etc/ld.so.cache
[12] openat /etc/ld.so.cache
[12] openat /lib/x86_64-linux-gnu/libc.so.6
[12] openat /lib/x86_64-linux-gnu/libc.so.6
[13] execveat(fd=3) <memfd>
[13] execve 
[13] openat /etc/ld.so.cache
[13] openat /etc/ld.so.cache
[13] openat /lib/x86_64-linux-gnu/libc.so.6
[13] openat /lib/x86_64-linux-gnu/libc.so.6
[14] execveat(fd=3) <memfd>
[14] execve 
[14] openat /etc/ld.so.cache
[14] openat /etc/ld.so.cache
[14] openat /lib/x86_64-linux-gnu/libc.so.6
[14] openat /lib/x86_64-linux-gnu/libc.so.6
[15] execveat(fd=3) <memfd>
[15] execve 
[15] openat /etc/ld.so.cache
[15] openat /etc/ld.so.cache
[15] openat /lib/x86_64-linux-gnu/libc.so.6
[15] openat /lib/x86_64-linux-gnu/libc.so.6
[16] execveat(fd=3) <memfd>
[16] execve 
[16] openat /etc/ld.so.cache
[16] openat /etc/ld.so.cache
[16] openat /lib/x86_64-linux-gnu/libc.so.6
[16] openat /lib/x86_64-linux-gnu/libc.so.6
[17] execveat(fd=3) <memfd>
[17] execve 
[17] openat /etc/ld.so.cache
[17] openat /etc/ld.so.cache
[17] openat /lib/x86_64-linux-gnu/libc.so.6
[17] openat /lib/x86_64-linux-gnu/libc.so.6
[18] execveat(fd=3) <memfd>
[18] execve 
[18] openat /etc/ld.so.cache
[18] openat /etc/ld.so.cache
[18] openat /lib/x86_64-linux-gnu/libc.so.6
[18] openat /lib/x86_64-linux-gnu/libc.so.6
[19] execveat(fd=3) <memfd>
[19] execve 
[19] openat /etc/ld.so.cache
[19] openat /etc/ld.so.cache
[19] openat /lib/x86_64-linux-gnu/libc.so.6
[19] openat /lib/x86_64-linux-gnu/libc.so.6
[20] execveat(fd=3) <memfd>
[20] execve 
[20] openat /etc/ld.so.cache
[20] openat /etc/ld.so.cache
[20] openat /lib/x86_64-linux-gnu/libc.so.6
[20] openat /lib/x86_64-linux-gnu/libc.so.6
[21] execveat(fd=3) <memfd>
[21] execve 
[21] openat /etc/ld.so.cache
[21] openat /etc/ld.so.cache
[21] openat /lib/x86_64-linux-gnu/libc.so.6
[21] openat /lib/x86_64-linux-gnu/libc.so.6
[22] execveat(fd=3) <memfd>
[22] execve 
[22] openat /etc/ld.so.cache
[22] openat /etc/ld.so.cache
[22] openat /lib/x86_64-linux-gnu/libc.so.6
[22] openat /lib/x86_64-linux-gnu/libc.so.6
[23] execveat(fd=3) <memfd>
[23] execve 
[23] openat /etc/ld.so.cache
[23] openat /etc/ld.so.cache
[23] openat /lib/x86_64-linux-gnu/libc.so.6
[23] openat /lib/x86_64-linux-gnu/libc.so.6
[24] execveat(fd=3) <memfd>
[24] execve 
[24] openat /etc/ld.so.cache
[24] openat /etc/ld.so.cache
[24] openat /lib/x86_64-linux-gnu/libc.so.6
[24] openat /lib/x86_64-linux-gnu/libc.so.6
[25] execveat(fd=3) <memfd>
[25] execve 
[25] openat /etc/ld.so.cache
[25] openat /etc/ld.so.cache
[25] openat /lib/x86_64-linux-gnu/libc.so.6
[25] openat /lib/x86_64-linux-gnu/libc.so.6
[26] execveat(fd=3) <memfd>
[26] execve 
[26] openat /etc/ld.so.cache
[26] openat /etc/ld.so.cache
[26] openat /lib/x86_64-linux-gnu/libc.so.6
[26] openat /lib/x86_64-linux-gnu/libc.so.6
[27] execveat(fd=3) <memfd>
[27] execve 
[27] openat /etc/ld.so.cache
[27] openat /etc/ld.so.cache
[27] openat /lib/x86_64-linux-gnu/libc.so.6
[27] openat /lib/x86_64-linux-gnu/libc.so.6
[28] execveat(fd=3) <memfd>
[28] execve 
[28] openat /etc/ld.so.cache
[28] openat /etc/ld.so.cache
[28] openat /lib/x86_64-linux-gnu/libc.so.6
[28] openat /lib/x86_64-linux-gnu/libc.so.6
[29] execveat(fd=3) <memfd>
[29] execve 
[29] openat /etc/ld.so.cache
[29] openat /etc/ld.so.cache
[29] openat /lib/x86_64-linux-gnu/libc.so.6
[29] openat /lib/x86_64-linux-gnu/libc.so.6
[30] execveat(fd=3) <memfd>
[30] execve 
[30] openat /etc/ld.so.cache
[30] openat /etc/ld.so.cache
[30] openat /lib/x86_64-linux-gnu/libc.so.6
[30] openat /lib/x86_64-linux-gnu/libc.so.6
[31] execveat(fd=3) <memfd>
[31] execve 
[31] openat /etc/ld.so.cache
[31] openat /etc/ld.so.cache
[31] openat /lib/x86_64-linux-gnu/libc.so.6
[31] openat /lib/x86_64-linux-gnu/libc.so.6
[32] execveat(fd=3) <memfd>
[32] execve 
[32] openat /etc/ld.so.cache
[32] openat /etc/ld.so.cache
[32] openat /lib/x86_64-linux-gnu/libc.so.6
[32] openat /lib/x86_64-linux-gnu/libc.so.6
[33] execveat(fd=3) <memfd>
[33] execve 
[33] openat /etc/ld.so.cache
[33] openat /etc/ld.so.cache
[33] openat /lib/x86_64-linux-gnu/libc.so.6
[33] openat /lib/x86_64-linux-gnu/libc.so.6
[34] execveat(fd=3) <memfd>
[34] execve 
[34] openat /etc/ld.so.cache
[34] openat /etc/ld.so.cache
[34] openat /lib/x86_64-linux-gnu/libc.so.6
[34] openat /lib/x86_64-linux-gnu/libc.so.6
[35] execveat(fd=3) <memfd>
[35] execve 
[35] openat /etc/ld.so.cache
[35] openat /etc/ld.so.cache
[35] openat /lib/x86_64-linux-gnu/libc.so.6
[35] openat /lib/x86_64-linux-gnu/libc.so.6
[36] execveat(fd=3) <memfd>
[36] execve 
[36] openat /etc/ld.so.cache
[36] openat /etc/ld.so.cache
[36] openat /lib/x86_64-linux-gnu/libc.so.6
[36] openat /lib/x86_64-linux-gnu/libc.so.6
[37] execveat(fd=3) <memfd>
[37] execve 
[37] openat /etc/ld.so.cache
[37] openat /etc/ld.so.cache
[37] openat /lib/x86_64-linux-gnu/libc.so.6
[37] openat /lib/x86_64-linux-gnu/libc.so.6
[38] execveat(fd=3) <memfd>
[38] execve 
[38] openat /etc/ld.so.cache
[38] openat /etc/ld.so.cache
[38] openat /lib/x86_64-linux-gnu/libc.so.6
[38] openat /lib/x86_64-linux-gnu/libc.so.6
[39] execveat(fd=3) <memfd>
[39] execve 
[39] openat /etc/ld.so.cache
[39] openat /etc/ld.so.cache
[39] openat /lib/x86_64-linux-gnu/libc.so.6
[39] openat /lib/x86_64-linux-gnu/libc.so.6
[40] execveat(fd=3) <memfd>
[40] execve 
[40] openat /etc/ld.so.cache
[40] openat /etc/ld.so.cache
[40] openat /lib/x86_64-linux-gnu/libc.so.6
[40] openat /lib/x86_64-linux-gnu/libc.so.6
[41] execveat(fd=3) <memfd>
[41] execve 
[41] openat /etc/ld.so.cache
[41] openat /etc/ld.so.cache
[41] openat /lib/x86_64-linux-gnu/libc.so.6
[41] openat /lib/x86_64-linux-gnu/libc.so.6
[42] execveat(fd=3) <memfd>
[42] execve 
[42] openat /etc/ld.so.cache
[42] openat /etc/ld.so.cache
[42] openat /lib/x86_64-linux-gnu/libc.so.6
[42] openat /lib/x86_64-linux-gnu/libc.so.6
[43] execveat(fd=3) <memfd>
[43] execve 
[43] openat /etc/ld.so.cache
[43] openat /etc/ld.so.cache
[43] openat /lib/x86_64-linux-gnu/libc.so.6
[43] openat /lib/x86_64-linux-gnu/libc.so.6
[44] execveat(fd=3) <memfd>
[44] execve 
[44] openat /etc/ld.so.cache
[44] openat /etc/ld.so.cache
[44] openat /lib/x86_64-linux-gnu/libc.so.6
[44] openat /lib/x86_64-linux-gnu/libc.so.6
[45] execveat(fd=3) <memfd>
[45] execve 
[45] openat /etc/ld.so.cache
[45] openat /etc/ld.so.cache
[45] openat /lib/x86_64-linux-gnu/libc.so.6
[45] openat /lib/x86_64-linux-gnu/libc.so.6
[46] execveat(fd=3) <memfd>
[46] execve 
[46] openat /etc/ld.so.cache
[46] openat /etc/ld.so.cache
[46] openat /lib/x86_64-linux-gnu/libc.so.6
[46] openat /lib/x86_64-linux-gnu/libc.so.6
[47] execveat(fd=3) <memfd>
[47] execve 
[47] openat /etc/ld.so.cache
[47] openat /etc/ld.so.cache
[47] openat /lib/x86_64-linux-gnu/libc.so.6
[47] openat /lib/x86_64-linux-gnu/libc.so.6
[48] execveat(fd=3) <memfd>
[48] execve 
[48] openat /etc/ld.so.cache
[48] openat /etc/ld.so.cache
[48] openat /lib/x86_64-linux-gnu/libc.so.6
[48] openat /lib/x86_64-linux-gnu/libc.so.6
[49] execveat(fd=3) <memfd>
[49] execve 
[49] openat /etc/ld.so.cache
[49] openat /etc/ld.so.cache
[49] openat /lib/x86_64-linux-gnu/libc.so.6
[49] openat /lib/x86_64-linux-gnu/libc.so.6
[50] execveat(fd=3) <memfd>
[50] execve 
[50] openat /etc/ld.so.cache
[50] openat /etc/ld.so.cache
[50] openat /lib/x86_64-linux-gnu/libc.so.6
[50] openat /lib/x86_64-linux-gnu/libc.so.6
[51] execveat(fd=3) <memfd>
[51] execve 
[51] openat /etc/ld.so.cache
[51] openat /etc/ld.so.cache
[51] openat /lib/x86_64-linux-gnu/libc.so.6
[51] openat /lib/x86_64-linux-gnu/libc.so.6
[52] execveat(fd=3) <memfd>
[52] execve 
[52] openat /etc/ld.so.cache
[52] openat /etc/ld.so.cache
[52] openat /lib/x86_64-linux-gnu/libc.so.6
[52] openat /lib/x86_64-linux-gnu/libc.so.6
[53] execveat(fd=3) <memfd>
[53] execve 
[53] openat /etc/ld.so.cache
[53] openat /etc/ld.so.cache
[53] openat /lib/x86_64-linux-gnu/libc.so.6
[53] openat /lib/x86_64-linux-gnu/libc.so.6
[54] execveat(fd=3) <memfd>
[54] execve 
[54] openat /etc/ld.so.cache
[54] openat /etc/ld.so.cache
[54] openat /lib/x86_64-linux-gnu/libc.so.6
[54] openat /lib/x86_64-linux-gnu/libc.so.6
[55] execveat(fd=3) <memfd>
[55] execve 
[55] openat /etc/ld.so.cache
[55] openat /etc/ld.so.cache
[55] openat /lib/x86_64-linux-gnu/libc.so.6
[55] openat /lib/x86_64-linux-gnu/libc.so.6
[56] execveat(fd=3) <memfd>
[56] execve 
[56] openat /etc/ld.so.cache
[56] openat /etc/ld.so.cache
[56] openat /lib/x86_64-linux-gnu/libc.so.6
[56] openat /lib/x86_64-linux-gnu/libc.so.6
[57] execveat(fd=3) <memfd>
[57] execve 
[57] openat /etc/ld.so.cache
[57] openat /etc/ld.so.cache
[57] openat /lib/x86_64-linux-gnu/libc.so.6
[57] openat /lib/x86_64-linux-gnu/libc.so.6
[58] execveat(fd=3) <memfd>
[58] execve 
[58] openat /etc/ld.so.cache
[58] openat /etc/ld.so.cache
[58] openat /lib/x86_64-linux-gnu/libc.so.6
[58] openat /lib/x86_64-linux-gnu/libc.so.6
[59] execveat(fd=3) <memfd>
[59] execve 
[59] openat /etc/ld.so.cache
[59] openat /etc/ld.so.cache
[59] openat /lib/x86_64-linux-gnu/libc.so.6
[59] openat /lib/x86_64-linux-gnu/libc.so.6
[60] execveat(fd=3) <memfd>
[60] execve 
[60] openat /etc/ld.so.cache
[60] openat /etc/ld.so.cache
[60] openat /lib/x86_64-linux-gnu/libc.so.6
[60] openat /lib/x86_64-linux-gnu/libc.so.6
[61] execveat(fd=3) <memfd>
[61] execve 
[61] openat /etc/ld.so.cache
[61] openat /etc/ld.so.cache
[61] openat /lib/x86_64-linux-gnu/libc.so.6
[61] openat /lib/x86_64-linux-gnu/libc.so.6
[62] execveat(fd=3) <memfd>
[62] execve 
[62] openat /etc/ld.so.cache
[62] openat /etc/ld.so.cache
[62] openat /lib/x86_64-linux-gnu/libc.so.6
[62] openat /lib/x86_64-linux-gnu/libc.so.6
[63] execveat(fd=3) <memfd>
[63] execve 
[63] openat /etc/ld.so.cache
[63] openat /etc/ld.so.cache
[63] openat /lib/x86_64-linux-gnu/libc.so.6
[63] openat /lib/x86_64-linux-gnu/libc.so.6
[64] execveat(fd=3) <memfd>
[64] execve 
[64] openat /etc/ld.so.cache
[64] openat /etc/ld.so.cache
[64] openat /lib/x86_64-linux-gnu/libc.so.6
[64] openat /lib/x86_64-linux-gnu/libc.so.6
[65] execveat(fd=3) <memfd>
[65] execve 
[65] openat /etc/ld.so.cache
[65] openat /etc/ld.so.cache
[65] openat /lib/x86_64-linux-gnu/libc.so.6
[65] openat /lib/x86_64-linux-gnu/libc.so.6
[66] execveat(fd=3) <memfd>
[66] execve 
[66] openat /etc/ld.so.cache
[66] openat /etc/ld.so.cache
[66] openat /lib/x86_64-linux-gnu/libc.so.6
[66] openat /lib/x86_64-linux-gnu/libc.so.6
[67] execveat(fd=3) <memfd>
[67] execve 
[67] openat /etc/ld.so.cache
[67] openat /etc/ld.so.cache
[67] openat /lib/x86_64-linux-gnu/libc.so.6
[67] openat /lib/x86_64-linux-gnu/libc.so.6
[68] execveat(fd=3) <memfd>
[68] execve 
[68] openat /etc/ld.so.cache
[68] openat /etc/ld.so.cache
[68] openat /lib/x86_64-linux-gnu/libc.so.6
[68] openat /lib/x86_64-linux-gnu/libc.so.6
[69] execveat(fd=3) <memfd>
[69] execve 
[69] openat /etc/ld.so.cache
[69] openat /etc/ld.so.cache
[69] openat /lib/x86_64-linux-gnu/libc.so.6
[69] openat /lib/x86_64-linux-gnu/libc.so.6
[70] execveat(fd=3) <memfd>
[70] execve 
[70] openat /etc/ld.so.cache
[70] openat /etc/ld.so.cache
[70] openat /lib/x86_64-linux-gnu/libc.so.6
[70] openat /lib/x86_64-linux-gnu/libc.so.6
[71] execveat(fd=3) <memfd>
[71] execve 
[71] openat /etc/ld.so.cache
[71] openat /etc/ld.so.cache
[71] openat /lib/x86_64-linux-gnu/libc.so.6
[71] openat /lib/x86_64-linux-gnu/libc.so.6
[72] execveat(fd=3) <memfd>
[72] execve 
[72] openat /etc/ld.so.cache
[72] openat /etc/ld.so.cache
[72] openat /lib/x86_64-linux-gnu/libc.so.6
[72] openat /lib/x86_64-linux-gnu/libc.so.6
[73] execveat(fd=3) <memfd>
[73] execve 
[73] openat /etc/ld.so.cache
[73] openat /etc/ld.so.cache
[73] openat /lib/x86_64-linux-gnu/libc.so.6
[73] openat /lib/x86_64-linux-gnu/libc.so.6
[74] execveat(fd=3) <memfd>
[74] execve 
[74] openat /etc/ld.so.cache
[74] openat /etc/ld.so.cache
[74] openat /lib/x86_64-linux-gnu/libc.so.6
[74] openat /lib/x86_64-linux-gnu/libc.so.6
[75] execveat(fd=3) <memfd>
[75] execve 
[75] openat /etc/ld.so.cache
[75] openat /etc/ld.so.cache
[75] openat /lib/x86_64-linux-gnu/libc.so.6
[75] openat /lib/x86_64-linux-gnu/libc.so.6
[76] execveat(fd=3) <memfd>
[76] execve 
[76] openat /etc/ld.so.cache
[76] openat /etc/ld.so.cache
[76] openat /lib/x86_64-linux-gnu/libc.so.6
[76] openat /lib/x86_64-linux-gnu/libc.so.6
[77] execveat(fd=3) <memfd>
[77] execve 
[77] openat /etc/ld.so.cache
[77] openat /etc/ld.so.cache
[77] openat /lib/x86_64-linux-gnu/libc.so.6
[77] openat /lib/x86_64-linux-gnu/libc.so.6
[78] execveat(fd=3) <memfd>
[78] execve 
[78] openat /etc/ld.so.cache
[78] openat /etc/ld.so.cache
[78] openat /lib/x86_64-linux-gnu/libc.so.6
[78] openat /lib/x86_64-linux-gnu/libc.so.6
[79] execveat(fd=3) <memfd>
[79] execve 
[79] openat /etc/ld.so.cache
[79] openat /etc/ld.so.cache
[79] openat /lib/x86_64-linux-gnu/libc.so.6
[79] openat /lib/x86_64-linux-gnu/libc.so.6
[80] execveat(fd=3) <memfd>
[80] execve 
[80] openat /etc/ld.so.cache
[80] openat /etc/ld.so.cache
[80] openat /lib/x86_64-linux-gnu/libc.so.6
[80] openat /lib/x86_64-linux-gnu/libc.so.6
[81] execveat(fd=3) <memfd>
[81] execve 
[81] openat /etc/ld.so.cache
[81] openat /etc/ld.so.cache
[81] openat /lib/x86_64-linux-gnu/libc.so.6
[81] openat /lib/x86_64-linux-gnu/libc.so.6
[82] execveat(fd=3) <memfd>
[82] execve 
[82] openat /etc/ld.so.cache
[82] openat /etc/ld.so.cache
[82] openat /lib/x86_64-linux-gnu/libc.so.6
[82] openat /lib/x86_64-linux-gnu/libc.so.6
[83] execveat(fd=3) <memfd>
[83] execve 
[83] openat /etc/ld.so.cache
[83] openat /etc/ld.so.cache
[83] openat /lib/x86_64-linux-gnu/libc.so.6
[83] openat /lib/x86_64-linux-gnu/libc.so.6
[84] execveat(fd=3) <memfd>
[84] execve 
[84] openat /etc/ld.so.cache
[84] openat /etc/ld.so.cache
[84] openat /lib/x86_64-linux-gnu/libc.so.6
[84] openat /lib/x86_64-linux-gnu/libc.so.6
[85] execveat(fd=3) <memfd>
[85] execve 
[85] openat /etc/ld.so.cache
[85] openat /etc/ld.so.cache
[85] openat /lib/x86_64-linux-gnu/libc.so.6
[85] openat /lib/x86_64-linux-gnu/libc.so.6
[86] execveat(fd=3) <memfd>
[86] execve 
[86] openat /etc/ld.so.cache
[86] openat /etc/ld.so.cache
[86] openat /lib/x86_64-linux-gnu/libc.so.6
[86] openat /lib/x86_64-linux-gnu/libc.so.6
[87] execveat(fd=3) <memfd>
[87] execve 
[87] openat /etc/ld.so.cache
[87] openat /etc/ld.so.cache
[87] openat /lib/x86_64-linux-gnu/libc.so.6
[87] openat /lib/x86_64-linux-gnu/libc.so.6
[88] execveat(fd=3) <memfd>
[88] execve 
[88] openat /etc/ld.so.cache
[88] openat /etc/ld.so.cache
[88] openat /lib/x86_64-linux-gnu/libc.so.6
[88] openat /lib/x86_64-linux-gnu/libc.so.6
[89] execveat(fd=3) <memfd>
[89] execve 
[89] openat /etc/ld.so.cache
[89] openat /etc/ld.so.cache
[89] openat /lib/x86_64-linux-gnu/libc.so.6
[89] openat /lib/x86_64-linux-gnu/libc.so.6
[90] execveat(fd=3) <memfd>
[90] execve 
[90] openat /etc/ld.so.cache
[90] openat /etc/ld.so.cache
[90] openat /lib/x86_64-linux-gnu/libc.so.6
[90] openat /lib/x86_64-linux-gnu/libc.so.6
[91] execveat(fd=3) <memfd>
[91] execve 
[91] openat /etc/ld.so.cache
[91] openat /etc/ld.so.cache
[91] openat /lib/x86_64-linux-gnu/libc.so.6
[91] openat /lib/x86_64-linux-gnu/libc.so.6
[92] execveat(fd=3) <memfd>
[92] execve 
[92] openat /etc/ld.so.cache
[92] openat /etc/ld.so.cache
[92] openat /lib/x86_64-linux-gnu/libc.so.6
[92] openat /lib/x86_64-linux-gnu/libc.so.6
[93] execveat(fd=3) <memfd>
[93] execve 
[93] openat /etc/ld.so.cache
[93] openat /etc/ld.so.cache
[93] openat /lib/x86_64-linux-gnu/libc.so.6
[93] openat /lib/x86_64-linux-gnu/libc.so.6
[94] execveat(fd=3) <memfd>
[94] execve 
[94] openat /etc/ld.so.cache
[94] openat /etc/ld.so.cache
[94] openat /lib/x86_64-linux-gnu/libc.so.6
[94] openat /lib/x86_64-linux-gnu/libc.so.6
[95] execveat(fd=3) <memfd>
[95] execve 
[95] openat /etc/ld.so.cache
[95] openat /etc/ld.so.cache
[95] openat /lib/x86_64-linux-gnu/libc.so.6
[95] openat /lib/x86_64-linux-gnu/libc.so.6
[96] execveat(fd=3) <memfd>
[96] execve 
[96] openat /etc/ld.so.cache
[96] openat /etc/ld.so.cache
[96] openat /lib/x86_64-linux-gnu/libc.so.6
[96] openat /lib/x86_64-linux-gnu/libc.so.6
[97] execveat(fd=3) <memfd>
[97] execve 
[97] openat /etc/ld.so.cache
[97] openat /etc/ld.so.cache
[97] openat /lib/x86_64-linux-gnu/libc.so.6
[97] openat /lib/x86_64-linux-gnu/libc.so.6
[98] execveat(fd=3) <memfd>
[98] execve 
[98] openat /etc/ld.so.cache
[98] openat /etc/ld.so.cache
[98] openat /lib/x86_64-linux-gnu/libc.so.6
[98] openat /lib/x86_64-linux-gnu/libc.so.6
[99] execveat(fd=3) <memfd>
[99] execve 
[99] openat /etc/ld.so.cache
[99] openat /etc/ld.so.cache
[99] openat /lib/x86_64-linux-gnu/libc.so.6
[99] openat /lib/x86_64-linux-gnu/libc.so.6
[100] execveat(fd=3) <memfd>
[100] execve 
[100] openat /etc/ld.so.cache
[100] openat /etc/ld.so.cache
[100] openat /lib/x86_64-linux-gnu/libc.so.6
[100] openat /lib/x86_64-linux-gnu/libc.so.6
[101] execveat(fd=3) <memfd>
[101] execve 
[101] openat /etc/ld.so.cache
[101] openat /etc/ld.so.cache
[101] openat /lib/x86_64-linux-gnu/libc.so.6
[101] openat /lib/x86_64-linux-gnu/libc.so.6
[102] execveat(fd=3) <memfd>
[102] execve 
[102] openat /etc/ld.so.cache
[102] openat /etc/ld.so.cache
[102] openat /lib/x86_64-linux-gnu/libc.so.6
[102] openat /lib/x86_64-linux-gnu/libc.so.6
[103] execveat(fd=3) <memfd>
[103] execve 
[103] openat /etc/ld.so.cache
[103] openat /etc/ld.so.cache
[103] openat /lib/x86_64-linux-gnu/libc.so.6
[103] openat /lib/x86_64-linux-gnu/libc.so.6
[104] execveat(fd=3) <memfd>
[104] execve 
[104] openat /etc/ld.so.cache
[104] openat /etc/ld.so.cache
[104] openat /lib/x86_64-linux-gnu/libc.so.6
[104] openat /lib/x86_64-linux-gnu/libc.so.6
[105] execveat(fd=3) <memfd>
[105] execve 
[105] openat /etc/ld.so.cache
[105] openat /etc/ld.so.cache
[105] openat /lib/x86_64-linux-gnu/libc.so.6
[105] openat /lib/x86_64-linux-gnu/libc.so.6
[106] execveat(fd=3) <memfd>
[106] execve 
[106] openat /etc/ld.so.cache
[106] openat /etc/ld.so.cache
[106] openat /lib/x86_64-linux-gnu/libc.so.6
[106] openat /lib/x86_64-linux-gnu/libc.so.6
[107] execveat(fd=3) <memfd>
[107] execve 
[107] openat /etc/ld.so.cache
[107] openat /etc/ld.so.cache
[107] openat /lib/x86_64-linux-gnu/libc.so.6
[107] openat /lib/x86_64-linux-gnu/libc.so.6
[108] execveat(fd=3) <memfd>
[108] execve 
[108] openat /etc/ld.so.cache
[108] openat /etc/ld.so.cache
[108] openat /lib/x86_64-linux-gnu/libc.so.6
[108] openat /lib/x86_64-linux-gnu/libc.so.6
[109] execveat(fd=3) <memfd>
[109] execve 
[109] openat /etc/ld.so.cache
[109] openat /etc/ld.so.cache
[109] openat /lib/x86_64-linux-gnu/libc.so.6
[109] openat /lib/x86_64-linux-gnu/libc.so.6
[110] execveat(fd=3) <memfd>
[110] execve 
[110] openat /etc/ld.so.cache
[110] openat /etc/ld.so.cache
[110] openat /lib/x86_64-linux-gnu/libc.so.6
[110] openat /lib/x86_64-linux-gnu/libc.so.6
[111] execveat(fd=3) <memfd>
[111] execve 
[111] openat /etc/ld.so.cache
[111] openat /etc/ld.so.cache
[111] openat /lib/x86_64-linux-gnu/libc.so.6
[111] openat /lib/x86_64-linux-gnu/libc.so.6
[112] execveat(fd=3) <memfd>
[112] execve 
[112] openat /etc/ld.so.cache
[112] openat /etc/ld.so.cache
[112] openat /lib/x86_64-linux-gnu/libc.so.6
[112] openat /lib/x86_64-linux-gnu/libc.so.6
[113] execveat(fd=3) <memfd>
[113] execve 
[113] openat /etc/ld.so.cache
[113] openat /etc/ld.so.cache
[113] openat /lib/x86_64-linux-gnu/libc.so.6
[113] openat /lib/x86_64-linux-gnu/libc.so.6
[114] execveat(fd=3) <memfd>
[114] execve 
[114] openat /etc/ld.so.cache
[114] openat /etc/ld.so.cache
[114] openat /lib/x86_64-linux-gnu/libc.so.6
[114] openat /lib/x86_64-linux-gnu/libc.so.6
[115] execveat(fd=3) <memfd>
[115] execve 
[115] openat /etc/ld.so.cache
[115] openat /etc/ld.so.cache
[115] openat /lib/x86_64-linux-gnu/libc.so.6
[115] openat /lib/x86_64-linux-gnu/libc.so.6
[116] execveat(fd=3) <memfd>
[116] execve 
[116] openat /etc/ld.so.cache
[116] openat /etc/ld.so.cache
[116] openat /lib/x86_64-linux-gnu/libc.so.6
[116] openat /lib/x86_64-linux-gnu/libc.so.6
[117] execveat(fd=3) <memfd>
[117] execve 
[117] openat /etc/ld.so.cache
[117] openat /etc/ld.so.cache
[117] openat /lib/x86_64-linux-gnu/libc.so.6
[117] openat /lib/x86_64-linux-gnu/libc.so.6
[118] execveat(fd=3) <memfd>
[118] execve 
[118] openat /etc/ld.so.cache
[118] openat /etc/ld.so.cache
[118] openat /lib/x86_64-linux-gnu/libc.so.6
[118] openat /lib/x86_64-linux-gnu/libc.so.6
[119] execveat(fd=3) <memfd>
[119] execve 
[119] openat /etc/ld.so.cache
[119] openat /etc/ld.so.cache
[119] openat /lib/x86_64-linux-gnu/libc.so.6
[119] openat /lib/x86_64-linux-gnu/libc.so.6
[120] execveat(fd=3) <memfd>
[120] execve 
[120] openat /etc/ld.so.cache
[120] openat /etc/ld.so.cache
[120] openat /lib/x86_64-linux-gnu/libc.so.6
[120] openat /lib/x86_64-linux-gnu/libc.so.6
[121] execveat(fd=3) <memfd>
[121] execve 
[121] openat /etc/ld.so.cache
[121] openat /etc/ld.so.cache
[121] openat /lib/x86_64-linux-gnu/libc.so.6
[121] openat /lib/x86_64-linux-gnu/libc.so.6
[122] execveat(fd=3) <memfd>
[122] execve 
[122] openat /etc/ld.so.cache
[122] openat /etc/ld.so.cache
[122] openat /lib/x86_64-linux-gnu/libc.so.6
[122] openat /lib/x86_64-linux-gnu/libc.so.6
[123] execveat(fd=3) <memfd>
[123] execve 
[123] openat /etc/ld.so.cache
[123] openat /etc/ld.so.cache
[123] openat /lib/x86_64-linux-gnu/libc.so.6
[123] openat /lib/x86_64-linux-gnu/libc.so.6
[124] execveat(fd=3) <memfd>
[124] execve 
[124] openat /etc/ld.so.cache
[124] openat /etc/ld.so.cache
[124] openat /lib/x86_64-linux-gnu/libc.so.6
[124] openat /lib/x86_64-linux-gnu/libc.so.6
[125] execveat(fd=3) <memfd>
[125] execve 
[125] openat /etc/ld.so.cache
[125] openat /etc/ld.so.cache
[125] openat /lib/x86_64-linux-gnu/libc.so.6
[125] openat /lib/x86_64-linux-gnu/libc.so.6
[126] execveat(fd=3) <memfd>
[126] execve 
[126] openat /etc/ld.so.cache
[126] openat /etc/ld.so.cache
[126] openat /lib/x86_64-linux-gnu/libc.so.6
[126] openat /lib/x86_64-linux-gnu/libc.so.6
[127] execveat(fd=3) <memfd>
[127] execve 
[127] openat /etc/ld.so.cache
[127] openat /etc/ld.so.cache
[127] openat /lib/x86_64-linux-gnu/libc.so.6
[127] openat /lib/x86_64-linux-gnu/libc.so.6
[128] execveat(fd=3) <memfd>
[128] execve 
[128] openat /etc/ld.so.cache
[128] openat /etc/ld.so.cache
[128] openat /lib/x86_64-linux-gnu/libc.so.6
[128] openat /lib/x86_64-linux-gnu/libc.so.6
[129] execveat(fd=3) <memfd>
[129] execve 
[129] openat /etc/ld.so.cache
[129] openat /etc/ld.so.cache
[129] openat /lib/x86_64-linux-gnu/libc.so.6
[129] openat /lib/x86_64-linux-gnu/libc.so.6
[130] execveat(fd=3) <memfd>
[130] execve 
[130] openat /etc/ld.so.cache
[130] openat /etc/ld.so.cache
[130] openat /lib/x86_64-linux-gnu/libc.so.6
[130] openat /lib/x86_64-linux-gnu/libc.so.6
[131] execveat(fd=3) <memfd>
[131] execve 
[131] openat /etc/ld.so.cache
[131] openat /etc/ld.so.cache
[131] openat /lib/x86_64-linux-gnu/libc.so.6
[131] openat /lib/x86_64-linux-gnu/libc.so.6
[132] execveat(fd=3) <memfd>
[132] execve 
[132] openat /etc/ld.so.cache
[132] openat /etc/ld.so.cache
[132] openat /lib/x86_64-linux-gnu/libc.so.6
[132] openat /lib/x86_64-linux-gnu/libc.so.6
[133] execveat(fd=3) <memfd>
[133] execve 
[133] openat /etc/ld.so.cache
[133] openat /etc/ld.so.cache
[133] openat /lib/x86_64-linux-gnu/libc.so.6
[133] openat /lib/x86_64-linux-gnu/libc.so.6
[134] execveat(fd=3) <memfd>
[134] execve 
[134] openat /etc/ld.so.cache
[134] openat /etc/ld.so.cache
[134] openat /lib/x86_64-linux-gnu/libc.so.6
[134] openat /lib/x86_64-linux-gnu/libc.so.6
[135] execveat(fd=3) <memfd>
[135] execve 
[135] openat /etc/ld.so.cache
[135] openat /etc/ld.so.cache
[135] openat /lib/x86_64-linux-gnu/libc.so.6
[135] openat /lib/x86_64-linux-gnu/libc.so.6
[136] execveat(fd=3) <memfd>
[136] execve 
[136] openat /etc/ld.so.cache
[136] openat /etc/ld.so.cache
[136] openat /lib/x86_64-linux-gnu/libc.so.6
[136] openat /lib/x86_64-linux-gnu/libc.so.6
[137] execveat(fd=3) <memfd>
[137] execve 
[137] openat /etc/ld.so.cache
[137] openat /etc/ld.so.cache
[137] openat /lib/x86_64-linux-gnu/libc.so.6
[137] openat /lib/x86_64-linux-gnu/libc.so.6
[138] execveat(fd=3) <memfd>
[138] execve 
[138] openat /etc/ld.so.cache
[138] openat /etc/ld.so.cache
[138] openat /lib/x86_64-linux-gnu/libc.so.6
[138] openat /lib/x86_64-linux-gnu/libc.so.6
[139] execveat(fd=3) <memfd>
[139] execve 
[139] openat /etc/ld.so.cache
[139] openat /etc/ld.so.cache
[139] openat /lib/x86_64-linux-gnu/libc.so.6
[139] openat /lib/x86_64-linux-gnu/libc.so.6
[140] execveat(fd=3) <memfd>
[140] execve 
[140] openat /etc/ld.so.cache
[140] openat /etc/ld.so.cache
[140] openat /lib/x86_64-linux-gnu/libc.so.6
[140] openat /lib/x86_64-linux-gnu/libc.so.6
[141] execveat(fd=3) <memfd>
[141] execve 
[141] openat /etc/ld.so.cache
[141] openat /etc/ld.so.cache
[141] openat /lib/x86_64-linux-gnu/libc.so.6
[141] openat /lib/x86_64-linux-gnu/libc.so.6
[142] execveat(fd=3) <memfd>
[142] execve 
[142] openat /etc/ld.so.cache
[142] openat /etc/ld.so.cache
[142] openat /lib/x86_64-linux-gnu/libc.so.6
[142] openat /lib/x86_64-linux-gnu/libc.so.6
[143] execveat(fd=3) <memfd>
[143] execve 
[143] openat /etc/ld.so.cache
[143] openat /etc/ld.so.cache
[143] openat /lib/x86_64-linux-gnu/libc.so.6
[143] openat /lib/x86_64-linux-gnu/libc.so.6
[144] execveat(fd=3) <memfd>
[144] execve 
[144] openat /etc/ld.so.cache
[144] openat /etc/ld.so.cache
[144] openat /lib/x86_64-linux-gnu/libc.so.6
[144] openat /lib/x86_64-linux-gnu/libc.so.6
[145] execveat(fd=3) <memfd>
[145] execve 
[145] openat /etc/ld.so.cache
[145] openat /etc/ld.so.cache
[145] openat /lib/x86_64-linux-gnu/libc.so.6
[145] openat /lib/x86_64-linux-gnu/libc.so.6
[146] execveat(fd=3) <memfd>
[146] execve 
[146] openat /etc/ld.so.cache
[146] openat /etc/ld.so.cache
[146] openat /lib/x86_64-linux-gnu/libc.so.6
[146] openat /lib/x86_64-linux-gnu/libc.so.6
[147] execveat(fd=3) <memfd>
[147] execve 
[147] openat /etc/ld.so.cache
[147] openat /etc/ld.so.cache
[147] openat /lib/x86_64-linux-gnu/libc.so.6
[147] openat /lib/x86_64-linux-gnu/libc.so.6
[148] execveat(fd=3) <memfd>
[148] execve 
[148] openat /etc/ld.so.cache
[148] openat /etc/ld.so.cache
[148] openat /lib/x86_64-linux-gnu/libc.so.6
[148] openat /lib/x86_64-linux-gnu/libc.so.6
[149] execveat(fd=3) <memfd>
[149] execve 
[149] openat /etc/ld.so.cache
[149] openat /etc/ld.so.cache
[149] openat /lib/x86_64-linux-gnu/libc.so.6
[149] openat /lib/x86_64-linux-gnu/libc.so.6
[150] execveat(fd=3) <memfd>
[150] execve 
[150] openat /etc/ld.so.cache
[150] openat /etc/ld.so.cache
[150] openat /lib/x86_64-linux-gnu/libc.so.6
[150] openat /lib/x86_64-linux-gnu/libc.so.6
[151] execveat(fd=3) <memfd>
[151] execve 
[151] openat /etc/ld.so.cache
[151] openat /etc/ld.so.cache
[151] openat /lib/x86_64-linux-gnu/libc.so.6
[151] openat /lib/x86_64-linux-gnu/libc.so.6
[152] execveat(fd=3) <memfd>
[152] execve 
[152] openat /etc/ld.so.cache
[152] openat /etc/ld.so.cache
[152] openat /lib/x86_64-linux-gnu/libc.so.6
[152] openat /lib/x86_64-linux-gnu/libc.so.6
[153] execveat(fd=3) <memfd>
[153] execve 
[153] openat /etc/ld.so.cache
[153] openat /etc/ld.so.cache
[153] openat /lib/x86_64-linux-gnu/libc.so.6
[153] openat /lib/x86_64-linux-gnu/libc.so.6
[154] execveat(fd=3) <memfd>
[154] execve 
[154] openat /etc/ld.so.cache
[154] openat /etc/ld.so.cache
[154] openat /lib/x86_64-linux-gnu/libc.so.6
[154] openat /lib/x86_64-linux-gnu/libc.so.6
[155] execveat(fd=3) <memfd>
[155] execve 
[155] openat /etc/ld.so.cache
[155] openat /etc/ld.so.cache
[155] openat /lib/x86_64-linux-gnu/libc.so.6
[155] openat /lib/x86_64-linux-gnu/libc.so.6
[156] execveat(fd=3) <memfd>
[156] execve 
[156] openat /etc/ld.so.cache
[156] openat /etc/ld.so.cache
[156] openat /lib/x86_64-linux-gnu/libc.so.6
[156] openat /lib/x86_64-linux-gnu/libc.so.6
[157] execveat(fd=3) <memfd>
[157] execve 
[157] openat /etc/ld.so.cache
[157] openat /etc/ld.so.cache
[157] openat /lib/x86_64-linux-gnu/libc.so.6
[157] openat /lib/x86_64-linux-gnu/libc.so.6
[158] execveat(fd=3) <memfd>
[158] execve 
[158] openat /etc/ld.so.cache
[158] openat /etc/ld.so.cache
[158] openat /lib/x86_64-linux-gnu/libc.so.6
[158] openat /lib/x86_64-linux-gnu/libc.so.6
[159] execveat(fd=3) <memfd>
[159] execve 
[159] openat /etc/ld.so.cache
[159] openat /etc/ld.so.cache
[159] openat /lib/x86_64-linux-gnu/libc.so.6
[159] openat /lib/x86_64-linux-gnu/libc.so.6
[160] execveat(fd=3) <memfd>
[160] execve 
[160] openat /etc/ld.so.cache
[160] openat /etc/ld.so.cache
[160] openat /lib/x86_64-linux-gnu/libc.so.6
[160] openat /lib/x86_64-linux-gnu/libc.so.6
[161] execveat(fd=3) <memfd>
[161] execve 
[161] openat /etc/ld.so.cache
[161] openat /etc/ld.so.cache
[161] openat /lib/x86_64-linux-gnu/libc.so.6
[161] openat /lib/x86_64-linux-gnu/libc.so.6
[162] execveat(fd=3) <memfd>
[162] execve 
[162] openat /etc/ld.so.cache
[162] openat /etc/ld.so.cache
[162] openat /lib/x86_64-linux-gnu/libc.so.6
[162] openat /lib/x86_64-linux-gnu/libc.so.6
[163] execveat(fd=3) <memfd>
[163] execve 
[163] openat /etc/ld.so.cache
[163] openat /etc/ld.so.cache
[163] openat /lib/x86_64-linux-gnu/libc.so.6
[163] openat /lib/x86_64-linux-gnu/libc.so.6
[164] execveat(fd=3) <memfd>
[164] execve 
[164] openat /etc/ld.so.cache
[164] openat /etc/ld.so.cache
[164] openat /lib/x86_64-linux-gnu/libc.so.6
[164] openat /lib/x86_64-linux-gnu/libc.so.6
[165] execveat(fd=3) <memfd>
[165] execve 
[165] openat /etc/ld.so.cache
[165] openat /etc/ld.so.cache
[165] openat /lib/x86_64-linux-gnu/libc.so.6
[165] openat /lib/x86_64-linux-gnu/libc.so.6
[166] execveat(fd=3) <memfd>
[166] execve 
[166] openat /etc/ld.so.cache
[166] openat /etc/ld.so.cache
[166] openat /lib/x86_64-linux-gnu/libc.so.6
[166] openat /lib/x86_64-linux-gnu/libc.so.6
[167] execveat(fd=3) <memfd>
[167] execve 
[167] openat /etc/ld.so.cache
[167] openat /etc/ld.so.cache
[167] openat /lib/x86_64-linux-gnu/libc.so.6
[167] openat /lib/x86_64-linux-gnu/libc.so.6
[168] execveat(fd=3) <memfd>
[168] execve 
[168] openat /etc/ld.so.cache
[168] openat /etc/ld.so.cache
[168] openat /lib/x86_64-linux-gnu/libc.so.6
[168] openat /lib/x86_64-linux-gnu/libc.so.6
[169] execveat(fd=3) <memfd>
[169] execve 
[169] openat /etc/ld.so.cache
[169] openat /etc/ld.so.cache
[169] openat /lib/x86_64-linux-gnu/libc.so.6
[169] openat /lib/x86_64-linux-gnu/libc.so.6
[170] execveat(fd=3) <memfd>
[170] execve 
[170] openat /etc/ld.so.cache
[170] openat /etc/ld.so.cache
[170] openat /lib/x86_64-linux-gnu/libc.so.6
[170] openat /lib/x86_64-linux-gnu/libc.so.6
[171] execveat(fd=3) <memfd>
[171] execve 
[171] openat /etc/ld.so.cache
[171] openat /etc/ld.so.cache
[171] openat /lib/x86_64-linux-gnu/libc.so.6
[171] openat /lib/x86_64-linux-gnu/libc.so.6
[172] execveat(fd=3) <memfd>
[172] execve 
[172] openat /etc/ld.so.cache
[172] openat /etc/ld.so.cache
[172] openat /lib/x86_64-linux-gnu/libc.so.6
[172] openat /lib/x86_64-linux-gnu/libc.so.6
[173] execveat(fd=3) <memfd>
[173] execve 
[173] openat /etc/ld.so.cache
[173] openat /etc/ld.so.cache
[173] openat /lib/x86_64-linux-gnu/libc.so.6
[173] openat /lib/x86_64-linux-gnu/libc.so.6
[174] execveat(fd=3) <memfd>
[174] execve 
[174] openat /etc/ld.so.cache
[174] openat /etc/ld.so.cache
[174] openat /lib/x86_64-linux-gnu/libc.so.6
[174] openat /lib/x86_64-linux-gnu/libc.so.6
[175] execveat(fd=3) <memfd>
[175] execve 
[175] openat /etc/ld.so.cache
[175] openat /etc/ld.so.cache
[175] openat /lib/x86_64-linux-gnu/libc.so.6
[175] openat /lib/x86_64-linux-gnu/libc.so.6
[176] execveat(fd=3) <memfd>
[176] execve 
[176] openat /etc/ld.so.cache
[176] openat /etc/ld.so.cache
[176] openat /lib/x86_64-linux-gnu/libc.so.6
[176] openat /lib/x86_64-linux-gnu/libc.so.6
[177] execveat(fd=3) <memfd>
[177] execve 
[177] openat /etc/ld.so.cache
[177] openat /etc/ld.so.cache
[177] openat /lib/x86_64-linux-gnu/libc.so.6
[177] openat /lib/x86_64-linux-gnu/libc.so.6
[178] execveat(fd=3) <memfd>
[178] execve 
[178] openat /etc/ld.so.cache
[178] openat /etc/ld.so.cache
[178] openat /lib/x86_64-linux-gnu/libc.so.6
[178] openat /lib/x86_64-linux-gnu/libc.so.6
[179] execveat(fd=3) <memfd>
[179] execve 
[179] openat /etc/ld.so.cache
[179] openat /etc/ld.so.cache
[179] openat /lib/x86_64-linux-gnu/libc.so.6
[179] openat /lib/x86_64-linux-gnu/libc.so.6
[180] execveat(fd=3) <memfd>
[180] execve 
[180] openat /etc/ld.so.cache
[180] openat /etc/ld.so.cache
[180] openat /lib/x86_64-linux-gnu/libc.so.6
[180] openat /lib/x86_64-linux-gnu/libc.so.6
[181] execveat(fd=3) <memfd>
[181] execve 
[181] openat /etc/ld.so.cache
[181] openat /etc/ld.so.cache
[181] openat /lib/x86_64-linux-gnu/libc.so.6
[181] openat /lib/x86_64-linux-gnu/libc.so.6
[182] execveat(fd=3) <memfd>
[182] execve 
[182] openat /etc/ld.so.cache
[182] openat /etc/ld.so.cache
[182] openat /lib/x86_64-linux-gnu/libc.so.6
[182] openat /lib/x86_64-linux-gnu/libc.so.6
[183] execveat(fd=3) <memfd>
[183] execve 
[183] openat /etc/ld.so.cache
[183] openat /etc/ld.so.cache
[183] openat /lib/x86_64-linux-gnu/libc.so.6
[183] openat /lib/x86_64-linux-gnu/libc.so.6
[184] execveat(fd=3) <memfd>
[184] execve 
[184] openat /etc/ld.so.cache
[184] openat /etc/ld.so.cache
[184] openat /lib/x86_64-linux-gnu/libc.so.6
[184] openat /lib/x86_64-linux-gnu/libc.so.6
[185] execveat(fd=3) <memfd>
[185] execve 
[185] openat /etc/ld.so.cache
[185] openat /etc/ld.so.cache
[185] openat /lib/x86_64-linux-gnu/libc.so.6
[185] openat /lib/x86_64-linux-gnu/libc.so.6
[186] execveat(fd=3) <memfd>
[186] execve 
[186] openat /etc/ld.so.cache
[186] openat /etc/ld.so.cache
[186] openat /lib/x86_64-linux-gnu/libc.so.6
[186] openat /lib/x86_64-linux-gnu/libc.so.6
[187] execveat(fd=3) <memfd>
[187] execve 
[187] openat /etc/ld.so.cache
[187] openat /etc/ld.so.cache
[187] openat /lib/x86_64-linux-gnu/libc.so.6
[187] openat /lib/x86_64-linux-gnu/libc.so.6
[188] execveat(fd=3) <memfd>
[188] execve 
[188] openat /etc/ld.so.cache
[188] openat /etc/ld.so.cache
[188] openat /lib/x86_64-linux-gnu/libc.so.6
[188] openat /lib/x86_64-linux-gnu/libc.so.6
[189] execveat(fd=3) <memfd>
[189] execve 
[189] openat /etc/ld.so.cache
[189] openat /etc/ld.so.cache
[189] openat /lib/x86_64-linux-gnu/libc.so.6
[189] openat /lib/x86_64-linux-gnu/libc.so.6
[190] execveat(fd=3) <memfd>
[190] execve 
[190] openat /etc/ld.so.cache
[190] openat /etc/ld.so.cache
[190] openat /lib/x86_64-linux-gnu/libc.so.6
[190] openat /lib/x86_64-linux-gnu/libc.so.6
[191] execveat(fd=3) <memfd>
[191] execve 
[191] openat /etc/ld.so.cache
[191] openat /etc/ld.so.cache
[191] openat /lib/x86_64-linux-gnu/libc.so.6
[191] openat /lib/x86_64-linux-gnu/libc.so.6
[192] execveat(fd=3) <memfd>
[192] execve 
[192] openat /etc/ld.so.cache
[192] openat /etc/ld.so.cache
[192] openat /lib/x86_64-linux-gnu/libc.so.6
[192] openat /lib/x86_64-linux-gnu/libc.so.6
[193] execveat(fd=3) <memfd>
[193] execve 
[193] openat /etc/ld.so.cache
[193] openat /etc/ld.so.cache
[193] openat /lib/x86_64-linux-gnu/libc.so.6
[193] openat /lib/x86_64-linux-gnu/libc.so.6
[194] execveat(fd=3) <memfd>
[194] execve 
[194] openat /etc/ld.so.cache
[194] openat /etc/ld.so.cache
[194] openat /lib/x86_64-linux-gnu/libc.so.6
[194] openat /lib/x86_64-linux-gnu/libc.so.6
[195] execveat(fd=3) <memfd>
[195] execve 
[195] openat /etc/ld.so.cache
[195] openat /etc/ld.so.cache
[195] openat /lib/x86_64-linux-gnu/libc.so.6
[195] openat /lib/x86_64-linux-gnu/libc.so.6
[196] execveat(fd=3) <memfd>
[196] execve 
[196] openat /etc/ld.so.cache
[196] openat /etc/ld.so.cache
[196] openat /lib/x86_64-linux-gnu/libc.so.6
[196] openat /lib/x86_64-linux-gnu/libc.so.6
[197] execveat(fd=3) <memfd>
[197] execve 
[197] openat /etc/ld.so.cache
[197] openat /etc/ld.so.cache
[197] openat /lib/x86_64-linux-gnu/libc.so.6
[197] openat /lib/x86_64-linux-gnu/libc.so.6
[198] execveat(fd=3) <memfd>
[198] execve 
[198] openat /etc/ld.so.cache
[198] openat /etc/ld.so.cache
[198] openat /lib/x86_64-linux-gnu/libc.so.6
[198] openat /lib/x86_64-linux-gnu/libc.so.6
[199] execveat(fd=3) <memfd>
[199] execve 
[199] openat /etc/ld.so.cache
[199] openat /etc/ld.so.cache
[199] openat /lib/x86_64-linux-gnu/libc.so.6
[199] openat /lib/x86_64-linux-gnu/libc.so.6
[200] execveat(fd=3) <memfd>
[200] execve 
[200] openat /etc/ld.so.cache
[200] openat /etc/ld.so.cache
[200] openat /lib/x86_64-linux-gnu/libc.so.6
[200] openat /lib/x86_64-linux-gnu/libc.so.6
[201] execveat(fd=3) <memfd>
[201] execve 
[201] openat /etc/ld.so.cache
[201] openat /etc/ld.so.cache
[201] openat /lib/x86_64-linux-gnu/libc.so.6
[201] openat /lib/x86_64-linux-gnu/libc.so.6
[202] execveat(fd=3) <memfd>
[202] execve 
[202] openat /etc/ld.so.cache
[202] openat /etc/ld.so.cache
[202] openat /lib/x86_64-linux-gnu/libc.so.6
[202] openat /lib/x86_64-linux-gnu/libc.so.6
[203] execveat(fd=3) <memfd>
[203] execve 
[203] openat /etc/ld.so.cache
[203] openat /etc/ld.so.cache
[203] openat /lib/x86_64-linux-gnu/libc.so.6
[203] openat /lib/x86_64-linux-gnu/libc.so.6
[204] execveat(fd=3) <memfd>
[204] execve 
[204] openat /etc/ld.so.cache
[204] openat /etc/ld.so.cache
[204] openat /lib/x86_64-linux-gnu/libc.so.6
[204] openat /lib/x86_64-linux-gnu/libc.so.6
[205] execveat(fd=3) <memfd>
[205] execve 
[205] openat /etc/ld.so.cache
[205] openat /etc/ld.so.cache
[205] openat /lib/x86_64-linux-gnu/libc.so.6
[205] openat /lib/x86_64-linux-gnu/libc.so.6
[206] execveat(fd=3) <memfd>
[206] execve 
[206] openat /etc/ld.so.cache
[206] openat /etc/ld.so.cache
[206] openat /lib/x86_64-linux-gnu/libc.so.6
[206] openat /lib/x86_64-linux-gnu/libc.so.6
[207] execveat(fd=3) <memfd>
[207] execve 
[207] openat /etc/ld.so.cache
[207] openat /etc/ld.so.cache
[207] openat /lib/x86_64-linux-gnu/libc.so.6
[207] openat /lib/x86_64-linux-gnu/libc.so.6
[208] execveat(fd=3) <memfd>
[208] execve 
[208] openat /etc/ld.so.cache
[208] openat /etc/ld.so.cache
[208] openat /lib/x86_64-linux-gnu/libc.so.6
[208] openat /lib/x86_64-linux-gnu/libc.so.6
[209] execveat(fd=3) <memfd>
[209] execve 
[209] openat /etc/ld.so.cache
[209] openat /etc/ld.so.cache
[209] openat /lib/x86_64-linux-gnu/libc.so.6
[209] openat /lib/x86_64-linux-gnu/libc.so.6
[210] execveat(fd=3) <memfd>
[210] execve 
[210] openat /etc/ld.so.cache
[210] openat /etc/ld.so.cache
[210] openat /lib/x86_64-linux-gnu/libc.so.6
[210] openat /lib/x86_64-linux-gnu/libc.so.6
[211] execveat(fd=3) <memfd>
[211] execve 
[211] openat /etc/ld.so.cache
[211] openat /etc/ld.so.cache
[211] openat /lib/x86_64-linux-gnu/libc.so.6
[211] openat /lib/x86_64-linux-gnu/libc.so.6
[212] execveat(fd=3) <memfd>
[212] execve 
[212] openat /etc/ld.so.cache
[212] openat /etc/ld.so.cache
[212] openat /lib/x86_64-linux-gnu/libc.so.6
[212] openat /lib/x86_64-linux-gnu/libc.so.6
[213] execveat(fd=3) <memfd>
[213] execve 
[213] openat /etc/ld.so.cache
[213] openat /etc/ld.so.cache
[213] openat /lib/x86_64-linux-gnu/libc.so.6
[213] openat /lib/x86_64-linux-gnu/libc.so.6
[214] execveat(fd=3) <memfd>
[214] execve 
[214] openat /etc/ld.so.cache
[214] openat /etc/ld.so.cache
[214] openat /lib/x86_64-linux-gnu/libc.so.6
[214] openat /lib/x86_64-linux-gnu/libc.so.6
[215] execveat(fd=3) <memfd>
[215] execve 
[215] openat /etc/ld.so.cache
[215] openat /etc/ld.so.cache
[215] openat /lib/x86_64-linux-gnu/libc.so.6
[215] openat /lib/x86_64-linux-gnu/libc.so.6
[216] execveat(fd=3) <memfd>
[216] execve 
[216] openat /etc/ld.so.cache
[216] openat /etc/ld.so.cache
[216] openat /lib/x86_64-linux-gnu/libc.so.6
[216] openat /lib/x86_64-linux-gnu/libc.so.6
[217] execveat(fd=3) <memfd>
[217] execve 
[217] openat /etc/ld.so.cache
[217] openat /etc/ld.so.cache
[217] openat /lib/x86_64-linux-gnu/libc.so.6
[217] openat /lib/x86_64-linux-gnu/libc.so.6
[218] execveat(fd=3) <memfd>
[218] execve 
[218] openat /etc/ld.so.cache
[218] openat /etc/ld.so.cache
[218] openat /lib/x86_64-linux-gnu/libc.so.6
[218] openat /lib/x86_64-linux-gnu/libc.so.6
[219] execveat(fd=3) <memfd>
[219] execve 
[219] openat /etc/ld.so.cache
[219] openat /etc/ld.so.cache
[219] openat /lib/x86_64-linux-gnu/libc.so.6
[219] openat /lib/x86_64-linux-gnu/libc.so.6
[220] execveat(fd=3) <memfd>
[220] execve 
[220] openat /etc/ld.so.cache
[220] openat /etc/ld.so.cache
[220] openat /lib/x86_64-linux-gnu/libc.so.6
[220] openat /lib/x86_64-linux-gnu/libc.so.6
[221] execveat(fd=3) <memfd>
[221] execve 
[221] openat /etc/ld.so.cache
[221] openat /etc/ld.so.cache
[221] openat /lib/x86_64-linux-gnu/libc.so.6
[221] openat /lib/x86_64-linux-gnu/libc.so.6
[222] execveat(fd=3) <memfd>
[222] execve 
[222] openat /etc/ld.so.cache
[222] openat /etc/ld.so.cache
[222] openat /lib/x86_64-linux-gnu/libc.so.6
[222] openat /lib/x86_64-linux-gnu/libc.so.6
[223] execveat(fd=3) <memfd>
[223] execve 
[223] openat /etc/ld.so.cache
[223] openat /etc/ld.so.cache
[223] openat /lib/x86_64-linux-gnu/libc.so.6
[223] openat /lib/x86_64-linux-gnu/libc.so.6
[224] execveat(fd=3) <memfd>
[224] execve 
[224] openat /etc/ld.so.cache
[224] openat /etc/ld.so.cache
[224] openat /lib/x86_64-linux-gnu/libc.so.6
[224] openat /lib/x86_64-linux-gnu/libc.so.6
[225] execveat(fd=3) <memfd>
[225] execve 
[225] openat /etc/ld.so.cache
[225] openat /etc/ld.so.cache
[225] openat /lib/x86_64-linux-gnu/libc.so.6
[225] openat /lib/x86_64-linux-gnu/libc.so.6
[226] execveat(fd=3) <memfd>
[226] execve 
[226] openat /etc/ld.so.cache
[226] openat /etc/ld.so.cache
[226] openat /lib/x86_64-linux-gnu/libc.so.6
[226] openat /lib/x86_64-linux-gnu/libc.so.6
[227] execveat(fd=3) <memfd>
[227] execve 
[227] openat /etc/ld.so.cache
[227] openat /etc/ld.so.cache
[227] openat /lib/x86_64-linux-gnu/libc.so.6
[227] openat /lib/x86_64-linux-gnu/libc.so.6
[228] execveat(fd=3) <memfd>
[228] execve 
[228] openat /etc/ld.so.cache
[228] openat /etc/ld.so.cache
[228] openat /lib/x86_64-linux-gnu/libc.so.6
[228] openat /lib/x86_64-linux-gnu/libc.so.6
[229] execveat(fd=3) <memfd>
[229] execve 
[229] openat /etc/ld.so.cache
[229] openat /etc/ld.so.cache
[229] openat /lib/x86_64-linux-gnu/libc.so.6
[229] openat /lib/x86_64-linux-gnu/libc.so.6
[230] execveat(fd=3) <memfd>
[230] execve 
[230] openat /etc/ld.so.cache
[230] openat /etc/ld.so.cache
[230] openat /lib/x86_64-linux-gnu/libc.so.6
[230] openat /lib/x86_64-linux-gnu/libc.so.6
[231] execveat(fd=3) <memfd>
[231] execve 
[231] openat /etc/ld.so.cache
[231] openat /etc/ld.so.cache
[231] openat /lib/x86_64-linux-gnu/libc.so.6
[231] openat /lib/x86_64-linux-gnu/libc.so.6
[232] execveat(fd=3) <memfd>
[232] execve 
[232] openat /etc/ld.so.cache
[232] openat /etc/ld.so.cache
[232] openat /lib/x86_64-linux-gnu/libc.so.6
[232] openat /lib/x86_64-linux-gnu/libc.so.6
[233] execveat(fd=3) <memfd>
[233] execve 
[233] openat /etc/ld.so.cache
[233] openat /etc/ld.so.cache
[233] openat /lib/x86_64-linux-gnu/libc.so.6
[233] openat /lib/x86_64-linux-gnu/libc.so.6
[234] execveat(fd=3) <memfd>
[234] execve 
[234] openat /etc/ld.so.cache
[234] openat /etc/ld.so.cache
[234] openat /lib/x86_64-linux-gnu/libc.so.6
[234] openat /lib/x86_64-linux-gnu/libc.so.6
[235] execveat(fd=3) <memfd>
[235] execve 
[235] openat /etc/ld.so.cache
[235] openat /etc/ld.so.cache
[235] openat /lib/x86_64-linux-gnu/libc.so.6
[235] openat /lib/x86_64-linux-gnu/libc.so.6
[236] execveat(fd=3) <memfd>
[236] execve 
[236] openat /etc/ld.so.cache
[236] openat /etc/ld.so.cache
[236] openat /lib/x86_64-linux-gnu/libc.so.6
[236] openat /lib/x86_64-linux-gnu/libc.so.6
[237] execveat(fd=3) <memfd>
[237] execve 
[237] openat /etc/ld.so.cache
[237] openat /etc/ld.so.cache
[237] openat /lib/x86_64-linux-gnu/libc.so.6
[237] openat /lib/x86_64-linux-gnu/libc.so.6
[238] execveat(fd=3) <memfd>
[238] execve 
[238] openat /etc/ld.so.cache
[238] openat /etc/ld.so.cache
[238] openat /lib/x86_64-linux-gnu/libc.so.6
[238] openat /lib/x86_64-linux-gnu/libc.so.6
[239] execveat(fd=3) <memfd>
[239] execve 
[239] openat /etc/ld.so.cache
[239] openat /etc/ld.so.cache
[239] openat /lib/x86_64-linux-gnu/libc.so.6
[239] openat /lib/x86_64-linux-gnu/libc.so.6
[240] execveat(fd=3) <memfd>
[240] execve 
[240] openat /etc/ld.so.cache
[240] openat /etc/ld.so.cache
[240] openat /lib/x86_64-linux-gnu/libc.so.6
[240] openat /lib/x86_64-linux-gnu/libc.so.6
[241] execveat(fd=3) <memfd>
[241] execve 
[241] openat /etc/ld.so.cache
[241] openat /etc/ld.so.cache
[241] openat /lib/x86_64-linux-gnu/libc.so.6
[241] openat /lib/x86_64-linux-gnu/libc.so.6
[242] execveat(fd=3) <memfd>
[242] execve 
[242] openat /etc/ld.so.cache
[242] openat /etc/ld.so.cache
[242] openat /lib/x86_64-linux-gnu/libc.so.6
[242] openat /lib/x86_64-linux-gnu/libc.so.6
[243] execveat(fd=3) <memfd>
[243] execve 
[243] openat /etc/ld.so.cache
[243] openat /etc/ld.so.cache
[243] openat /lib/x86_64-linux-gnu/libc.so.6
[243] openat /lib/x86_64-linux-gnu/libc.so.6
[244] execveat(fd=3) <memfd>
[244] execve 
[244] openat /etc/ld.so.cache
[244] openat /etc/ld.so.cache
[244] openat /lib/x86_64-linux-gnu/libc.so.6
[244] openat /lib/x86_64-linux-gnu/libc.so.6
[245] execveat(fd=3) <memfd>
[245] execve 
[245] openat /etc/ld.so.cache
[245] openat /etc/ld.so.cache
[245] openat /lib/x86_64-linux-gnu/libc.so.6
[245] openat /lib/x86_64-linux-gnu/libc.so.6
[246] execveat(fd=3) <memfd>
[246] execve 
[246] openat /etc/ld.so.cache
[246] openat /etc/ld.so.cache
[246] openat /lib/x86_64-linux-gnu/libc.so.6
[246] openat /lib/x86_64-linux-gnu/libc.so.6
[247] execveat(fd=3) <memfd>
[247] execve 
[247] openat /etc/ld.so.cache
[247] openat /etc/ld.so.cache
[247] openat /lib/x86_64-linux-gnu/libc.so.6
[247] openat /lib/x86_64-linux-gnu/libc.so.6
[248] execveat(fd=3) <memfd>
[248] execve 
[248] openat /etc/ld.so.cache
[248] openat /etc/ld.so.cache
[248] openat /lib/x86_64-linux-gnu/libc.so.6
[248] openat /lib/x86_64-linux-gnu/libc.so.6
[249] execveat(fd=3) <memfd>
[249] execve 
[249] openat /etc/ld.so.cache
[249] openat /etc/ld.so.cache
[249] openat /lib/x86_64-linux-gnu/libc.so.6
[249] openat /lib/x86_64-linux-gnu/libc.so.6
[250] execveat(fd=3) <memfd>
[250] execve 
[250] openat /etc/ld.so.cache
[250] openat /etc/ld.so.cache
[250] openat /lib/x86_64-linux-gnu/libc.so.6
[250] openat /lib/x86_64-linux-gnu/libc.so.6
[251] execveat(fd=3) <memfd>
[251] execve 
[251] openat /etc/ld.so.cache
[251] openat /etc/ld.so.cache
[251] openat /lib/x86_64-linux-gnu/libc.so.6
[251] openat /lib/x86_64-linux-gnu/libc.so.6
[252] execveat(fd=3) <memfd>
[252] execve 
[252] openat /etc/ld.so.cache
[252] openat /etc/ld.so.cache
[252] openat /lib/x86_64-linux-gnu/libc.so.6
[252] openat /lib/x86_64-linux-gnu/libc.so.6
[253] execveat(fd=3) <memfd>
[253] execve 
[253] openat /etc/ld.so.cache
[253] openat /etc/ld.so.cache
[253] openat /lib/x86_64-linux-gnu/libc.so.6
[253] openat /lib/x86_64-linux-gnu/libc.so.6
[254] execveat(fd=3) <memfd>
[254] execve 
[254] openat /etc/ld.so.cache
[254] openat /etc/ld.so.cache
[254] openat /lib/x86_64-linux-gnu/libc.so.6
[254] openat /lib/x86_64-linux-gnu/libc.so.6
[255] execveat(fd=3) <memfd>
[255] execve 
[255] openat /etc/ld.so.cache
[255] openat /etc/ld.so.cache
[255] openat /lib/x86_64-linux-gnu/libc.so.6
[255] openat /lib/x86_64-linux-gnu/libc.so.6
[256] execveat(fd=3) <memfd>
[256] execve 
[256] openat /etc/ld.so.cache
[256] openat /etc/ld.so.cache
[256] openat /lib/x86_64-linux-gnu/libc.so.6
[256] openat /lib/x86_64-linux-gnu/libc.so.6
[257] execveat(fd=3) <memfd>
[257] execve 
[257] openat /etc/ld.so.cache
[257] openat /etc/ld.so.cache
[257] openat /lib/x86_64-linux-gnu/libc.so.6
[257] openat /lib/x86_64-linux-gnu/libc.so.6
[258] execveat(fd=3) <memfd>
[258] execve 
[258] openat /etc/ld.so.cache
[258] openat /etc/ld.so.cache
[258] openat /lib/x86_64-linux-gnu/libc.so.6
[258] openat /lib/x86_64-linux-gnu/libc.so.6
[259] execveat(fd=3) <memfd>
[259] execve 
[259] openat /etc/ld.so.cache
[259] openat /etc/ld.so.cache
[259] openat /lib/x86_64-linux-gnu/libc.so.6
[259] openat /lib/x86_64-linux-gnu/libc.so.6
[260] execveat(fd=3) <memfd>
[260] execve 
[260] openat /etc/ld.so.cache
[260] openat /etc/ld.so.cache
[260] openat /lib/x86_64-linux-gnu/libc.so.6
[260] openat /lib/x86_64-linux-gnu/libc.so.6
[261] execveat(fd=3) <memfd>
[261] execve 
[261] openat /etc/ld.so.cache
[261] openat /etc/ld.so.cache
[261] openat /lib/x86_64-linux-gnu/libc.so.6
[261] openat /lib/x86_64-linux-gnu/libc.so.6
[262] execveat(fd=3) <memfd>
[262] execve 
[262] openat /etc/ld.so.cache
[262] openat /etc/ld.so.cache
[262] openat /lib/x86_64-linux-gnu/libc.so.6
[262] openat /lib/x86_64-linux-gnu/libc.so.6
[263] execveat(fd=3) <memfd>
[263] execve 
[263] openat /etc/ld.so.cache
[263] openat /etc/ld.so.cache
[263] openat /lib/x86_64-linux-gnu/libc.so.6
[263] openat /lib/x86_64-linux-gnu/libc.so.6
[264] execveat(fd=3) <memfd>
[264] execve 
[264] openat /etc/ld.so.cache
[264] openat /etc/ld.so.cache
[264] openat /lib/x86_64-linux-gnu/libc.so.6
[264] openat /lib/x86_64-linux-gnu/libc.so.6
[265] execveat(fd=3) <memfd>
[265] execve 
[265] openat /etc/ld.so.cache
[265] openat /etc/ld.so.cache
[265] openat /lib/x86_64-linux-gnu/libc.so.6
[265] openat /lib/x86_64-linux-gnu/libc.so.6
[266] execveat(fd=3) <memfd>
[266] execve 
[266] openat /etc/ld.so.cache
[266] openat /etc/ld.so.cache
[266] openat /lib/x86_64-linux-gnu/libc.so.6
[266] openat /lib/x86_64-linux-gnu/libc.so.6
[267] execveat(fd=3) <memfd>
[267] execve 
[267] openat /etc/ld.so.cache
[267] openat /etc/ld.so.cache
[267] openat /lib/x86_64-linux-gnu/libc.so.6
[267] openat /lib/x86_64-linux-gnu/libc.so.6
[268] execveat(fd=3) <memfd>
[268] execve 
[268] openat /etc/ld.so.cache
[268] openat /etc/ld.so.cache
[268] openat /lib/x86_64-linux-gnu/libc.so.6
[268] openat /lib/x86_64-linux-gnu/libc.so.6
[269] execveat(fd=3) <memfd>
[269] execve 
[269] openat /etc/ld.so.cache
[269] openat /etc/ld.so.cache
[269] openat /lib/x86_64-linux-gnu/libc.so.6
[269] openat /lib/x86_64-linux-gnu/libc.so.6
[270] execveat(fd=3) <memfd>
[270] execve 
[270] openat /etc/ld.so.cache
[270] openat /etc/ld.so.cache
[270] openat /lib/x86_64-linux-gnu/libc.so.6
[270] openat /lib/x86_64-linux-gnu/libc.so.6
[271] execveat(fd=3) <memfd>
[271] execve 
[271] openat /etc/ld.so.cache
[271] openat /etc/ld.so.cache
[271] openat /lib/x86_64-linux-gnu/libc.so.6
[271] openat /lib/x86_64-linux-gnu/libc.so.6
[272] execveat(fd=3) <memfd>
[272] execve 
[272] openat /etc/ld.so.cache
[272] openat /etc/ld.so.cache
[272] openat /lib/x86_64-linux-gnu/libc.so.6
[272] openat /lib/x86_64-linux-gnu/libc.so.6
[273] execveat(fd=3) <memfd>
[273] execve 
[273] openat /etc/ld.so.cache
[273] openat /etc/ld.so.cache
[273] openat /lib/x86_64-linux-gnu/libc.so.6
[273] openat /lib/x86_64-linux-gnu/libc.so.6
[274] execveat(fd=3) <memfd>
[274] execve 
[274] openat /etc/ld.so.cache
[274] openat /etc/ld.so.cache
[274] openat /lib/x86_64-linux-gnu/libc.so.6
[274] openat /lib/x86_64-linux-gnu/libc.so.6
[275] execveat(fd=3) <memfd>
[275] execve 
[275] openat /etc/ld.so.cache
[275] openat /etc/ld.so.cache
[275] openat /lib/x86_64-linux-gnu/libc.so.6
[275] openat /lib/x86_64-linux-gnu/libc.so.6
[276] execveat(fd=3) <memfd>
[276] execve 
[276] openat /etc/ld.so.cache
[276] openat /etc/ld.so.cache
[276] openat /lib/x86_64-linux-gnu/libc.so.6
[276] openat /lib/x86_64-linux-gnu/libc.so.6
[277] execveat(fd=3) <memfd>
[277] execve 
[277] openat /etc/ld.so.cache
[277] openat /etc/ld.so.cache
[277] openat /lib/x86_64-linux-gnu/libc.so.6
[277] openat /lib/x86_64-linux-gnu/libc.so.6
[278] execveat(fd=3) <memfd>
[278] execve 
[278] openat /etc/ld.so.cache
[278] openat /etc/ld.so.cache
[278] openat /lib/x86_64-linux-gnu/libc.so.6
[278] openat /lib/x86_64-linux-gnu/libc.so.6
[279] execveat(fd=3) <memfd>
[279] execve 
[279] openat /etc/ld.so.cache
[279] openat /etc/ld.so.cache
[279] openat /lib/x86_64-linux-gnu/libc.so.6
[279] openat /lib/x86_64-linux-gnu/libc.so.6
[280] execveat(fd=3) <memfd>
[280] execve 
[280] openat /etc/ld.so.cache
[280] openat /etc/ld.so.cache
[280] openat /lib/x86_64-linux-gnu/libc.so.6
[280] openat /lib/x86_64-linux-gnu/libc.so.6
[281] execveat(fd=3) <memfd>
[281] execve 
[281] openat /etc/ld.so.cache
[281] openat /etc/ld.so.cache
[281] openat /lib/x86_64-linux-gnu/libc.so.6
[281] openat /lib/x86_64-linux-gnu/libc.so.6
[282] execveat(fd=3) <memfd>
[282] execve 
[282] openat /etc/ld.so.cache
[282] openat /etc/ld.so.cache
[282] openat /lib/x86_64-linux-gnu/libc.so.6
[282] openat /lib/x86_64-linux-gnu/libc.so.6
[283] execveat(fd=3) <memfd>
[283] execve 
[283] openat /etc/ld.so.cache
[283] openat /etc/ld.so.cache
[283] openat /lib/x86_64-linux-gnu/libc.so.6
[283] openat /lib/x86_64-linux-gnu/libc.so.6
[284] execveat(fd=3) <memfd>
[284] execve 
[284] openat /etc/ld.so.cache
[284] openat /etc/ld.so.cache
[284] openat /lib/x86_64-linux-gnu/libc.so.6
[284] openat /lib/x86_64-linux-gnu/libc.so.6
[285] execveat(fd=3) <memfd>
[285] execve 
[285] openat /etc/ld.so.cache
[285] openat /etc/ld.so.cache
[285] openat /lib/x86_64-linux-gnu/libc.so.6
[285] openat /lib/x86_64-linux-gnu/libc.so.6
[286] execveat(fd=3) <memfd>
[286] execve 
[286] openat /etc/ld.so.cache
[286] openat /etc/ld.so.cache
[286] openat /lib/x86_64-linux-gnu/libc.so.6
[286] openat /lib/x86_64-linux-gnu/libc.so.6
[287] execveat(fd=3) <memfd>
[287] execve 
[287] openat /etc/ld.so.cache
[287] openat /etc/ld.so.cache
[287] openat /lib/x86_64-linux-gnu/libc.so.6
[287] openat /lib/x86_64-linux-gnu/libc.so.6
[288] execveat(fd=3) <memfd>
[288] execve 
[288] openat /etc/ld.so.cache
[288] openat /etc/ld.so.cache
[288] openat /lib/x86_64-linux-gnu/libc.so.6
[288] openat /lib/x86_64-linux-gnu/libc.so.6
[289] execveat(fd=3) <memfd>
[289] execve 
[289] openat /etc/ld.so.cache
[289] openat /etc/ld.so.cache
[289] openat /lib/x86_64-linux-gnu/libc.so.6
[289] openat /lib/x86_64-linux-gnu/libc.so.6
[290] execveat(fd=3) <memfd>
[290] execve 
[290] openat /etc/ld.so.cache
[290] openat /etc/ld.so.cache
[290] openat /lib/x86_64-linux-gnu/libc.so.6
[290] openat /lib/x86_64-linux-gnu/libc.so.6
[291] execveat(fd=3) <memfd>
[291] execve 
[291] openat /etc/ld.so.cache
[291] openat /etc/ld.so.cache
[291] openat /lib/x86_64-linux-gnu/libc.so.6
[291] openat /lib/x86_64-linux-gnu/libc.so.6
[292] execveat(fd=3) <memfd>
[292] execve 
[292] openat /etc/ld.so.cache
[292] openat /etc/ld.so.cache
[292] openat /lib/x86_64-linux-gnu/libc.so.6
[292] openat /lib/x86_64-linux-gnu/libc.so.6
[293] execveat(fd=3) <memfd>
[293] execve 
[293] openat /etc/ld.so.cache
[293] openat /etc/ld.so.cache
[293] openat /lib/x86_64-linux-gnu/libc.so.6
[293] openat /lib/x86_64-linux-gnu/libc.so.6
[294] execveat(fd=3) <memfd>
[294] execve 
[294] openat /etc/ld.so.cache
[294] openat /etc/ld.so.cache
[294] openat /lib/x86_64-linux-gnu/libc.so.6
[294] openat /lib/x86_64-linux-gnu/libc.so.6
[295] execveat(fd=3) <memfd>
[295] execve 
[295] openat /etc/ld.so.cache
[295] openat /etc/ld.so.cache
[295] openat /lib/x86_64-linux-gnu/libc.so.6
[295] openat /lib/x86_64-linux-gnu/libc.so.6
[296] execveat(fd=3) <memfd>
[296] execve 
[296] openat /etc/ld.so.cache
[296] openat /etc/ld.so.cache
[296] openat /lib/x86_64-linux-gnu/libc.so.6
[296] openat /lib/x86_64-linux-gnu/libc.so.6
[297] execveat(fd=3) <memfd>
[297] execve 
[297] openat /etc/ld.so.cache
[297] openat /etc/ld.so.cache
[297] openat /lib/x86_64-linux-gnu/libc.so.6
[297] openat /lib/x86_64-linux-gnu/libc.so.6
[298] execveat(fd=3) <memfd>
[298] execve 
[298] openat /etc/ld.so.cache
[298] openat /etc/ld.so.cache
[298] openat /lib/x86_64-linux-gnu/libc.so.6
[298] openat /lib/x86_64-linux-gnu/libc.so.6
[299] execveat(fd=3) <memfd>
[299] execve 
[299] openat /etc/ld.so.cache
[299] openat /etc/ld.so.cache
[299] openat /lib/x86_64-linux-gnu/libc.so.6
[299] openat /lib/x86_64-linux-gnu/libc.so.6
[300] execveat(fd=3) <memfd>
[300] execve 
[300] openat /etc/ld.so.cache
[300] openat /etc/ld.so.cache
[300] openat /lib/x86_64-linux-gnu/libc.so.6
[300] openat /lib/x86_64-linux-gnu/libc.so.6
[301] execveat(fd=3) <memfd>
[301] execve 
[301] openat /etc/ld.so.cache
[301] openat /etc/ld.so.cache
[301] openat /lib/x86_64-linux-gnu/libc.so.6
[301] openat /lib/x86_64-linux-gnu/libc.so.6
[302] execveat(fd=3) <memfd>
[302] execve 
[302] openat /etc/ld.so.cache
[302] openat /etc/ld.so.cache
[302] openat /lib/x86_64-linux-gnu/libc.so.6
[302] openat /lib/x86_64-linux-gnu/libc.so.6
[303] execveat(fd=3) <memfd>
[303] execve 
[303] openat /etc/ld.so.cache
[303] openat /etc/ld.so.cache
[303] openat /lib/x86_64-linux-gnu/libc.so.6
[303] openat /lib/x86_64-linux-gnu/libc.so.6
[304] execveat(fd=3) <memfd>
[304] execve 
[304] openat /etc/ld.so.cache
[304] openat /etc/ld.so.cache
[304] openat /lib/x86_64-linux-gnu/libc.so.6
[304] openat /lib/x86_64-linux-gnu/libc.so.6
[305] execveat(fd=3) <memfd>
[305] execve 
[305] openat /etc/ld.so.cache
[305] openat /etc/ld.so.cache
[305] openat /lib/x86_64-linux-gnu/libc.so.6
[305] openat /lib/x86_64-linux-gnu/libc.so.6
[306] execveat(fd=3) <memfd>
[306] execve 
[306] openat /etc/ld.so.cache
[306] openat /etc/ld.so.cache
[306] openat /lib/x86_64-linux-gnu/libc.so.6
[306] openat /lib/x86_64-linux-gnu/libc.so.6
[307] execveat(fd=3) <memfd>
[307] execve 
[307] openat /etc/ld.so.cache
[307] openat /etc/ld.so.cache
[307] openat /lib/x86_64-linux-gnu/libc.so.6
[307] openat /lib/x86_64-linux-gnu/libc.so.6
[308] execveat(fd=3) <memfd>
[308] execve 
[308] openat /etc/ld.so.cache
[308] openat /etc/ld.so.cache
[308] openat /lib/x86_64-linux-gnu/libc.so.6
[308] openat /lib/x86_64-linux-gnu/libc.so.6
[309] execveat(fd=3) <memfd>
[309] execve 
[309] openat /etc/ld.so.cache
[309] openat /etc/ld.so.cache
[309] openat /lib/x86_64-linux-gnu/libc.so.6
[309] openat /lib/x86_64-linux-gnu/libc.so.6
[310] execveat(fd=3) <memfd>
[310] execve 
[310] openat /etc/ld.so.cache
[310] openat /etc/ld.so.cache
[310] openat /lib/x86_64-linux-gnu/libc.so.6
[310] openat /lib/x86_64-linux-gnu/libc.so.6
[311] execveat(fd=3) <memfd>
[311] execve 
[311] openat /etc/ld.so.cache
[311] openat /etc/ld.so.cache
[311] openat /lib/x86_64-linux-gnu/libc.so.6
[311] openat /lib/x86_64-linux-gnu/libc.so.6
[312] execveat(fd=3) <memfd>
[312] execve 
[312] openat /etc/ld.so.cache
[312] openat /etc/ld.so.cache
[312] openat /lib/x86_64-linux-gnu/libc.so.6
[312] openat /lib/x86_64-linux-gnu/libc.so.6
[313] execveat(fd=3) <memfd>
[313] execve 
[313] openat /etc/ld.so.cache
[313] openat /etc/ld.so.cache
[313] openat /lib/x86_64-linux-gnu/libc.so.6
[313] openat /lib/x86_64-linux-gnu/libc.so.6
[314] execveat(fd=3) <memfd>
[314] execve 
[314] openat /etc/ld.so.cache
[314] openat /etc/ld.so.cache
[314] openat /lib/x86_64-linux-gnu/libc.so.6
[314] openat /lib/x86_64-linux-gnu/libc.so.6
[315] execveat(fd=3) <memfd>
[315] execve 
[315] openat /etc/ld.so.cache
[315] openat /etc/ld.so.cache
[315] openat /lib/x86_64-linux-gnu/libc.so.6
[315] openat /lib/x86_64-linux-gnu/libc.so.6
[316] execveat(fd=3) <memfd>
[316] execve 
[316] openat /etc/ld.so.cache
[316] openat /etc/ld.so.cache
[316] openat /lib/x86_64-linux-gnu/libc.so.6
[316] openat /lib/x86_64-linux-gnu/libc.so.6
[317] execveat(fd=3) <memfd>
[317] execve 
[317] openat /etc/ld.so.cache
[317] openat /etc/ld.so.cache
[317] openat /lib/x86_64-linux-gnu/libc.so.6
[317] openat /lib/x86_64-linux-gnu/libc.so.6
[318] execveat(fd=3) <memfd>
[318] execve 
[318] openat /etc/ld.so.cache
[318] openat /etc/ld.so.cache
[318] openat /lib/x86_64-linux-gnu/libc.so.6
[318] openat /lib/x86_64-linux-gnu/libc.so.6
[319] execveat(fd=3) <memfd>
[319] execve 
[319] openat /etc/ld.so.cache
[319] openat /etc/ld.so.cache
[319] openat /lib/x86_64-linux-gnu/libc.so.6
[319] openat /lib/x86_64-linux-gnu/libc.so.6
[320] execveat(fd=3) <memfd>
[320] execve 
[320] openat /etc/ld.so.cache
[320] openat /etc/ld.so.cache
[320] openat /lib/x86_64-linux-gnu/libc.so.6
[320] openat /lib/x86_64-linux-gnu/libc.so.6
[321] execveat(fd=3) <memfd>
[321] execve 
[321] openat /etc/ld.so.cache
[321] openat /etc/ld.so.cache
[321] openat /lib/x86_64-linux-gnu/libc.so.6
[321] openat /lib/x86_64-linux-gnu/libc.so.6
[322] execveat(fd=3) <memfd>
[322] execve 
[322] openat /etc/ld.so.cache
[322] openat /etc/ld.so.cache
[322] openat /lib/x86_64-linux-gnu/libc.so.6
[322] openat /lib/x86_64-linux-gnu/libc.so.6
[323] execveat(fd=3) <memfd>
[323] execve 
[323] openat /etc/ld.so.cache
[323] openat /etc/ld.so.cache
[323] openat /lib/x86_64-linux-gnu/libc.so.6
[323] openat /lib/x86_64-linux-gnu/libc.so.6
[324] execveat(fd=3) <memfd>
[324] execve 
[324] openat /etc/ld.so.cache
[324] openat /etc/ld.so.cache
[324] openat /lib/x86_64-linux-gnu/libc.so.6
[324] openat /lib/x86_64-linux-gnu/libc.so.6
[325] execveat(fd=3) <memfd>
[325] execve 
[325] openat /etc/ld.so.cache
[325] openat /etc/ld.so.cache
[325] openat /lib/x86_64-linux-gnu/libc.so.6
[325] openat /lib/x86_64-linux-gnu/libc.so.6
[326] execveat(fd=3) <memfd>
[326] execve 
[326] openat /etc/ld.so.cache
[326] openat /etc/ld.so.cache
[326] openat /lib/x86_64-linux-gnu/libc.so.6
[326] openat /lib/x86_64-linux-gnu/libc.so.6
[327] execveat(fd=3) <memfd>
[327] execve 
[327] openat /etc/ld.so.cache
[327] openat /etc/ld.so.cache
[327] openat /lib/x86_64-linux-gnu/libc.so.6
[327] openat /lib/x86_64-linux-gnu/libc.so.6
[328] execveat(fd=3) <memfd>
[328] execve 
[328] openat /etc/ld.so.cache
[328] openat /etc/ld.so.cache
[328] openat /lib/x86_64-linux-gnu/libc.so.6
[328] openat /lib/x86_64-linux-gnu/libc.so.6
[329] execveat(fd=3) <memfd>
[329] execve 
[329] openat /etc/ld.so.cache
[329] openat /etc/ld.so.cache
[329] openat /lib/x86_64-linux-gnu/libc.so.6
[329] openat /lib/x86_64-linux-gnu/libc.so.6
[330] execveat(fd=3) <memfd>
[330] execve 
[330] openat /etc/ld.so.cache
[330] openat /etc/ld.so.cache
[330] openat /lib/x86_64-linux-gnu/libc.so.6
[330] openat /lib/x86_64-linux-gnu/libc.so.6
[331] execveat(fd=3) <memfd>
[331] execve 
[331] openat /etc/ld.so.cache
[331] openat /etc/ld.so.cache
[331] openat /lib/x86_64-linux-gnu/libc.so.6
[331] openat /lib/x86_64-linux-gnu/libc.so.6
[332] execveat(fd=3) <memfd>
[332] execve 
[332] openat /etc/ld.so.cache
[332] openat /etc/ld.so.cache
[332] openat /lib/x86_64-linux-gnu/libc.so.6
[332] openat /lib/x86_64-linux-gnu/libc.so.6
[333] execveat(fd=3) <memfd>
[333] execve 
[333] openat /etc/ld.so.cache
[333] openat /etc/ld.so.cache
[333] openat /lib/x86_64-linux-gnu/libc.so.6
[333] openat /lib/x86_64-linux-gnu/libc.so.6
[334] execveat(fd=3) <memfd>
[334] execve 
[334] openat /etc/ld.so.cache
[334] openat /etc/ld.so.cache
[334] openat /lib/x86_64-linux-gnu/libc.so.6
[334] openat /lib/x86_64-linux-gnu/libc.so.6
[335] execveat(fd=3) <memfd>
[335] execve 
[335] openat /etc/ld.so.cache
[335] openat /etc/ld.so.cache
[335] openat /lib/x86_64-linux-gnu/libc.so.6
[335] openat /lib/x86_64-linux-gnu/libc.so.6
[336] execveat(fd=3) <memfd>
[336] execve 
[336] openat /etc/ld.so.cache
[336] openat /etc/ld.so.cache
[336] openat /lib/x86_64-linux-gnu/libc.so.6
[336] openat /lib/x86_64-linux-gnu/libc.so.6
[337] execveat(fd=3) <memfd>
[337] execve 
[337] openat /etc/ld.so.cache
[337] openat /etc/ld.so.cache
[337] openat /lib/x86_64-linux-gnu/libc.so.6
[337] openat /lib/x86_64-linux-gnu/libc.so.6
[338] execveat(fd=3) <memfd>
[338] execve 
[338] openat /etc/ld.so.cache
[338] openat /etc/ld.so.cache
[338] openat /lib/x86_64-linux-gnu/libc.so.6
[338] openat /lib/x86_64-linux-gnu/libc.so.6
[339] execveat(fd=3) <memfd>
[339] execve 
[339] openat /etc/ld.so.cache
[339] openat /etc/ld.so.cache
[339] openat /lib/x86_64-linux-gnu/libc.so.6
[339] openat /lib/x86_64-linux-gnu/libc.so.6
[340] execveat(fd=3) <memfd>
[340] execve 
[340] openat /etc/ld.so.cache
[340] openat /etc/ld.so.cache
[340] openat /lib/x86_64-linux-gnu/libc.so.6
[340] openat /lib/x86_64-linux-gnu/libc.so.6
[341] execveat(fd=3) <memfd>
[341] execve 
[341] openat /etc/ld.so.cache
[341] openat /etc/ld.so.cache
[341] openat /lib/x86_64-linux-gnu/libc.so.6
[341] openat /lib/x86_64-linux-gnu/libc.so.6
[342] execveat(fd=3) <memfd>
[342] execve 
[342] openat /etc/ld.so.cache
[342] openat /etc/ld.so.cache
[342] openat /lib/x86_64-linux-gnu/libc.so.6
[342] openat /lib/x86_64-linux-gnu/libc.so.6
[343] execveat(fd=3) <memfd>
[343] execve 
[343] openat /etc/ld.so.cache
[343] openat /etc/ld.so.cache
[343] openat /lib/x86_64-linux-gnu/libc.so.6
[343] openat /lib/x86_64-linux-gnu/libc.so.6
[344] execveat(fd=3) <memfd>
[344] execve 
[344] openat /etc/ld.so.cache
[344] openat /etc/ld.so.cache
[344] openat /lib/x86_64-linux-gnu/libc.so.6
[344] openat /lib/x86_64-linux-gnu/libc.so.6
[345] execveat(fd=3) <memfd>
[345] execve 
[345] openat /etc/ld.so.cache
[345] openat /etc/ld.so.cache
[345] openat /lib/x86_64-linux-gnu/libc.so.6
[345] openat /lib/x86_64-linux-gnu/libc.so.6
[346] execveat(fd=3) <memfd>
[346] execve 
[346] openat /etc/ld.so.cache
[346] openat /etc/ld.so.cache
[346] openat /lib/x86_64-linux-gnu/libc.so.6
[346] openat /lib/x86_64-linux-gnu/libc.so.6
[347] execveat(fd=3) <memfd>
[347] execve 
[347] openat /etc/ld.so.cache
[347] openat /etc/ld.so.cache
[347] openat /lib/x86_64-linux-gnu/libc.so.6
[347] openat /lib/x86_64-linux-gnu/libc.so.6
[348] execveat(fd=3) <memfd>
[348] execve 
[348] openat /etc/ld.so.cache
[348] openat /etc/ld.so.cache
[348] openat /lib/x86_64-linux-gnu/libc.so.6
[348] openat /lib/x86_64-linux-gnu/libc.so.6
[349] execveat(fd=3) <memfd>
[349] execve 
[349] openat /etc/ld.so.cache
[349] openat /etc/ld.so.cache
[349] openat /lib/x86_64-linux-gnu/libc.so.6
[349] openat /lib/x86_64-linux-gnu/libc.so.6
[350] execveat(fd=3) <memfd>
[350] execve 
[350] openat /etc/ld.so.cache
[350] openat /etc/ld.so.cache
[350] openat /lib/x86_64-linux-gnu/libc.so.6
[350] openat /lib/x86_64-linux-gnu/libc.so.6
[351] execveat(fd=3) <memfd>
[351] execve 
[351] openat /etc/ld.so.cache
[351] openat /etc/ld.so.cache
[351] openat /lib/x86_64-linux-gnu/libc.so.6
[351] openat /lib/x86_64-linux-gnu/libc.so.6
[352] execveat(fd=3) <memfd>
[352] execve 
[352] openat /etc/ld.so.cache
[352] openat /etc/ld.so.cache
[352] openat /lib/x86_64-linux-gnu/libc.so.6
[352] openat /lib/x86_64-linux-gnu/libc.so.6
[353] execveat(fd=3) <memfd>
[353] execve 
[353] openat /etc/ld.so.cache
[353] openat /etc/ld.so.cache
[353] openat /lib/x86_64-linux-gnu/libc.so.6
[353] openat /lib/x86_64-linux-gnu/libc.so.6
[354] execveat(fd=3) <memfd>
[354] execve 
[354] openat /etc/ld.so.cache
[354] openat /etc/ld.so.cache
[354] openat /lib/x86_64-linux-gnu/libc.so.6
[354] openat /lib/x86_64-linux-gnu/libc.so.6
[355] execveat(fd=3) <memfd>
[355] execve 
[355] openat /etc/ld.so.cache
[355] openat /etc/ld.so.cache
[355] openat /lib/x86_64-linux-gnu/libc.so.6
[355] openat /lib/x86_64-linux-gnu/libc.so.6
[356] execveat(fd=3) <memfd>
[356] execve 
[356] openat /etc/ld.so.cache
[356] openat /etc/ld.so.cache
[356] openat /lib/x86_64-linux-gnu/libc.so.6
[356] openat /lib/x86_64-linux-gnu/libc.so.6
[357] execveat(fd=3) <memfd>
[357] execve 
[357] openat /etc/ld.so.cache
[357] openat /etc/ld.so.cache
[357] openat /lib/x86_64-linux-gnu/libc.so.6
[357] openat /lib/x86_64-linux-gnu/libc.so.6
[358] execveat(fd=3) <memfd>
[358] execve 
[358] openat /etc/ld.so.cache
[358] openat /etc/ld.so.cache
[358] openat /lib/x86_64-linux-gnu/libc.so.6
[358] openat /lib/x86_64-linux-gnu/libc.so.6
[359] execveat(fd=3) <memfd>
[359] execve 
[359] openat /etc/ld.so.cache
[359] openat /etc/ld.so.cache
[359] openat /lib/x86_64-linux-gnu/libc.so.6
[359] openat /lib/x86_64-linux-gnu/libc.so.6
[360] execveat(fd=3) <memfd>
[360] execve 
[360] openat /etc/ld.so.cache
[360] openat /etc/ld.so.cache
[360] openat /lib/x86_64-linux-gnu/libc.so.6
[360] openat /lib/x86_64-linux-gnu/libc.so.6
[361] execveat(fd=3) <memfd>
[361] execve 
[361] openat /etc/ld.so.cache
[361] openat /etc/ld.so.cache
[361] openat /lib/x86_64-linux-gnu/libc.so.6
[361] openat /lib/x86_64-linux-gnu/libc.so.6
[362] execveat(fd=3) <memfd>
[362] execve 
[362] openat /etc/ld.so.cache
[362] openat /etc/ld.so.cache
[362] openat /lib/x86_64-linux-gnu/libc.so.6
[362] openat /lib/x86_64-linux-gnu/libc.so.6
[363] execveat(fd=3) <memfd>
[363] execve 
[363] openat /etc/ld.so.cache
[363] openat /etc/ld.so.cache
[363] openat /lib/x86_64-linux-gnu/libc.so.6
[363] openat /lib/x86_64-linux-gnu/libc.so.6
[364] execveat(fd=3) <memfd>
[364] execve 
[364] openat /etc/ld.so.cache
[364] openat /etc/ld.so.cache
[364] openat /lib/x86_64-linux-gnu/libc.so.6
[364] openat /lib/x86_64-linux-gnu/libc.so.6
[365] execveat(fd=3) <memfd>
[365] execve 
[365] openat /etc/ld.so.cache
[365] openat /etc/ld.so.cache
[365] openat /lib/x86_64-linux-gnu/libc.so.6
[365] openat /lib/x86_64-linux-gnu/libc.so.6
[366] execveat(fd=3) <memfd>
[366] execve 
[366] openat /etc/ld.so.cache
[366] openat /etc/ld.so.cache
[366] openat /lib/x86_64-linux-gnu/libc.so.6
[366] openat /lib/x86_64-linux-gnu/libc.so.6
[367] execveat(fd=3) <memfd>
[367] execve 
[367] openat /etc/ld.so.cache
[367] openat /etc/ld.so.cache
[367] openat /lib/x86_64-linux-gnu/libc.so.6
[367] openat /lib/x86_64-linux-gnu/libc.so.6
[368] execveat(fd=3) <memfd>
[368] execve 
[368] openat /etc/ld.so.cache
[368] openat /etc/ld.so.cache
[368] openat /lib/x86_64-linux-gnu/libc.so.6
[368] openat /lib/x86_64-linux-gnu/libc.so.6
[369] execveat(fd=3) <memfd>
[369] execve 
[369] openat /etc/ld.so.cache
[369] openat /etc/ld.so.cache
[369] openat /lib/x86_64-linux-gnu/libc.so.6
[369] openat /lib/x86_64-linux-gnu/libc.so.6
[370] execveat(fd=3) <memfd>
[370] execve 
[370] openat /etc/ld.so.cache
[370] openat /etc/ld.so.cache
[370] openat /lib/x86_64-linux-gnu/libc.so.6
[370] openat /lib/x86_64-linux-gnu/libc.so.6
[371] execveat(fd=3) <memfd>
[371] execve 
[371] openat /etc/ld.so.cache
[371] openat /etc/ld.so.cache
[371] openat /lib/x86_64-linux-gnu/libc.so.6
[371] openat /lib/x86_64-linux-gnu/libc.so.6
[372] execveat(fd=3) <memfd>
[372] execve 
[372] openat /etc/ld.so.cache
[372] openat /etc/ld.so.cache
[372] openat /lib/x86_64-linux-gnu/libc.so.6
[372] openat /lib/x86_64-linux-gnu/libc.so.6
[373] execveat(fd=3) <memfd>
[373] execve 
[373] openat /etc/ld.so.cache
[373] openat /etc/ld.so.cache
[373] openat /lib/x86_64-linux-gnu/libc.so.6
[373] openat /lib/x86_64-linux-gnu/libc.so.6
[374] execveat(fd=3) <memfd>
[374] execve 
[374] openat /etc/ld.so.cache
[374] openat /etc/ld.so.cache
[374] openat /lib/x86_64-linux-gnu/libc.so.6
[374] openat /lib/x86_64-linux-gnu/libc.so.6
[375] execveat(fd=3) <memfd>
[375] execve 
[375] openat /etc/ld.so.cache
[375] openat /etc/ld.so.cache
[375] openat /lib/x86_64-linux-gnu/libc.so.6
[375] openat /lib/x86_64-linux-gnu/libc.so.6
[376] execveat(fd=3) <memfd>
[376] execve 
[376] openat /etc/ld.so.cache
[376] openat /etc/ld.so.cache
[376] openat /lib/x86_64-linux-gnu/libc.so.6
[376] openat /lib/x86_64-linux-gnu/libc.so.6
[377] execveat(fd=3) <memfd>
[377] execve 
[377] openat /etc/ld.so.cache
[377] openat /etc/ld.so.cache
[377] openat /lib/x86_64-linux-gnu/libc.so.6
[377] openat /lib/x86_64-linux-gnu/libc.so.6
[378] execveat(fd=3) <memfd>
[378] execve 
[378] openat /etc/ld.so.cache
[378] openat /etc/ld.so.cache
[378] openat /lib/x86_64-linux-gnu/libc.so.6
[378] openat /lib/x86_64-linux-gnu/libc.so.6
[379] execveat(fd=3) <memfd>
[379] execve 
[379] openat /etc/ld.so.cache
[379] openat /etc/ld.so.cache
[379] openat /lib/x86_64-linux-gnu/libc.so.6
[379] openat /lib/x86_64-linux-gnu/libc.so.6
[380] execveat(fd=3) <memfd>
[380] execve 
[380] openat /etc/ld.so.cache
[380] openat /etc/ld.so.cache
[380] openat /lib/x86_64-linux-gnu/libc.so.6
[380] openat /lib/x86_64-linux-gnu/libc.so.6
[381] execveat(fd=3) <memfd>
[381] execve 
[381] openat /etc/ld.so.cache
[381] openat /etc/ld.so.cache
[381] openat /lib/x86_64-linux-gnu/libc.so.6
[381] openat /lib/x86_64-linux-gnu/libc.so.6
[382] execveat(fd=3) <memfd>
[382] execve 
[382] openat /etc/ld.so.cache
[382] openat /etc/ld.so.cache
[382] openat /lib/x86_64-linux-gnu/libc.so.6
[382] openat /lib/x86_64-linux-gnu/libc.so.6
[383] execveat(fd=3) <memfd>
[383] execve 
[383] openat /etc/ld.so.cache
[383] openat /etc/ld.so.cache
[383] openat /lib/x86_64-linux-gnu/libc.so.6
[383] openat /lib/x86_64-linux-gnu/libc.so.6
[384] execveat(fd=3) <memfd>
[384] execve 
[384] openat /etc/ld.so.cache
[384] openat /etc/ld.so.cache
[384] openat /lib/x86_64-linux-gnu/libc.so.6
[384] openat /lib/x86_64-linux-gnu/libc.so.6
[385] execveat(fd=3) <memfd>
[385] execve 
[385] openat /etc/ld.so.cache
[385] openat /etc/ld.so.cache
[385] openat /lib/x86_64-linux-gnu/libc.so.6
[385] openat /lib/x86_64-linux-gnu/libc.so.6
[386] execveat(fd=3) <memfd>
[386] execve 
[386] openat /etc/ld.so.cache
[386] openat /etc/ld.so.cache
[386] openat /lib/x86_64-linux-gnu/libc.so.6
[386] openat /lib/x86_64-linux-gnu/libc.so.6
[387] execveat(fd=3) <memfd>
[387] execve 
[387] openat /etc/ld.so.cache
[387] openat /etc/ld.so.cache
[387] openat /lib/x86_64-linux-gnu/libc.so.6
[387] openat /lib/x86_64-linux-gnu/libc.so.6
[388] execveat(fd=3) <memfd>
[388] execve 
[388] openat /etc/ld.so.cache
[388] openat /etc/ld.so.cache
[388] openat /lib/x86_64-linux-gnu/libc.so.6
[388] openat /lib/x86_64-linux-gnu/libc.so.6
[389] execveat(fd=3) <memfd>
[389] execve 
[389] openat /etc/ld.so.cache
[389] openat /etc/ld.so.cache
[389] openat /lib/x86_64-linux-gnu/libc.so.6
[389] openat /lib/x86_64-linux-gnu/libc.so.6
[390] execveat(fd=3) <memfd>
[390] execve 
[390] openat /etc/ld.so.cache
[390] openat /etc/ld.so.cache
[390] openat /lib/x86_64-linux-gnu/libc.so.6
[390] openat /lib/x86_64-linux-gnu/libc.so.6
[391] execveat(fd=3) <memfd>
[391] execve 
[391] openat /etc/ld.so.cache
[391] openat /etc/ld.so.cache
[391] openat /lib/x86_64-linux-gnu/libc.so.6
[391] openat /lib/x86_64-linux-gnu/libc.so.6
[392] execveat(fd=3) <memfd>
[392] execve 
[392] openat /etc/ld.so.cache
[392] openat /etc/ld.so.cache
[392] openat /lib/x86_64-linux-gnu/libc.so.6
[392] openat /lib/x86_64-linux-gnu/libc.so.6
[393] execveat(fd=3) <memfd>
[393] execve 
[393] openat /etc/ld.so.cache
[393] openat /etc/ld.so.cache
[393] openat /lib/x86_64-linux-gnu/libc.so.6
[393] openat /lib/x86_64-linux-gnu/libc.so.6
[394] execveat(fd=3) <memfd>
[394] execve 
[394] openat /etc/ld.so.cache
[394] openat /etc/ld.so.cache
[394] openat /lib/x86_64-linux-gnu/libc.so.6
[394] openat /lib/x86_64-linux-gnu/libc.so.6
[395] execveat(fd=3) <memfd>
[395] execve 
[395] openat /etc/ld.so.cache
[395] openat /etc/ld.so.cache
[395] openat /lib/x86_64-linux-gnu/libc.so.6
[395] openat /lib/x86_64-linux-gnu/libc.so.6
[396] execveat(fd=3) <memfd>
[396] execve 
[396] openat /etc/ld.so.cache
[396] openat /etc/ld.so.cache
[396] openat /lib/x86_64-linux-gnu/libc.so.6
[396] openat /lib/x86_64-linux-gnu/libc.so.6
[397] execveat(fd=3) <memfd>
[397] execve 
[397] openat /etc/ld.so.cache
[397] openat /etc/ld.so.cache
[397] openat /lib/x86_64-linux-gnu/libc.so.6
[397] openat /lib/x86_64-linux-gnu/libc.so.6
[398] execveat(fd=3) <memfd>
[398] execve 
[398] openat /etc/ld.so.cache
[398] openat /etc/ld.so.cache
[398] openat /lib/x86_64-linux-gnu/libc.so.6
[398] openat /lib/x86_64-linux-gnu/libc.so.6
[399] execveat(fd=3) <memfd>
[399] execve 
[399] openat /etc/ld.so.cache
[399] openat /etc/ld.so.cache
[399] openat /lib/x86_64-linux-gnu/libc.so.6
[399] openat /lib/x86_64-linux-gnu/libc.so.6
[400] execveat(fd=3) <memfd>
[400] execve 
[400] openat /etc/ld.so.cache
[400] openat /etc/ld.so.cache
[400] openat /lib/x86_64-linux-gnu/libc.so.6
[400] openat /lib/x86_64-linux-gnu/libc.so.6
[401] execveat(fd=3) <memfd>
[401] execve 
[401] openat /etc/ld.so.cache
[401] openat /etc/ld.so.cache
[401] openat /lib/x86_64-linux-gnu/libc.so.6
[401] openat /lib/x86_64-linux-gnu/libc.so.6
[402] execveat(fd=3) <memfd>
[402] execve 
[402] openat /etc/ld.so.cache
[402] openat /etc/ld.so.cache
[402] openat /lib/x86_64-linux-gnu/libc.so.6
[402] openat /lib/x86_64-linux-gnu/libc.so.6
[403] execveat(fd=3) <memfd>
[403] execve 
[403] openat /etc/ld.so.cache
[403] openat /etc/ld.so.cache
[403] openat /lib/x86_64-linux-gnu/libc.so.6
[403] openat /lib/x86_64-linux-gnu/libc.so.6
[404] execveat(fd=3) <memfd>
[404] execve 
[404] openat /etc/ld.so.cache
[404] openat /etc/ld.so.cache
[404] openat /lib/x86_64-linux-gnu/libc.so.6
[404] openat /lib/x86_64-linux-gnu/libc.so.6
[405] execveat(fd=3) <memfd>
[405] execve 
[405] openat /etc/ld.so.cache
[405] openat /etc/ld.so.cache
[405] openat /lib/x86_64-linux-gnu/libc.so.6
[405] openat /lib/x86_64-linux-gnu/libc.so.6
[406] execveat(fd=3) <memfd>
[406] execve 
[406] openat /etc/ld.so.cache
[406] openat /etc/ld.so.cache
[406] openat /lib/x86_64-linux-gnu/libc.so.6
[406] openat /lib/x86_64-linux-gnu/libc.so.6
[407] execveat(fd=3) <memfd>
[407] execve 
[407] openat /etc/ld.so.cache
[407] openat /etc/ld.so.cache
[407] openat /lib/x86_64-linux-gnu/libc.so.6
[407] openat /lib/x86_64-linux-gnu/libc.so.6
[408] execveat(fd=3) <memfd>
[408] execve 
[408] openat /etc/ld.so.cache
[408] openat /etc/ld.so.cache
[408] openat /lib/x86_64-linux-gnu/libc.so.6
[408] openat /lib/x86_64-linux-gnu/libc.so.6
[409] execveat(fd=3) <memfd>
[409] execve 
[409] openat /etc/ld.so.cache
[409] openat /etc/ld.so.cache
[409] openat /lib/x86_64-linux-gnu/libc.so.6
[409] openat /lib/x86_64-linux-gnu/libc.so.6
[410] execveat(fd=3) <memfd>
[410] execve 
[410] openat /etc/ld.so.cache
[410] openat /etc/ld.so.cache
[410] openat /lib/x86_64-linux-gnu/libc.so.6
[410] openat /lib/x86_64-linux-gnu/libc.so.6
[411] execveat(fd=3) <memfd>
[411] execve 
[411] openat /etc/ld.so.cache
[411] openat /etc/ld.so.cache
[411] openat /lib/x86_64-linux-gnu/libc.so.6
[411] openat /lib/x86_64-linux-gnu/libc.so.6
[412] execveat(fd=3) <memfd>
[412] execve 
[412] openat /etc/ld.so.cache
[412] openat /etc/ld.so.cache
[412] openat /lib/x86_64-linux-gnu/libc.so.6
[412] openat /lib/x86_64-linux-gnu/libc.so.6
[413] execveat(fd=3) <memfd>
[413] execve 
[413] openat /etc/ld.so.cache
[413] openat /etc/ld.so.cache
[413] openat /lib/x86_64-linux-gnu/libc.so.6
[413] openat /lib/x86_64-linux-gnu/libc.so.6
[414] execveat(fd=3) <memfd>
[414] execve 
[414] openat /etc/ld.so.cache
[414] openat /etc/ld.so.cache
[414] openat /lib/x86_64-linux-gnu/libc.so.6
[414] openat /lib/x86_64-linux-gnu/libc.so.6
[415] execveat(fd=3) <memfd>
[415] execve 
[415] openat /etc/ld.so.cache
[415] openat /etc/ld.so.cache
[415] openat /lib/x86_64-linux-gnu/libc.so.6
[415] openat /lib/x86_64-linux-gnu/libc.so.6
[416] execveat(fd=3) <memfd>
[416] execve 
[416] openat /etc/ld.so.cache
[416] openat /etc/ld.so.cache
[416] openat /lib/x86_64-linux-gnu/libc.so.6
[416] openat /lib/x86_64-linux-gnu/libc.so.6
[417] execveat(fd=3) <memfd>
[417] execve 
[417] openat /etc/ld.so.cache
[417] openat /etc/ld.so.cache
[417] openat /lib/x86_64-linux-gnu/libc.so.6
[417] openat /lib/x86_64-linux-gnu/libc.so.6
[418] execveat(fd=3) <memfd>
[418] execve 
[418] openat /etc/ld.so.cache
[418] openat /etc/ld.so.cache
[418] openat /lib/x86_64-linux-gnu/libc.so.6
[418] openat /lib/x86_64-linux-gnu/libc.so.6
[419] execveat(fd=3) <memfd>
[419] execve 
[419] openat /etc/ld.so.cache
[419] openat /etc/ld.so.cache
[419] openat /lib/x86_64-linux-gnu/libc.so.6
[419] openat /lib/x86_64-linux-gnu/libc.so.6
[420] execveat(fd=3) <memfd>
[420] execve 
[420] openat /etc/ld.so.cache
[420] openat /etc/ld.so.cache
[420] openat /lib/x86_64-linux-gnu/libc.so.6
[420] openat /lib/x86_64-linux-gnu/libc.so.6
[421] execveat(fd=3) <memfd>
[421] execve 
[421] openat /etc/ld.so.cache
[421] openat /etc/ld.so.cache
[421] openat /lib/x86_64-linux-gnu/libc.so.6
[421] openat /lib/x86_64-linux-gnu/libc.so.6
[422] execveat(fd=3) <memfd>
[422] execve 
[422] openat /etc/ld.so.cache
[422] openat /etc/ld.so.cache
[422] openat /lib/x86_64-linux-gnu/libc.so.6
[422] openat /lib/x86_64-linux-gnu/libc.so.6
[423] execveat(fd=3) <memfd>
[423] execve 
[423] openat /etc/ld.so.cache
[423] openat /etc/ld.so.cache
[423] openat /lib/x86_64-linux-gnu/libc.so.6
[423] openat /lib/x86_64-linux-gnu/libc.so.6
[424] execveat(fd=3) <memfd>
[424] execve 
[424] openat /etc/ld.so.cache
[424] openat /etc/ld.so.cache
[424] openat /lib/x86_64-linux-gnu/libc.so.6
[424] openat /lib/x86_64-linux-gnu/libc.so.6
[425] execveat(fd=3) <memfd>
[425] execve 
[425] openat /etc/ld.so.cache
[425] openat /etc/ld.so.cache
[425] openat /lib/x86_64-linux-gnu/libc.so.6
[425] openat /lib/x86_64-linux-gnu/libc.so.6
[426] execveat(fd=3) <memfd>
[426] execve 
[426] openat /etc/ld.so.cache
[426] openat /etc/ld.so.cache
[426] openat /lib/x86_64-linux-gnu/libc.so.6
[426] openat /lib/x86_64-linux-gnu/libc.so.6
[427] execveat(fd=3) <memfd>
[427] execve 
[427] openat /etc/ld.so.cache
[427] openat /etc/ld.so.cache
[427] openat /lib/x86_64-linux-gnu/libc.so.6
[427] openat /lib/x86_64-linux-gnu/libc.so.6
[428] execveat(fd=3) <memfd>
[428] execve 
[428] openat /etc/ld.so.cache
[428] openat /etc/ld.so.cache
[428] openat /lib/x86_64-linux-gnu/libc.so.6
[428] openat /lib/x86_64-linux-gnu/libc.so.6
[429] execveat(fd=3) <memfd>
[429] execve 
[429] openat /etc/ld.so.cache
[429] openat /etc/ld.so.cache
[429] openat /lib/x86_64-linux-gnu/libc.so.6
[429] openat /lib/x86_64-linux-gnu/libc.so.6
[430] execveat(fd=3) <memfd>
[430] execve 
[430] openat /etc/ld.so.cache
[430] openat /etc/ld.so.cache
[430] openat /lib/x86_64-linux-gnu/libc.so.6
[430] openat /lib/x86_64-linux-gnu/libc.so.6
[431] execveat(fd=3) <memfd>
[431] execve 
[431] openat /etc/ld.so.cache
[431] openat /etc/ld.so.cache
[431] openat /lib/x86_64-linux-gnu/libc.so.6
[431] openat /lib/x86_64-linux-gnu/libc.so.6
[432] execveat(fd=3) <memfd>
[432] execve 
[432] openat /etc/ld.so.cache
[432] openat /etc/ld.so.cache
[432] openat /lib/x86_64-linux-gnu/libc.so.6
[432] openat /lib/x86_64-linux-gnu/libc.so.6
[433] execveat(fd=3) <memfd>
[433] execve 
[433] openat /etc/ld.so.cache
[433] openat /etc/ld.so.cache
[433] openat /lib/x86_64-linux-gnu/libc.so.6
[433] openat /lib/x86_64-linux-gnu/libc.so.6
[434] execveat(fd=3) <memfd>
[434] execve 
[434] openat /etc/ld.so.cache
[434] openat /etc/ld.so.cache
[434] openat /lib/x86_64-linux-gnu/libc.so.6
[434] openat /lib/x86_64-linux-gnu/libc.so.6
[435] execveat(fd=3) <memfd>
[435] execve 
[435] openat /etc/ld.so.cache
[435] openat /etc/ld.so.cache
[435] openat /lib/x86_64-linux-gnu/libc.so.6
[435] openat /lib/x86_64-linux-gnu/libc.so.6
[436] execveat(fd=3) <memfd>
[436] execve 
[436] openat /etc/ld.so.cache
[436] openat /etc/ld.so.cache
[436] openat /lib/x86_64-linux-gnu/libc.so.6
[436] openat /lib/x86_64-linux-gnu/libc.so.6
[437] execveat(fd=3) <memfd>
[437] execve 
[437] openat /etc/ld.so.cache
[437] openat /etc/ld.so.cache
[437] openat /lib/x86_64-linux-gnu/libc.so.6
[437] openat /lib/x86_64-linux-gnu/libc.so.6
[438] execveat(fd=3) <memfd>
[438] execve 
[438] openat /etc/ld.so.cache
[438] openat /etc/ld.so.cache
[438] openat /lib/x86_64-linux-gnu/libc.so.6
[438] openat /lib/x86_64-linux-gnu/libc.so.6
[439] execveat(fd=3) <memfd>
[439] execve 
[439] openat /etc/ld.so.cache
[439] openat /etc/ld.so.cache
[439] openat /lib/x86_64-linux-gnu/libc.so.6
[439] openat /lib/x86_64-linux-gnu/libc.so.6
[440] execveat(fd=3) <memfd>
[440] execve 
[440] openat /etc/ld.so.cache
[440] openat /etc/ld.so.cache
[440] openat /lib/x86_64-linux-gnu/libc.so.6
[440] openat /lib/x86_64-linux-gnu/libc.so.6
[441] execveat(fd=3) <memfd>
[441] execve 
[441] openat /etc/ld.so.cache
[441] openat /etc/ld.so.cache
[441] openat /lib/x86_64-linux-gnu/libc.so.6
[441] openat /lib/x86_64-linux-gnu/libc.so.6
[442] execveat(fd=3) <memfd>
[442] execve 
[442] openat /etc/ld.so.cache
[442] openat /etc/ld.so.cache
[442] openat /lib/x86_64-linux-gnu/libc.so.6
[442] openat /lib/x86_64-linux-gnu/libc.so.6
[443] execveat(fd=3) <memfd>
[443] execve 
[443] openat /etc/ld.so.cache
[443] openat /etc/ld.so.cache
[443] openat /lib/x86_64-linux-gnu/libc.so.6
[443] openat /lib/x86_64-linux-gnu/libc.so.6
[444] execveat(fd=3) <memfd>
[444] execve 
[444] openat /etc/ld.so.cache
[444] openat /etc/ld.so.cache
[444] openat /lib/x86_64-linux-gnu/libc.so.6
[444] openat /lib/x86_64-linux-gnu/libc.so.6
[445] execveat(fd=3) <memfd>
[445] execve 
[445] openat /etc/ld.so.cache
[445] openat /etc/ld.so.cache
[445] openat /lib/x86_64-linux-gnu/libc.so.6
[445] openat /lib/x86_64-linux-gnu/libc.so.6
[446] execveat(fd=3) <memfd>
[446] execve 
[446] openat /etc/ld.so.cache
[446] openat /etc/ld.so.cache
[446] openat /lib/x86_64-linux-gnu/libc.so.6
[446] openat /lib/x86_64-linux-gnu/libc.so.6
[447] execveat(fd=3) <memfd>
[447] execve 
[447] openat /etc/ld.so.cache
[447] openat /etc/ld.so.cache
[447] openat /lib/x86_64-linux-gnu/libc.so.6
[447] openat /lib/x86_64-linux-gnu/libc.so.6
[448] execveat(fd=3) <memfd>
[448] execve 
[448] openat /etc/ld.so.cache
[448] openat /etc/ld.so.cache
[448] openat /lib/x86_64-linux-gnu/libc.so.6
[448] openat /lib/x86_64-linux-gnu/libc.so.6
[449] execveat(fd=3) <memfd>
[449] execve 
[449] openat /etc/ld.so.cache
[449] openat /etc/ld.so.cache
[449] openat /lib/x86_64-linux-gnu/libc.so.6
[449] openat /lib/x86_64-linux-gnu/libc.so.6
[450] execveat(fd=3) <memfd>
[450] execve 
[450] openat /etc/ld.so.cache
[450] openat /etc/ld.so.cache
[450] openat /lib/x86_64-linux-gnu/libc.so.6
[450] openat /lib/x86_64-linux-gnu/libc.so.6
[451] execveat(fd=3) <memfd>
[451] execve 
[451] openat /etc/ld.so.cache
[451] openat /etc/ld.so.cache
[451] openat /lib/x86_64-linux-gnu/libc.so.6
[451] openat /lib/x86_64-linux-gnu/libc.so.6
[452] execveat(fd=3) <memfd>
[452] execve 
[452] openat /etc/ld.so.cache
[452] openat /etc/ld.so.cache
[452] openat /lib/x86_64-linux-gnu/libc.so.6
[452] openat /lib/x86_64-linux-gnu/libc.so.6
[453] execveat(fd=3) <memfd>
[453] execve 
[453] openat /etc/ld.so.cache
[453] openat /etc/ld.so.cache
[453] openat /lib/x86_64-linux-gnu/libc.so.6
[453] openat /lib/x86_64-linux-gnu/libc.so.6
[454] execveat(fd=3) <memfd>
[454] execve 
[454] openat /etc/ld.so.cache
[454] openat /etc/ld.so.cache
[454] openat /lib/x86_64-linux-gnu/libc.so.6
[454] openat /lib/x86_64-linux-gnu/libc.so.6
[455] execveat(fd=3) <memfd>
[455] execve 
[455] openat /etc/ld.so.cache
[455] openat /etc/ld.so.cache
[455] openat /lib/x86_64-linux-gnu/libc.so.6
[455] openat /lib/x86_64-linux-gnu/libc.so.6
[456] execveat(fd=3) <memfd>
[456] execve 
[456] openat /etc/ld.so.cache
[456] openat /etc/ld.so.cache
[456] openat /lib/x86_64-linux-gnu/libc.so.6
[456] openat /lib/x86_64-linux-gnu/libc.so.6
[457] execveat(fd=3) <memfd>
[457] execve 
[457] openat /etc/ld.so.cache
[457] openat /etc/ld.so.cache
[457] openat /lib/x86_64-linux-gnu/libc.so.6
[457] openat /lib/x86_64-linux-gnu/libc.so.6
[458] execveat(fd=3) <memfd>
[458] execve 
[458] openat /etc/ld.so.cache
[458] openat /etc/ld.so.cache
[458] openat /lib/x86_64-linux-gnu/libc.so.6
[458] openat /lib/x86_64-linux-gnu/libc.so.6
[459] execveat(fd=3) <memfd>
[459] execve 
[459] openat /etc/ld.so.cache
[459] openat /etc/ld.so.cache
[459] openat /lib/x86_64-linux-gnu/libc.so.6
[459] openat /lib/x86_64-linux-gnu/libc.so.6
[460] execveat(fd=3) <memfd>
[460] execve 
[460] openat /etc/ld.so.cache
[460] openat /etc/ld.so.cache
[460] openat /lib/x86_64-linux-gnu/libc.so.6
[460] openat /lib/x86_64-linux-gnu/libc.so.6
[461] execveat(fd=3) <memfd>
[461] execve 
[461] openat /etc/ld.so.cache
[461] openat /etc/ld.so.cache
[461] openat /lib/x86_64-linux-gnu/libc.so.6
[461] openat /lib/x86_64-linux-gnu/libc.so.6
[462] execveat(fd=3) <memfd>
[462] execve 
[462] openat /etc/ld.so.cache
[462] openat /etc/ld.so.cache
[462] openat /lib/x86_64-linux-gnu/libc.so.6
[462] openat /lib/x86_64-linux-gnu/libc.so.6
[463] execveat(fd=3) <memfd>
[463] execve 
[463] openat /etc/ld.so.cache
[463] openat /etc/ld.so.cache
[463] openat /lib/x86_64-linux-gnu/libc.so.6
[463] openat /lib/x86_64-linux-gnu/libc.so.6
[464] execveat(fd=3) <memfd>
[464] execve 
[464] openat /etc/ld.so.cache
[464] openat /etc/ld.so.cache
[464] openat /lib/x86_64-linux-gnu/libc.so.6
[464] openat /lib/x86_64-linux-gnu/libc.so.6
[465] execveat(fd=3) <memfd>
[465] execve 
[465] openat /etc/ld.so.cache
[465] openat /etc/ld.so.cache
[465] openat /lib/x86_64-linux-gnu/libc.so.6
[465] openat /lib/x86_64-linux-gnu/libc.so.6
[466] execveat(fd=3) <memfd>
[466] execve 
[466] openat /etc/ld.so.cache
[466] openat /etc/ld.so.cache
[466] openat /lib/x86_64-linux-gnu/libc.so.6
[466] openat /lib/x86_64-linux-gnu/libc.so.6
[467] execveat(fd=3) <memfd>
[467] execve 
[467] openat /etc/ld.so.cache
[467] openat /etc/ld.so.cache
[467] openat /lib/x86_64-linux-gnu/libc.so.6
[467] openat /lib/x86_64-linux-gnu/libc.so.6
[468] execveat(fd=3) <memfd>
[468] execve 
[468] openat /etc/ld.so.cache
[468] openat /etc/ld.so.cache
[468] openat /lib/x86_64-linux-gnu/libc.so.6
[468] openat /lib/x86_64-linux-gnu/libc.so.6
[469] execveat(fd=3) <memfd>
[469] execve 
[469] openat /etc/ld.so.cache
[469] openat /etc/ld.so.cache
[469] openat /lib/x86_64-linux-gnu/libc.so.6
[469] openat /lib/x86_64-linux-gnu/libc.so.6
[470] execveat(fd=3) <memfd>
[470] execve 
[470] openat /etc/ld.so.cache
[470] openat /etc/ld.so.cache
[470] openat /lib/x86_64-linux-gnu/libc.so.6
[470] openat /lib/x86_64-linux-gnu/libc.so.6
[471] execveat(fd=3) <memfd>
[471] execve 
[471] openat /etc/ld.so.cache
[471] openat /etc/ld.so.cache
[471] openat /lib/x86_64-linux-gnu/libc.so.6
[471] openat /lib/x86_64-linux-gnu/libc.so.6
[472] execveat(fd=3) <memfd>
[472] execve 
[472] openat /etc/ld.so.cache
[472] openat /etc/ld.so.cache
[472] openat /lib/x86_64-linux-gnu/libc.so.6
[472] openat /lib/x86_64-linux-gnu/libc.so.6
[473] execveat(fd=3) <memfd>
[473] execve 
[473] openat /etc/ld.so.cache
[473] openat /etc/ld.so.cache
[473] openat /lib/x86_64-linux-gnu/libc.so.6
[473] openat /lib/x86_64-linux-gnu/libc.so.6
[474] execveat(fd=3) <memfd>
[474] execve 
[474] openat /etc/ld.so.cache
[474] openat /etc/ld.so.cache
[474] openat /lib/x86_64-linux-gnu/libc.so.6
[474] openat /lib/x86_64-linux-gnu/libc.so.6
[475] execveat(fd=3) <memfd>
[475] execve 
[475] openat /etc/ld.so.cache
[475] openat /etc/ld.so.cache
[475] openat /lib/x86_64-linux-gnu/libc.so.6
[475] openat /lib/x86_64-linux-gnu/libc.so.6
[476] execveat(fd=3) <memfd>
[476] execve 
[476] openat /etc/ld.so.cache
[476] openat /etc/ld.so.cache
[476] openat /lib/x86_64-linux-gnu/libc.so.6
[476] openat /lib/x86_64-linux-gnu/libc.so.6
[477] execveat(fd=3) <memfd>
[477] execve 
[477] openat /etc/ld.so.cache
[477] openat /etc/ld.so.cache
[477] openat /lib/x86_64-linux-gnu/libc.so.6
[477] openat /lib/x86_64-linux-gnu/libc.so.6
[478] execveat(fd=3) <memfd>
[478] execve 
[478] openat /etc/ld.so.cache
[478] openat /etc/ld.so.cache
[478] openat /lib/x86_64-linux-gnu/libc.so.6
[478] openat /lib/x86_64-linux-gnu/libc.so.6
[479] execveat(fd=3) <memfd>
[479] execve 
[479] openat /etc/ld.so.cache
[479] openat /etc/ld.so.cache
[479] openat /lib/x86_64-linux-gnu/libc.so.6
[479] openat /lib/x86_64-linux-gnu/libc.so.6
[480] execveat(fd=3) <memfd>
[480] execve 
[480] openat /etc/ld.so.cache
[480] openat /etc/ld.so.cache
[480] openat /lib/x86_64-linux-gnu/libc.so.6
[480] openat /lib/x86_64-linux-gnu/libc.so.6
[481] execveat(fd=3) <memfd>
[481] execve 
[481] openat /etc/ld.so.cache
[481] openat /etc/ld.so.cache
[481] openat /lib/x86_64-linux-gnu/libc.so.6
[481] openat /lib/x86_64-linux-gnu/libc.so.6
[482] execveat(fd=3) <memfd>
[482] execve 
[482] openat /etc/ld.so.cache
[482] openat /etc/ld.so.cache
[482] openat /lib/x86_64-linux-gnu/libc.so.6
[482] openat /lib/x86_64-linux-gnu/libc.so.6
[483] execveat(fd=3) <memfd>
[483] execve 
[483] openat /etc/ld.so.cache
[483] openat /etc/ld.so.cache
[483] openat /lib/x86_64-linux-gnu/libc.so.6
[483] openat /lib/x86_64-linux-gnu/libc.so.6
[484] execveat(fd=3) <memfd>
[484] execve 
[484] openat /etc/ld.so.cache
[484] openat /etc/ld.so.cache
[484] openat /lib/x86_64-linux-gnu/libc.so.6
[484] openat /lib/x86_64-linux-gnu/libc.so.6
[485] execveat(fd=3) <memfd>
[485] execve 
[485] openat /etc/ld.so.cache
[485] openat /etc/ld.so.cache
[485] openat /lib/x86_64-linux-gnu/libc.so.6
[485] openat /lib/x86_64-linux-gnu/libc.so.6
[486] execveat(fd=3) <memfd>
[486] execve 
[486] openat /etc/ld.so.cache
[486] openat /etc/ld.so.cache
[486] openat /lib/x86_64-linux-gnu/libc.so.6
[486] openat /lib/x86_64-linux-gnu/libc.so.6
[487] execveat(fd=3) <memfd>
[487] execve 
[487] openat /etc/ld.so.cache
[487] openat /etc/ld.so.cache
[487] openat /lib/x86_64-linux-gnu/libc.so.6
[487] openat /lib/x86_64-linux-gnu/libc.so.6
[488] execveat(fd=3) <memfd>
[488] execve 
[488] openat /etc/ld.so.cache
[488] openat /etc/ld.so.cache
[488] openat /lib/x86_64-linux-gnu/libc.so.6
[488] openat /lib/x86_64-linux-gnu/libc.so.6
[489] execveat(fd=3) <memfd>
[489] execve 
[489] openat /etc/ld.so.cache
[489] openat /etc/ld.so.cache
[489] openat /lib/x86_64-linux-gnu/libc.so.6
[489] openat /lib/x86_64-linux-gnu/libc.so.6
[490] execveat(fd=3) <memfd>
[490] execve 
[490] openat /etc/ld.so.cache
[490] openat /etc/ld.so.cache
[490] openat /lib/x86_64-linux-gnu/libc.so.6
[490] openat /lib/x86_64-linux-gnu/libc.so.6
[491] execveat(fd=3) <memfd>
[491] execve 
[491] openat /etc/ld.so.cache
[491] openat /etc/ld.so.cache
[491] openat /lib/x86_64-linux-gnu/libc.so.6
[491] openat /lib/x86_64-linux-gnu/libc.so.6
[492] execveat(fd=3) <memfd>
[492] execve 
[492] openat /etc/ld.so.cache
[492] openat /etc/ld.so.cache
[492] openat /lib/x86_64-linux-gnu/libc.so.6
[492] openat /lib/x86_64-linux-gnu/libc.so.6
[493] execveat(fd=3) <memfd>
[493] execve 
[493] openat /etc/ld.so.cache
[493] openat /etc/ld.so.cache
[493] openat /lib/x86_64-linux-gnu/libc.so.6
[493] openat /lib/x86_64-linux-gnu/libc.so.6
[494] execveat(fd=3) <memfd>
[494] execve 
[494] openat /etc/ld.so.cache
[494] openat /etc/ld.so.cache
[494] openat /lib/x86_64-linux-gnu/libc.so.6
[494] openat /lib/x86_64-linux-gnu/libc.so.6
[495] execveat(fd=3) <memfd>
[495] execve 
[495] openat /etc/ld.so.cache
[495] openat /etc/ld.so.cache
[495] openat /lib/x86_64-linux-gnu/libc.so.6
[495] openat /lib/x86_64-linux-gnu/libc.so.6
[496] execveat(fd=3) <memfd>
[496] execve 
[496] openat /etc/ld.so.cache
[496] openat /etc/ld.so.cache
[496] openat /lib/x86_64-linux-gnu/libc.so.6
[496] openat /lib/x86_64-linux-gnu/libc.so.6
[497] execveat(fd=3) <memfd>
[497] execve 
[497] openat /etc/ld.so.cache
[497] openat /etc/ld.so.cache
[497] openat /lib/x86_64-linux-gnu/libc.so.6
[497] openat /lib/x86_64-linux-gnu/libc.so.6
[498] execveat(fd=3) <memfd>
[498] execve 
[498] openat /etc/ld.so.cache
[498] openat /etc/ld.so.cache
[498] openat /lib/x86_64-linux-gnu/libc.so.6
[498] openat /lib/x86_64-linux-gnu/libc.so.6
[499] execveat(fd=3) <memfd>
[499] execve 
[499] openat /etc/ld.so.cache
[499] openat /etc/ld.so.cache
[499] openat /lib/x86_64-linux-gnu/libc.so.6
[499] openat /lib/x86_64-linux-gnu/libc.so.6
[500] execveat(fd=3) <memfd>
[500] execve 
[500] openat /etc/ld.so.cache
[500] openat /etc/ld.so.cache
[500] openat /lib/x86_64-linux-gnu/libc.so.6
[500] openat /lib/x86_64-linux-gnu/libc.so.6
[501] execveat(fd=3) <memfd>
[501] execve 
[501] openat /etc/ld.so.cache
[501] openat /etc/ld.so.cache
[501] openat /lib/x86_64-linux-gnu/libc.so.6
[501] openat /lib/x86_64-linux-gnu/libc.so.6
[502] execveat(fd=3) <memfd>
[502] execve 
[502] openat /etc/ld.so.cache
[502] openat /etc/ld.so.cache
[502] openat /lib/x86_64-linux-gnu/libc.so.6
[502] openat /lib/x86_64-linux-gnu/libc.so.6
[503] execveat(fd=3) <memfd>
[503] execve 
[503] openat /etc/ld.so.cache
[503] openat /etc/ld.so.cache
[503] openat /lib/x86_64-linux-gnu/libc.so.6
[503] openat /lib/x86_64-linux-gnu/libc.so.6
[504] execveat(fd=3) <memfd>
[504] execve 
[504] openat /etc/ld.so.cache
[504] openat /etc/ld.so.cache
[504] openat /lib/x86_64-linux-gnu/libc.so.6
[504] openat /lib/x86_64-linux-gnu/libc.so.6
[505] execveat(fd=3) <memfd>
[505] execve 
[505] openat /etc/ld.so.cache
[505] openat /etc/ld.so.cache
[505] openat /lib/x86_64-linux-gnu/libc.so.6
[505] openat /lib/x86_64-linux-gnu/libc.so.6
[506] execveat(fd=3) <memfd>
[506] execve 
[506] openat /etc/ld.so.cache
[506] openat /etc/ld.so.cache
[506] openat /lib/x86_64-linux-gnu/libc.so.6
[506] openat /lib/x86_64-linux-gnu/libc.so.6
[507] execveat(fd=3) <memfd>
[507] execve 
[507] openat /etc/ld.so.cache
[507] openat /etc/ld.so.cache
[507] openat /lib/x86_64-linux-gnu/libc.so.6
[507] openat /lib/x86_64-linux-gnu/libc.so.6
[508] execveat(fd=3) <memfd>
[508] execve 
[508] openat /etc/ld.so.cache
[508] openat /etc/ld.so.cache
[508] openat /lib/x86_64-linux-gnu/libc.so.6
[508] openat /lib/x86_64-linux-gnu/libc.so.6
[509] execveat(fd=3) <memfd>
[509] execve 
[509] openat /etc/ld.so.cache
[509] openat /etc/ld.so.cache
[509] openat /lib/x86_64-linux-gnu/libc.so.6
[509] openat /lib/x86_64-linux-gnu/libc.so.6
[510] execveat(fd=3) <memfd>
[510] execve 
[510] openat /etc/ld.so.cache
[510] openat /etc/ld.so.cache
[510] openat /lib/x86_64-linux-gnu/libc.so.6
[510] openat /lib/x86_64-linux-gnu/libc.so.6
[511] execveat(fd=3) <memfd>
[511] execve 
[511] openat /etc/ld.so.cache
[511] openat /etc/ld.so.cache
[511] openat /lib/x86_64-linux-gnu/libc.so.6
[511] openat /lib/x86_64-linux-gnu/libc.so.6
[512] execveat(fd=3) <memfd>
[512] execve 
[512] openat /etc/ld.so.cache
[512] openat /etc/ld.so.cache
[512] openat /lib/x86_64-linux-gnu/libc.so.6
[512] openat /lib/x86_64-linux-gnu/libc.so.6
[513] execveat(fd=3) <memfd>
[513] execve 
[513] openat /etc/ld.so.cache
[513] openat /etc/ld.so.cache
[513] openat /lib/x86_64-linux-gnu/libc.so.6
[513] openat /lib/x86_64-linux-gnu/libc.so.6
[514] execveat(fd=3) <memfd>
[514] execve 
[514] openat /etc/ld.so.cache
[514] openat /etc/ld.so.cache
[514] openat /lib/x86_64-linux-gnu/libc.so.6
[514] openat /lib/x86_64-linux-gnu/libc.so.6
[515] execveat(fd=3) <memfd>
[515] execve 
[515] openat /etc/ld.so.cache
[515] openat /etc/ld.so.cache
[515] openat /lib/x86_64-linux-gnu/libc.so.6
[515] openat /lib/x86_64-linux-gnu/libc.so.6
[516] execveat(fd=3) <memfd>
[516] execve 
[516] openat /etc/ld.so.cache
[516] openat /etc/ld.so.cache
[516] openat /lib/x86_64-linux-gnu/libc.so.6
[516] openat /lib/x86_64-linux-gnu/libc.so.6
[517] execveat(fd=3) <memfd>
[517] execve 
[517] openat /etc/ld.so.cache
[517] openat /etc/ld.so.cache
[517] openat /lib/x86_64-linux-gnu/libc.so.6
[517] openat /lib/x86_64-linux-gnu/libc.so.6
[518] execveat(fd=3) <memfd>
[518] execve 
[518] openat /etc/ld.so.cache
[518] openat /etc/ld.so.cache
[518] openat /lib/x86_64-linux-gnu/libc.so.6
[518] openat /lib/x86_64-linux-gnu/libc.so.6
[519] execveat(fd=3) <memfd>
[519] execve 
[519] openat /etc/ld.so.cache
[519] openat /etc/ld.so.cache
[519] openat /lib/x86_64-linux-gnu/libc.so.6
[519] openat /lib/x86_64-linux-gnu/libc.so.6
[520] execveat(fd=3) <memfd>
[520] execve 
[520] openat /etc/ld.so.cache
[520] openat /etc/ld.so.cache
[520] openat /lib/x86_64-linux-gnu/libc.so.6
[520] openat /lib/x86_64-linux-gnu/libc.so.6
[521] execveat(fd=3) <memfd>
[521] execve 
[521] openat /etc/ld.so.cache
[521] openat /etc/ld.so.cache
[521] openat /lib/x86_64-linux-gnu/libc.so.6
[521] openat /lib/x86_64-linux-gnu/libc.so.6
[522] execveat(fd=3) <memfd>
[522] execve 
[522] openat /etc/ld.so.cache
[522] openat /etc/ld.so.cache
[522] openat /lib/x86_64-linux-gnu/libc.so.6
[522] openat /lib/x86_64-linux-gnu/libc.so.6
[523] execveat(fd=3) <memfd>
[523] execve 
[523] openat /etc/ld.so.cache
[523] openat /etc/ld.so.cache
[523] openat /lib/x86_64-linux-gnu/libc.so.6
[523] openat /lib/x86_64-linux-gnu/libc.so.6
[524] execveat(fd=3) <memfd>
[524] execve 
[524] openat /etc/ld.so.cache
[524] openat /etc/ld.so.cache
[524] openat /lib/x86_64-linux-gnu/libc.so.6
[524] openat /lib/x86_64-linux-gnu/libc.so.6
[525] execveat(fd=3) <memfd>
[525] execve 
[525] openat /etc/ld.so.cache
[525] openat /etc/ld.so.cache
[525] openat /lib/x86_64-linux-gnu/libc.so.6
[525] openat /lib/x86_64-linux-gnu/libc.so.6
[526] execveat(fd=3) <memfd>
[526] execve 
[526] openat /etc/ld.so.cache
[526] openat /etc/ld.so.cache
[526] openat /lib/x86_64-linux-gnu/libc.so.6
[526] openat /lib/x86_64-linux-gnu/libc.so.6
[527] execveat(fd=3) <memfd>
[527] execve 
[527] openat /etc/ld.so.cache
[527] openat /etc/ld.so.cache
[527] openat /lib/x86_64-linux-gnu/libc.so.6
[527] openat /lib/x86_64-linux-gnu/libc.so.6
[528] execveat(fd=3) <memfd>
[528] execve 
[528] openat /etc/ld.so.cache
[528] openat /etc/ld.so.cache
[528] openat /lib/x86_64-linux-gnu/libc.so.6
[528] openat /lib/x86_64-linux-gnu/libc.so.6
[529] execveat(fd=3) <memfd>
[529] execve 
[529] openat /etc/ld.so.cache
[529] openat /etc/ld.so.cache
[529] openat /lib/x86_64-linux-gnu/libc.so.6
[529] openat /lib/x86_64-linux-gnu/libc.so.6
[530] execveat(fd=3) <memfd>
[530] execve 
[530] openat /etc/ld.so.cache
[530] openat /etc/ld.so.cache
[530] openat /lib/x86_64-linux-gnu/libc.so.6
[530] openat /lib/x86_64-linux-gnu/libc.so.6
[531] execveat(fd=3) <memfd>
[531] execve 
[531] openat /etc/ld.so.cache
[531] openat /etc/ld.so.cache
[531] openat /lib/x86_64-linux-gnu/libc.so.6
[531] openat /lib/x86_64-linux-gnu/libc.so.6
[532] execveat(fd=3) <memfd>
[532] execve 
[532] openat /etc/ld.so.cache
[532] openat /etc/ld.so.cache
[532] openat /lib/x86_64-linux-gnu/libc.so.6
[532] openat /lib/x86_64-linux-gnu/libc.so.6
[533] execveat(fd=3) <memfd>
[533] execve 
[533] openat /etc/ld.so.cache
[533] openat /etc/ld.so.cache
[533] openat /lib/x86_64-linux-gnu/libc.so.6
[533] openat /lib/x86_64-linux-gnu/libc.so.6
[534] execveat(fd=3) <memfd>
[534] execve 
[534] openat /etc/ld.so.cache
[534] openat /etc/ld.so.cache
[534] openat /lib/x86_64-linux-gnu/libc.so.6
[534] openat /lib/x86_64-linux-gnu/libc.so.6
[535] execveat(fd=3) <memfd>
[535] execve 
[535] openat /etc/ld.so.cache
[535] openat /etc/ld.so.cache
[535] openat /lib/x86_64-linux-gnu/libc.so.6
[535] openat /lib/x86_64-linux-gnu/libc.so.6
[536] execveat(fd=3) <memfd>
[536] execve 
[536] openat /etc/ld.so.cache
[536] openat /etc/ld.so.cache
[536] openat /lib/x86_64-linux-gnu/libc.so.6
[536] openat /lib/x86_64-linux-gnu/libc.so.6
[537] execveat(fd=3) <memfd>
[537] execve 
[537] openat /etc/ld.so.cache
[537] openat /etc/ld.so.cache
[537] openat /lib/x86_64-linux-gnu/libc.so.6
[537] openat /lib/x86_64-linux-gnu/libc.so.6
[538] execveat(fd=3) <memfd>
[538] execve 
[538] openat /etc/ld.so.cache
[538] openat /etc/ld.so.cache
[538] openat /lib/x86_64-linux-gnu/libc.so.6
[538] openat /lib/x86_64-linux-gnu/libc.so.6
[539] execveat(fd=3) <memfd>
[539] execve 
[539] openat /etc/ld.so.cache
[539] openat /etc/ld.so.cache
[539] openat /lib/x86_64-linux-gnu/libc.so.6
[539] openat /lib/x86_64-linux-gnu/libc.so.6
[540] execveat(fd=3) <memfd>
[540] execve 
[540] openat /etc/ld.so.cache
[540] openat /etc/ld.so.cache
[540] openat /lib/x86_64-linux-gnu/libc.so.6
[540] openat /lib/x86_64-linux-gnu/libc.so.6
[541] execveat(fd=3) <memfd>
[541] execve 
[541] openat /etc/ld.so.cache
[541] openat /etc/ld.so.cache
[541] openat /lib/x86_64-linux-gnu/libc.so.6
[541] openat /lib/x86_64-linux-gnu/libc.so.6
[542] execveat(fd=3) <memfd>
[542] execve 
[542] openat /etc/ld.so.cache
[542] openat /etc/ld.so.cache
[542] openat /lib/x86_64-linux-gnu/libc.so.6
[542] openat /lib/x86_64-linux-gnu/libc.so.6
[543] execveat(fd=3) <memfd>
[543] execve 
[543] openat /etc/ld.so.cache
[543] openat /etc/ld.so.cache
[543] openat /lib/x86_64-linux-gnu/libc.so.6
[543] openat /lib/x86_64-linux-gnu/libc.so.6
[544] execveat(fd=3) <memfd>
[544] execve 
[544] openat /etc/ld.so.cache
[544] openat /etc/ld.so.cache
[544] openat /lib/x86_64-linux-gnu/libc.so.6
[544] openat /lib/x86_64-linux-gnu/libc.so.6
[545] execveat(fd=3) <memfd>
[545] execve 
[545] openat /etc/ld.so.cache
[545] openat /etc/ld.so.cache
[545] openat /lib/x86_64-linux-gnu/libc.so.6
[545] openat /lib/x86_64-linux-gnu/libc.so.6
[546] execveat(fd=3) <memfd>
[546] execve 
[546] openat /etc/ld.so.cache
[546] openat /etc/ld.so.cache
[546] openat /lib/x86_64-linux-gnu/libc.so.6
[546] openat /lib/x86_64-linux-gnu/libc.so.6
[547] execveat(fd=3) <memfd>
[547] execve 
[547] openat /etc/ld.so.cache
[547] openat /etc/ld.so.cache
[547] openat /lib/x86_64-linux-gnu/libc.so.6
[547] openat /lib/x86_64-linux-gnu/libc.so.6
[548] execveat(fd=3) <memfd>
[548] execve 
[548] openat /etc/ld.so.cache
[548] openat /etc/ld.so.cache
[548] openat /lib/x86_64-linux-gnu/libc.so.6
[548] openat /lib/x86_64-linux-gnu/libc.so.6
[549] execveat(fd=3) <memfd>
[549] execve 
[549] openat /etc/ld.so.cache
[549] openat /etc/ld.so.cache
[549] openat /lib/x86_64-linux-gnu/libc.so.6
[549] openat /lib/x86_64-linux-gnu/libc.so.6
[550] execveat(fd=3) <memfd>
[550] execve 
[550] openat /etc/ld.so.cache
[550] openat /etc/ld.so.cache
[550] openat /lib/x86_64-linux-gnu/libc.so.6
[550] openat /lib/x86_64-linux-gnu/libc.so.6
[551] execveat(fd=3) <memfd>
[551] execve 
[551] openat /etc/ld.so.cache
[551] openat /etc/ld.so.cache
[551] openat /lib/x86_64-linux-gnu/libc.so.6
[551] openat /lib/x86_64-linux-gnu/libc.so.6
[552] execveat(fd=3) <memfd>
[552] execve 
[552] openat /etc/ld.so.cache
[552] openat /etc/ld.so.cache
[552] openat /lib/x86_64-linux-gnu/libc.so.6
[552] openat /lib/x86_64-linux-gnu/libc.so.6
[553] execveat(fd=3) <memfd>
[553] execve 
[553] openat /etc/ld.so.cache
[553] openat /etc/ld.so.cache
[553] openat /lib/x86_64-linux-gnu/libc.so.6
[553] openat /lib/x86_64-linux-gnu/libc.so.6
[554] execveat(fd=3) <memfd>
[554] execve 
[554] openat /etc/ld.so.cache
[554] openat /etc/ld.so.cache
[554] openat /lib/x86_64-linux-gnu/libc.so.6
[554] openat /lib/x86_64-linux-gnu/libc.so.6
[555] execveat(fd=3) <memfd>
[555] execve 
[555] openat /etc/ld.so.cache
[555] openat /etc/ld.so.cache
[555] openat /lib/x86_64-linux-gnu/libc.so.6
[555] openat /lib/x86_64-linux-gnu/libc.so.6
[556] execveat(fd=3) <memfd>
[556] execve 
[556] openat /etc/ld.so.cache
[556] openat /etc/ld.so.cache
[556] openat /lib/x86_64-linux-gnu/libc.so.6
[556] openat /lib/x86_64-linux-gnu/libc.so.6
[557] execveat(fd=3) <memfd>
[557] execve 
[557] openat /etc/ld.so.cache
[557] openat /etc/ld.so.cache
[557] openat /lib/x86_64-linux-gnu/libc.so.6
[557] openat /lib/x86_64-linux-gnu/libc.so.6
[558] execveat(fd=3) <memfd>
[558] execve 
[558] openat /etc/ld.so.cache
[558] openat /etc/ld.so.cache
[558] openat /lib/x86_64-linux-gnu/libc.so.6
[558] openat /lib/x86_64-linux-gnu/libc.so.6
[559] execveat(fd=3) <memfd>
[559] execve 
[559] openat /etc/ld.so.cache
[559] openat /etc/ld.so.cache
[559] openat /lib/x86_64-linux-gnu/libc.so.6
[559] openat /lib/x86_64-linux-gnu/libc.so.6
[560] execveat(fd=3) <memfd>
[560] execve 
[560] openat /etc/ld.so.cache
[560] openat /etc/ld.so.cache
[560] openat /lib/x86_64-linux-gnu/libc.so.6
[560] openat /lib/x86_64-linux-gnu/libc.so.6
[561] execveat(fd=3) <memfd>
[561] execve 
[561] openat /etc/ld.so.cache
[561] openat /etc/ld.so.cache
[561] openat /lib/x86_64-linux-gnu/libc.so.6
[561] openat /lib/x86_64-linux-gnu/libc.so.6
[562] execveat(fd=3) <memfd>
[562] execve 
[562] openat /etc/ld.so.cache
[562] openat /etc/ld.so.cache
[562] openat /lib/x86_64-linux-gnu/libc.so.6
[562] openat /lib/x86_64-linux-gnu/libc.so.6
[563] execveat(fd=3) <memfd>
[563] execve 
[563] openat /etc/ld.so.cache
[563] openat /etc/ld.so.cache
[563] openat /lib/x86_64-linux-gnu/libc.so.6
[563] openat /lib/x86_64-linux-gnu/libc.so.6
[564] execveat(fd=3) <memfd>
[564] execve 
[564] openat /etc/ld.so.cache
[564] openat /etc/ld.so.cache
[564] openat /lib/x86_64-linux-gnu/libc.so.6
[564] openat /lib/x86_64-linux-gnu/libc.so.6
[565] execveat(fd=3) <memfd>
[565] execve 
[565] openat /etc/ld.so.cache
[565] openat /etc/ld.so.cache
[565] openat /lib/x86_64-linux-gnu/libc.so.6
[565] openat /lib/x86_64-linux-gnu/libc.so.6
[566] execveat(fd=3) <memfd>
[566] execve 
[566] openat /etc/ld.so.cache
[566] openat /etc/ld.so.cache
[566] openat /lib/x86_64-linux-gnu/libc.so.6
[566] openat /lib/x86_64-linux-gnu/libc.so.6
[567] execveat(fd=3) <memfd>
[567] execve 
[567] openat /etc/ld.so.cache
[567] openat /etc/ld.so.cache
[567] openat /lib/x86_64-linux-gnu/libc.so.6
[567] openat /lib/x86_64-linux-gnu/libc.so.6
[568] execveat(fd=3) <memfd>
[568] execve 
[568] openat /etc/ld.so.cache
[568] openat /etc/ld.so.cache
[568] openat /lib/x86_64-linux-gnu/libc.so.6
[568] openat /lib/x86_64-linux-gnu/libc.so.6
[569] execveat(fd=3) <memfd>
[569] execve 
[569] openat /etc/ld.so.cache
[569] openat /etc/ld.so.cache
[569] openat /lib/x86_64-linux-gnu/libc.so.6
[569] openat /lib/x86_64-linux-gnu/libc.so.6
[570] execveat(fd=3) <memfd>
[570] execve 
[570] openat /etc/ld.so.cache
[570] openat /etc/ld.so.cache
[570] openat /lib/x86_64-linux-gnu/libc.so.6
[570] openat /lib/x86_64-linux-gnu/libc.so.6
[571] execveat(fd=3) <memfd>
[571] execve 
[571] openat /etc/ld.so.cache
[571] openat /etc/ld.so.cache
[571] openat /lib/x86_64-linux-gnu/libc.so.6
[571] openat /lib/x86_64-linux-gnu/libc.so.6
[572] execveat(fd=3) <memfd>
[572] execve 
[572] openat /etc/ld.so.cache
[572] openat /etc/ld.so.cache
[572] openat /lib/x86_64-linux-gnu/libc.so.6
[572] openat /lib/x86_64-linux-gnu/libc.so.6
[573] execveat(fd=3) <memfd>
[573] execve 
[573] openat /etc/ld.so.cache
[573] openat /etc/ld.so.cache
[573] openat /lib/x86_64-linux-gnu/libc.so.6
[573] openat /lib/x86_64-linux-gnu/libc.so.6
[574] execveat(fd=3) <memfd>
[574] execve 
[574] openat /etc/ld.so.cache
[574] openat /etc/ld.so.cache
[574] openat /lib/x86_64-linux-gnu/libc.so.6
[574] openat /lib/x86_64-linux-gnu/libc.so.6
[575] execveat(fd=3) <memfd>
[575] execve 
[575] openat /etc/ld.so.cache
[575] openat /etc/ld.so.cache
[575] openat /lib/x86_64-linux-gnu/libc.so.6
[575] openat /lib/x86_64-linux-gnu/libc.so.6
[576] execveat(fd=3) <memfd>
[576] execve 
[576] openat /etc/ld.so.cache
[576] openat /etc/ld.so.cache
[576] openat /lib/x86_64-linux-gnu/libc.so.6
[576] openat /lib/x86_64-linux-gnu/libc.so.6
[577] execveat(fd=3) <memfd>
[577] execve 
[577] openat /etc/ld.so.cache
[577] openat /etc/ld.so.cache
[577] openat /lib/x86_64-linux-gnu/libc.so.6
[577] openat /lib/x86_64-linux-gnu/libc.so.6
[578] execveat(fd=3) <memfd>
[578] execve 
[578] openat /etc/ld.so.cache
[578] openat /etc/ld.so.cache
[578] openat /lib/x86_64-linux-gnu/libc.so.6
[578] openat /lib/x86_64-linux-gnu/libc.so.6
[579] execveat(fd=3) <memfd>
[579] execve 
[579] openat /etc/ld.so.cache
[579] openat /etc/ld.so.cache
[579] openat /lib/x86_64-linux-gnu/libc.so.6
[579] openat /lib/x86_64-linux-gnu/libc.so.6
[580] execveat(fd=3) <memfd>
[580] execve 
[580] openat /etc/ld.so.cache
[580] openat /etc/ld.so.cache
[580] openat /lib/x86_64-linux-gnu/libc.so.6
[580] openat /lib/x86_64-linux-gnu/libc.so.6
[581] execveat(fd=3) <memfd>
[581] execve 
[581] openat /etc/ld.so.cache
[581] openat /etc/ld.so.cache
[581] openat /lib/x86_64-linux-gnu/libc.so.6
[581] openat /lib/x86_64-linux-gnu/libc.so.6
[582] execveat(fd=3) <memfd>
[582] execve 
[582] openat /etc/ld.so.cache
[582] openat /etc/ld.so.cache
[582] openat /lib/x86_64-linux-gnu/libc.so.6
[582] openat /lib/x86_64-linux-gnu/libc.so.6
[583] execveat(fd=3) <memfd>
[583] execve 
[583] openat /etc/ld.so.cache
[583] openat /etc/ld.so.cache
[583] openat /lib/x86_64-linux-gnu/libc.so.6
[583] openat /lib/x86_64-linux-gnu/libc.so.6
[584] execveat(fd=3) <memfd>
[584] execve 
[584] openat /etc/ld.so.cache
[584] openat /etc/ld.so.cache
[584] openat /lib/x86_64-linux-gnu/libc.so.6
[584] openat /lib/x86_64-linux-gnu/libc.so.6
[585] execveat(fd=3) <memfd>
[585] execve 
[585] openat /etc/ld.so.cache
[585] openat /etc/ld.so.cache
[585] openat /lib/x86_64-linux-gnu/libc.so.6
[585] openat /lib/x86_64-linux-gnu/libc.so.6
[586] execveat(fd=3) <memfd>
[586] execve 
[586] openat /etc/ld.so.cache
[586] openat /etc/ld.so.cache
[586] openat /lib/x86_64-linux-gnu/libc.so.6
[586] openat /lib/x86_64-linux-gnu/libc.so.6
[587] execveat(fd=3) <memfd>
[587] execve 
[587] openat /etc/ld.so.cache
[587] openat /etc/ld.so.cache
[587] openat /lib/x86_64-linux-gnu/libc.so.6
[587] openat /lib/x86_64-linux-gnu/libc.so.6
[588] execveat(fd=3) <memfd>
[588] execve 
[588] openat /etc/ld.so.cache
[588] openat /etc/ld.so.cache
[588] openat /lib/x86_64-linux-gnu/libc.so.6
[588] openat /lib/x86_64-linux-gnu/libc.so.6
[589] execveat(fd=3) <memfd>
[589] execve 
[589] openat /etc/ld.so.cache
[589] openat /etc/ld.so.cache
[589] openat /lib/x86_64-linux-gnu/libc.so.6
[589] openat /lib/x86_64-linux-gnu/libc.so.6
[590] execveat(fd=3) <memfd>
[590] execve 
[590] openat /etc/ld.so.cache
[590] openat /etc/ld.so.cache
[590] openat /lib/x86_64-linux-gnu/libc.so.6
[590] openat /lib/x86_64-linux-gnu/libc.so.6
[591] execveat(fd=3) <memfd>
[591] execve 
[591] openat /etc/ld.so.cache
[591] openat /etc/ld.so.cache
[591] openat /lib/x86_64-linux-gnu/libc.so.6
[591] openat /lib/x86_64-linux-gnu/libc.so.6
[592] execveat(fd=3) <memfd>
[592] execve 
[592] openat /etc/ld.so.cache
[592] openat /etc/ld.so.cache
[592] openat /lib/x86_64-linux-gnu/libc.so.6
[592] openat /lib/x86_64-linux-gnu/libc.so.6
[593] execveat(fd=3) <memfd>
[593] execve 
[593] openat /etc/ld.so.cache
[593] openat /etc/ld.so.cache
[593] openat /lib/x86_64-linux-gnu/libc.so.6
[593] openat /lib/x86_64-linux-gnu/libc.so.6
[594] execveat(fd=3) <memfd>
[594] execve 
[594] openat /etc/ld.so.cache
[594] openat /etc/ld.so.cache
[594] openat /lib/x86_64-linux-gnu/libc.so.6
[594] openat /lib/x86_64-linux-gnu/libc.so.6
[595] execveat(fd=3) <memfd>
[595] execve 
[595] openat /etc/ld.so.cache
[595] openat /etc/ld.so.cache
[595] openat /lib/x86_64-linux-gnu/libc.so.6
[595] openat /lib/x86_64-linux-gnu/libc.so.6
[596] execveat(fd=3) <memfd>
[596] execve 
[596] openat /etc/ld.so.cache
[596] openat /etc/ld.so.cache
[596] openat /lib/x86_64-linux-gnu/libc.so.6
[596] openat /lib/x86_64-linux-gnu/libc.so.6
[597] execveat(fd=3) <memfd>
[597] execve 
[597] openat /etc/ld.so.cache
[597] openat /etc/ld.so.cache
[597] openat /lib/x86_64-linux-gnu/libc.so.6
[597] openat /lib/x86_64-linux-gnu/libc.so.6
[598] execveat(fd=3) <memfd>
[598] execve 
[598] openat /etc/ld.so.cache
[598] openat /etc/ld.so.cache
[598] openat /lib/x86_64-linux-gnu/libc.so.6
[598] openat /lib/x86_64-linux-gnu/libc.so.6
[599] execveat(fd=3) <memfd>
[599] execve 
[599] openat /etc/ld.so.cache
[599] openat /etc/ld.so.cache
[599] openat /lib/x86_64-linux-gnu/libc.so.6
[599] openat /lib/x86_64-linux-gnu/libc.so.6
[600] execveat(fd=3) <memfd>
[600] execve 
[600] openat /etc/ld.so.cache
[600] openat /etc/ld.so.cache
[600] openat /lib/x86_64-linux-gnu/libc.so.6
[600] openat /lib/x86_64-linux-gnu/libc.so.6
[601] execveat(fd=3) <memfd>
[601] execve 
[601] openat /etc/ld.so.cache
[601] openat /etc/ld.so.cache
[601] openat /lib/x86_64-linux-gnu/libc.so.6
[601] openat /lib/x86_64-linux-gnu/libc.so.6
[602] execveat(fd=3) <memfd>
[602] execve 
[602] openat /etc/ld.so.cache
[602] openat /etc/ld.so.cache
[602] openat /lib/x86_64-linux-gnu/libc.so.6
[602] openat /lib/x86_64-linux-gnu/libc.so.6
[603] execveat(fd=3) <memfd>
[603] execve 
[603] openat /etc/ld.so.cache
[603] openat /etc/ld.so.cache
[603] openat /lib/x86_64-linux-gnu/libc.so.6
[603] openat /lib/x86_64-linux-gnu/libc.so.6
[604] execveat(fd=3) <memfd>
[604] execve 
[604] openat /etc/ld.so.cache
[604] openat /etc/ld.so.cache
[604] openat /lib/x86_64-linux-gnu/libc.so.6
[604] openat /lib/x86_64-linux-gnu/libc.so.6
[605] execveat(fd=3) <memfd>
[605] execve 
[605] openat /etc/ld.so.cache
[605] openat /etc/ld.so.cache
[605] openat /lib/x86_64-linux-gnu/libc.so.6
[605] openat /lib/x86_64-linux-gnu/libc.so.6
[606] execveat(fd=3) <memfd>
[606] execve 
[606] openat /etc/ld.so.cache
[606] openat /etc/ld.so.cache
[606] openat /lib/x86_64-linux-gnu/libc.so.6
[606] openat /lib/x86_64-linux-gnu/libc.so.6
[607] execveat(fd=3) <memfd>
[607] execve 
[607] openat /etc/ld.so.cache
[607] openat /etc/ld.so.cache
[607] openat /lib/x86_64-linux-gnu/libc.so.6
[607] openat /lib/x86_64-linux-gnu/libc.so.6
[608] execveat(fd=3) <memfd>
[608] execve 
[608] openat /etc/ld.so.cache
[608] openat /etc/ld.so.cache
[608] openat /lib/x86_64-linux-gnu/libc.so.6
[608] openat /lib/x86_64-linux-gnu/libc.so.6
[609] execveat(fd=3) <memfd>
[609] execve 
[609] openat /etc/ld.so.cache
[609] openat /etc/ld.so.cache
[609] openat /lib/x86_64-linux-gnu/libc.so.6
[609] openat /lib/x86_64-linux-gnu/libc.so.6
[610] execveat(fd=3) <memfd>
[610] execve 
[610] openat /etc/ld.so.cache
[610] openat /etc/ld.so.cache
[610] openat /lib/x86_64-linux-gnu/libc.so.6
[610] openat /lib/x86_64-linux-gnu/libc.so.6
[611] execveat(fd=3) <memfd>
[611] execve 
[611] openat /etc/ld.so.cache
[611] openat /etc/ld.so.cache
[611] openat /lib/x86_64-linux-gnu/libc.so.6
[611] openat /lib/x86_64-linux-gnu/libc.so.6
[612] execveat(fd=3) <memfd>
[612] execve 
[612] openat /etc/ld.so.cache
[612] openat /etc/ld.so.cache
[612] openat /lib/x86_64-linux-gnu/libc.so.6
[612] openat /lib/x86_64-linux-gnu/libc.so.6
[613] execveat(fd=3) <memfd>
[613] execve 
[613] openat /etc/ld.so.cache
[613] openat /etc/ld.so.cache
[613] openat /lib/x86_64-linux-gnu/libc.so.6
[613] openat /lib/x86_64-linux-gnu/libc.so.6
[614] execveat(fd=3) <memfd>
[614] execve 
[614] openat /etc/ld.so.cache
[614] openat /etc/ld.so.cache
[614] openat /lib/x86_64-linux-gnu/libc.so.6
[614] openat /lib/x86_64-linux-gnu/libc.so.6
[615] execveat(fd=3) <memfd>
[615] execve 
[615] openat /etc/ld.so.cache
[615] openat /etc/ld.so.cache
[615] openat /lib/x86_64-linux-gnu/libc.so.6
[615] openat /lib/x86_64-linux-gnu/libc.so.6
[616] execveat(fd=3) <memfd>
[616] execve 
[616] openat /etc/ld.so.cache
[616] openat /etc/ld.so.cache
[616] openat /lib/x86_64-linux-gnu/libc.so.6
[616] openat /lib/x86_64-linux-gnu/libc.so.6
[617] execveat(fd=3) <memfd>
[617] execve 
[617] openat /etc/ld.so.cache
[617] openat /etc/ld.so.cache
[617] openat /lib/x86_64-linux-gnu/libc.so.6
[617] openat /lib/x86_64-linux-gnu/libc.so.6
[618] execveat(fd=3) <memfd>
[618] execve 
[618] openat /etc/ld.so.cache
[618] openat /etc/ld.so.cache
[618] openat /lib/x86_64-linux-gnu/libc.so.6
[618] openat /lib/x86_64-linux-gnu/libc.so.6
[619] execveat(fd=3) <memfd>
[619] execve 
[619] openat /etc/ld.so.cache
[619] openat /etc/ld.so.cache
[619] openat /lib/x86_64-linux-gnu/libc.so.6
[619] openat /lib/x86_64-linux-gnu/libc.so.6
[620] execveat(fd=3) <memfd>
[620] execve 
[620] openat /etc/ld.so.cache
[620] openat /etc/ld.so.cache
[620] openat /lib/x86_64-linux-gnu/libc.so.6
[620] openat /lib/x86_64-linux-gnu/libc.so.6
[621] execveat(fd=3) <memfd>
[621] execve 
[621] openat /etc/ld.so.cache
[621] openat /etc/ld.so.cache
[621] openat /lib/x86_64-linux-gnu/libc.so.6
[621] openat /lib/x86_64-linux-gnu/libc.so.6
[622] execveat(fd=3) <memfd>
[622] execve 
[622] openat /etc/ld.so.cache
[622] openat /etc/ld.so.cache
[622] openat /lib/x86_64-linux-gnu/libc.so.6
[622] openat /lib/x86_64-linux-gnu/libc.so.6
[623] execveat(fd=3) <memfd>
[623] execve 
[623] openat /etc/ld.so.cache
[623] openat /etc/ld.so.cache
[623] openat /lib/x86_64-linux-gnu/libc.so.6
[623] openat /lib/x86_64-linux-gnu/libc.so.6
[624] execveat(fd=3) <memfd>
[624] execve 
[624] openat /etc/ld.so.cache
[624] openat /etc/ld.so.cache
[624] openat /lib/x86_64-linux-gnu/libc.so.6
[624] openat /lib/x86_64-linux-gnu/libc.so.6
[625] execveat(fd=3) <memfd>
[625] execve 
[625] openat /etc/ld.so.cache
[625] openat /etc/ld.so.cache
[625] openat /lib/x86_64-linux-gnu/libc.so.6
[625] openat /lib/x86_64-linux-gnu/libc.so.6
[626] execveat(fd=3) <memfd>
[626] execve 
[626] openat /etc/ld.so.cache
[626] openat /etc/ld.so.cache
[626] openat /lib/x86_64-linux-gnu/libc.so.6
[626] openat /lib/x86_64-linux-gnu/libc.so.6
[627] execveat(fd=3) <memfd>
[627] execve 
[627] openat /etc/ld.so.cache
[627] openat /etc/ld.so.cache
[627] openat /lib/x86_64-linux-gnu/libc.so.6
[627] openat /lib/x86_64-linux-gnu/libc.so.6
[628] execveat(fd=3) <memfd>
[628] execve 
[628] openat /etc/ld.so.cache
[628] openat /etc/ld.so.cache
[628] openat /lib/x86_64-linux-gnu/libc.so.6
[628] openat /lib/x86_64-linux-gnu/libc.so.6
[629] execveat(fd=3) <memfd>
[629] execve 
[629] openat /etc/ld.so.cache
[629] openat /etc/ld.so.cache
[629] openat /lib/x86_64-linux-gnu/libc.so.6
[629] openat /lib/x86_64-linux-gnu/libc.so.6
[630] execveat(fd=3) <memfd>
[630] execve 
[630] openat /etc/ld.so.cache
[630] openat /etc/ld.so.cache
[630] openat /lib/x86_64-linux-gnu/libc.so.6
[630] openat /lib/x86_64-linux-gnu/libc.so.6
[631] execveat(fd=3) <memfd>
[631] execve 
[631] openat /etc/ld.so.cache
[631] openat /etc/ld.so.cache
[631] openat /lib/x86_64-linux-gnu/libc.so.6
[631] openat /lib/x86_64-linux-gnu/libc.so.6
[632] execveat(fd=3) <memfd>
[632] execve 
[632] openat /etc/ld.so.cache
[632] openat /etc/ld.so.cache
[632] openat /lib/x86_64-linux-gnu/libc.so.6
[632] openat /lib/x86_64-linux-gnu/libc.so.6
[633] execveat(fd=3) <memfd>
[633] execve 
[633] openat /etc/ld.so.cache
[633] openat /etc/ld.so.cache
[633] openat /lib/x86_64-linux-gnu/libc.so.6
[633] openat /lib/x86_64-linux-gnu/libc.so.6
[634] execveat(fd=3) <memfd>
[634] execve 
[634] openat /etc/ld.so.cache
[634] openat /etc/ld.so.cache
[634] openat /lib/x86_64-linux-gnu/libc.so.6
[634] openat /lib/x86_64-linux-gnu/libc.so.6
[635] execveat(fd=3) <memfd>
[635] execve 
[635] openat /etc/ld.so.cache
[635] openat /etc/ld.so.cache
[635] openat /lib/x86_64-linux-gnu/libc.so.6
[635] openat /lib/x86_64-linux-gnu/libc.so.6
[636] execveat(fd=3) <memfd>
[636] execve 
[636] openat /etc/ld.so.cache
[636] openat /etc/ld.so.cache
[636] openat /lib/x86_64-linux-gnu/libc.so.6
[636] openat /lib/x86_64-linux-gnu/libc.so.6
[637] execveat(fd=3) <memfd>
[637] execve 
[637] openat /etc/ld.so.cache
[637] openat /etc/ld.so.cache
[637] openat /lib/x86_64-linux-gnu/libc.so.6
[637] openat /lib/x86_64-linux-gnu/libc.so.6
[638] execveat(fd=3) <memfd>
[638] execve 
[638] openat /etc/ld.so.cache
[638] openat /etc/ld.so.cache
[638] openat /lib/x86_64-linux-gnu/libc.so.6
[638] openat /lib/x86_64-linux-gnu/libc.so.6
[639] execveat(fd=3) <memfd>
[639] execve 
[639] openat /etc/ld.so.cache
[639] openat /etc/ld.so.cache
[639] openat /lib/x86_64-linux-gnu/libc.so.6
[639] openat /lib/x86_64-linux-gnu/libc.so.6
[640] execveat(fd=3) <memfd>
[640] execve 
[640] openat /etc/ld.so.cache
[640] openat /etc/ld.so.cache
[640] openat /lib/x86_64-linux-gnu/libc.so.6
[640] openat /lib/x86_64-linux-gnu/libc.so.6
[641] execveat(fd=3) <memfd>
[641] execve 
[641] openat /etc/ld.so.cache
[641] openat /etc/ld.so.cache
[641] openat /lib/x86_64-linux-gnu/libc.so.6
[641] openat /lib/x86_64-linux-gnu/libc.so.6
[642] execveat(fd=3) <memfd>
[642] execve 
[642] openat /etc/ld.so.cache
[642] openat /etc/ld.so.cache
[642] openat /lib/x86_64-linux-gnu/libc.so.6
[642] openat /lib/x86_64-linux-gnu/libc.so.6
[643] execveat(fd=3) <memfd>
[643] execve 
[643] openat /etc/ld.so.cache
[643] openat /etc/ld.so.cache
[643] openat /lib/x86_64-linux-gnu/libc.so.6
[643] openat /lib/x86_64-linux-gnu/libc.so.6
[644] execveat(fd=3) <memfd>
[644] execve 
[644] openat /etc/ld.so.cache
[644] openat /etc/ld.so.cache
[644] openat /lib/x86_64-linux-gnu/libc.so.6
[644] openat /lib/x86_64-linux-gnu/libc.so.6
[645] execveat(fd=3) <memfd>
[645] execve 
[645] openat /etc/ld.so.cache
[645] openat /etc/ld.so.cache
[645] openat /lib/x86_64-linux-gnu/libc.so.6
[645] openat /lib/x86_64-linux-gnu/libc.so.6
[646] execveat(fd=3) <memfd>
[646] execve 
[646] openat /etc/ld.so.cache
[646] openat /etc/ld.so.cache
[646] openat /lib/x86_64-linux-gnu/libc.so.6
[646] openat /lib/x86_64-linux-gnu/libc.so.6
[647] execveat(fd=3) <memfd>
[647] execve 
[647] openat /etc/ld.so.cache
[647] openat /etc/ld.so.cache
[647] openat /lib/x86_64-linux-gnu/libc.so.6
[647] openat /lib/x86_64-linux-gnu/libc.so.6
[648] execveat(fd=3) <memfd>
[648] execve 
[648] openat /etc/ld.so.cache
[648] openat /etc/ld.so.cache
[648] openat /lib/x86_64-linux-gnu/libc.so.6
[648] openat /lib/x86_64-linux-gnu/libc.so.6
[649] execveat(fd=3) <memfd>
[649] execve 
[649] openat /etc/ld.so.cache
[649] openat /etc/ld.so.cache
[649] openat /lib/x86_64-linux-gnu/libc.so.6
[649] openat /lib/x86_64-linux-gnu/libc.so.6
[650] execveat(fd=3) <memfd>
[650] execve 
[650] openat /etc/ld.so.cache
[650] openat /etc/ld.so.cache
[650] openat /lib/x86_64-linux-gnu/libc.so.6
[650] openat /lib/x86_64-linux-gnu/libc.so.6
[651] execveat(fd=3) <memfd>
[651] execve 
[651] openat /etc/ld.so.cache
[651] openat /etc/ld.so.cache
[651] openat /lib/x86_64-linux-gnu/libc.so.6
[651] openat /lib/x86_64-linux-gnu/libc.so.6
[652] execveat(fd=3) <memfd>
[652] execve 
[652] openat /etc/ld.so.cache
[652] openat /etc/ld.so.cache
[652] openat /lib/x86_64-linux-gnu/libc.so.6
[652] openat /lib/x86_64-linux-gnu/libc.so.6
[653] execveat(fd=3) <memfd>
[653] execve 
[653] openat /etc/ld.so.cache
[653] openat /etc/ld.so.cache
[653] openat /lib/x86_64-linux-gnu/libc.so.6
[653] openat /lib/x86_64-linux-gnu/libc.so.6
[654] execveat(fd=3) <memfd>
[654] execve 
[654] openat /etc/ld.so.cache
[654] openat /etc/ld.so.cache
[654] openat /lib/x86_64-linux-gnu/libc.so.6
[654] openat /lib/x86_64-linux-gnu/libc.so.6
[655] execveat(fd=3) <memfd>
[655] execve 
[655] openat /etc/ld.so.cache
[655] openat /etc/ld.so.cache
[655] openat /lib/x86_64-linux-gnu/libc.so.6
[655] openat /lib/x86_64-linux-gnu/libc.so.6
[656] execveat(fd=3) <memfd>
[656] execve 
[656] openat /etc/ld.so.cache
[656] openat /etc/ld.so.cache
[656] openat /lib/x86_64-linux-gnu/libc.so.6
[656] openat /lib/x86_64-linux-gnu/libc.so.6
[657] execveat(fd=3) <memfd>
[657] execve 
[657] openat /etc/ld.so.cache
[657] openat /etc/ld.so.cache
[657] openat /lib/x86_64-linux-gnu/libc.so.6
[657] openat /lib/x86_64-linux-gnu/libc.so.6
[658] execveat(fd=3) <memfd>
[658] execve 
[658] openat /etc/ld.so.cache
[658] openat /etc/ld.so.cache
[658] openat /lib/x86_64-linux-gnu/libc.so.6
[658] openat /lib/x86_64-linux-gnu/libc.so.6
[659] execveat(fd=3) <memfd>
[659] execve 
[659] openat /etc/ld.so.cache
[659] openat /etc/ld.so.cache
[659] openat /lib/x86_64-linux-gnu/libc.so.6
[659] openat /lib/x86_64-linux-gnu/libc.so.6
[660] execveat(fd=3) <memfd>
[660] execve 
[660] openat /etc/ld.so.cache
[660] openat /etc/ld.so.cache
[660] openat /lib/x86_64-linux-gnu/libc.so.6
[660] openat /lib/x86_64-linux-gnu/libc.so.6
[661] execveat(fd=3) <memfd>
[661] execve 
[661] openat /etc/ld.so.cache
[661] openat /etc/ld.so.cache
[661] openat /lib/x86_64-linux-gnu/libc.so.6
[661] openat /lib/x86_64-linux-gnu/libc.so.6
[662] execveat(fd=3) <memfd>
[662] execve 
[662] openat /etc/ld.so.cache
[662] openat /etc/ld.so.cache
[662] openat /lib/x86_64-linux-gnu/libc.so.6
[662] openat /lib/x86_64-linux-gnu/libc.so.6
[663] execveat(fd=3) <memfd>
[663] execve 
[663] openat /etc/ld.so.cache
[663] openat /etc/ld.so.cache
[663] openat /lib/x86_64-linux-gnu/libc.so.6
[663] openat /lib/x86_64-linux-gnu/libc.so.6
[664] execveat(fd=3) <memfd>
[664] execve 
[664] openat /etc/ld.so.cache
[664] openat /etc/ld.so.cache
[664] openat /lib/x86_64-linux-gnu/libc.so.6
[664] openat /lib/x86_64-linux-gnu/libc.so.6
[665] execveat(fd=3) <memfd>
[665] execve 
[665] openat /etc/ld.so.cache
[665] openat /etc/ld.so.cache
[665] openat /lib/x86_64-linux-gnu/libc.so.6
[665] openat /lib/x86_64-linux-gnu/libc.so.6
[666] execveat(fd=3) <memfd>
[666] execve 
[666] openat /etc/ld.so.cache
[666] openat /etc/ld.so.cache
[666] openat /lib/x86_64-linux-gnu/libc.so.6
[666] openat /lib/x86_64-linux-gnu/libc.so.6
[667] execveat(fd=3) <memfd>
[667] execve 
[667] openat /etc/ld.so.cache
[667] openat /etc/ld.so.cache
[667] openat /lib/x86_64-linux-gnu/libc.so.6
[667] openat /lib/x86_64-linux-gnu/libc.so.6
[668] execveat(fd=3) <memfd>
[668] execve 
[668] openat /etc/ld.so.cache
[668] openat /etc/ld.so.cache
[668] openat /lib/x86_64-linux-gnu/libc.so.6
[668] openat /lib/x86_64-linux-gnu/libc.so.6
[669] execveat(fd=3) <memfd>
[669] execve 
[669] openat /etc/ld.so.cache
[669] openat /etc/ld.so.cache
[669] openat /lib/x86_64-linux-gnu/libc.so.6
[669] openat /lib/x86_64-linux-gnu/libc.so.6
[670] execveat(fd=3) <memfd>
[670] execve 
[670] openat /etc/ld.so.cache
[670] openat /etc/ld.so.cache
[670] openat /lib/x86_64-linux-gnu/libc.so.6
[670] openat /lib/x86_64-linux-gnu/libc.so.6
[671] execveat(fd=3) <memfd>
[671] execve 
[671] openat /etc/ld.so.cache
[671] openat /etc/ld.so.cache
[671] openat /lib/x86_64-linux-gnu/libc.so.6
[671] openat /lib/x86_64-linux-gnu/libc.so.6
[672] execveat(fd=3) <memfd>
[672] execve 
[672] openat /etc/ld.so.cache
[672] openat /etc/ld.so.cache
[672] openat /lib/x86_64-linux-gnu/libc.so.6
[672] openat /lib/x86_64-linux-gnu/libc.so.6
[673] execveat(fd=3) <memfd>
[673] execve 
[673] openat /etc/ld.so.cache
[673] openat /etc/ld.so.cache
[673] openat /lib/x86_64-linux-gnu/libc.so.6
[673] openat /lib/x86_64-linux-gnu/libc.so.6
[674] execveat(fd=3) <memfd>
[674] execve 
[674] openat /etc/ld.so.cache
[674] openat /etc/ld.so.cache
[674] openat /lib/x86_64-linux-gnu/libc.so.6
[674] openat /lib/x86_64-linux-gnu/libc.so.6
[675] execveat(fd=3) <memfd>
[675] execve 
[675] openat /etc/ld.so.cache
[675] openat /etc/ld.so.cache
[675] openat /lib/x86_64-linux-gnu/libc.so.6
[675] openat /lib/x86_64-linux-gnu/libc.so.6
[676] execveat(fd=3) <memfd>
[676] execve 
[676] openat /etc/ld.so.cache
[676] openat /etc/ld.so.cache
[676] openat /lib/x86_64-linux-gnu/libc.so.6
[676] openat /lib/x86_64-linux-gnu/libc.so.6
[677] execveat(fd=3) <memfd>
[677] execve 
[677] openat /etc/ld.so.cache
[677] openat /etc/ld.so.cache
[677] openat /lib/x86_64-linux-gnu/libc.so.6
[677] openat /lib/x86_64-linux-gnu/libc.so.6
[678] execveat(fd=3) <memfd>
[678] execve 
[678] openat /etc/ld.so.cache
[678] openat /etc/ld.so.cache
[678] openat /lib/x86_64-linux-gnu/libc.so.6
[678] openat /lib/x86_64-linux-gnu/libc.so.6
[679] execveat(fd=3) <memfd>
[679] execve 
[679] openat /etc/ld.so.cache
[679] openat /etc/ld.so.cache
[679] openat /lib/x86_64-linux-gnu/libc.so.6
[679] openat /lib/x86_64-linux-gnu/libc.so.6
[680] execveat(fd=3) <memfd>
[680] execve 
[680] openat /etc/ld.so.cache
[680] openat /etc/ld.so.cache
[680] openat /lib/x86_64-linux-gnu/libc.so.6
[680] openat /lib/x86_64-linux-gnu/libc.so.6
[681] execveat(fd=3) <memfd>
[681] execve 
[681] openat /etc/ld.so.cache
[681] openat /etc/ld.so.cache
[681] openat /lib/x86_64-linux-gnu/libc.so.6
[681] openat /lib/x86_64-linux-gnu/libc.so.6
[682] execveat(fd=3) <memfd>
[682] execve 
[682] openat /etc/ld.so.cache
[682] openat /etc/ld.so.cache
[682] openat /lib/x86_64-linux-gnu/libc.so.6
[682] openat /lib/x86_64-linux-gnu/libc.so.6
[683] execveat(fd=3) <memfd>
[683] execve 
[683] openat /etc/ld.so.cache
[683] openat /etc/ld.so.cache
[683] openat /lib/x86_64-linux-gnu/libc.so.6
[683] openat /lib/x86_64-linux-gnu/libc.so.6
[684] execveat(fd=3) <memfd>
[684] execve 
[684] openat /etc/ld.so.cache
[684] openat /etc/ld.so.cache
[684] openat /lib/x86_64-linux-gnu/libc.so.6
[684] openat /lib/x86_64-linux-gnu/libc.so.6
[685] execveat(fd=3) <memfd>
[685] execve 
[685] openat /etc/ld.so.cache
[685] openat /etc/ld.so.cache
[685] openat /lib/x86_64-linux-gnu/libc.so.6
[685] openat /lib/x86_64-linux-gnu/libc.so.6
[686] execveat(fd=3) <memfd>
[686] execve 
[686] openat /etc/ld.so.cache
[686] openat /etc/ld.so.cache
[686] openat /lib/x86_64-linux-gnu/libc.so.6
[686] openat /lib/x86_64-linux-gnu/libc.so.6
[687] execveat(fd=3) <memfd>
[687] execve 
[687] openat /etc/ld.so.cache
[687] openat /etc/ld.so.cache
[687] openat /lib/x86_64-linux-gnu/libc.so.6
[687] openat /lib/x86_64-linux-gnu/libc.so.6
[688] execveat(fd=3) <memfd>
[688] execve 
[688] openat /etc/ld.so.cache
[688] openat /etc/ld.so.cache
[688] openat /lib/x86_64-linux-gnu/libc.so.6
[688] openat /lib/x86_64-linux-gnu/libc.so.6
[689] execveat(fd=3) <memfd>
[689] execve 
[689] openat /etc/ld.so.cache
[689] openat /etc/ld.so.cache
[689] openat /lib/x86_64-linux-gnu/libc.so.6
[689] openat /lib/x86_64-linux-gnu/libc.so.6
[690] execveat(fd=3) <memfd>
[690] execve 
[690] openat /etc/ld.so.cache
[690] openat /etc/ld.so.cache
[690] openat /lib/x86_64-linux-gnu/libc.so.6
[690] openat /lib/x86_64-linux-gnu/libc.so.6
[691] execveat(fd=3) <memfd>
[691] execve 
[691] openat /etc/ld.so.cache
[691] openat /etc/ld.so.cache
[691] openat /lib/x86_64-linux-gnu/libc.so.6
[691] openat /lib/x86_64-linux-gnu/libc.so.6
[692] execveat(fd=3) <memfd>
[692] execve 
[692] openat /etc/ld.so.cache
[692] openat /etc/ld.so.cache
[692] openat /lib/x86_64-linux-gnu/libc.so.6
[692] openat /lib/x86_64-linux-gnu/libc.so.6
[693] execveat(fd=3) <memfd>
[693] execve 
[693] openat /etc/ld.so.cache
[693] openat /etc/ld.so.cache
[693] openat /lib/x86_64-linux-gnu/libc.so.6
[693] openat /lib/x86_64-linux-gnu/libc.so.6
[694] execveat(fd=3) <memfd>
[694] execve 
[694] openat /etc/ld.so.cache
[694] openat /etc/ld.so.cache
[694] openat /lib/x86_64-linux-gnu/libc.so.6
[694] openat /lib/x86_64-linux-gnu/libc.so.6
[695] execveat(fd=3) <memfd>
[695] execve 
[695] openat /etc/ld.so.cache
[695] openat /etc/ld.so.cache
[695] openat /lib/x86_64-linux-gnu/libc.so.6
[695] openat /lib/x86_64-linux-gnu/libc.so.6
[696] execveat(fd=3) <memfd>
[696] execve 
[696] openat /etc/ld.so.cache
[696] openat /etc/ld.so.cache
[696] openat /lib/x86_64-linux-gnu/libc.so.6
[696] openat /lib/x86_64-linux-gnu/libc.so.6
[697] execveat(fd=3) <memfd>
[697] execve 
[697] openat /etc/ld.so.cache
[697] openat /etc/ld.so.cache
[697] openat /lib/x86_64-linux-gnu/libc.so.6
[697] openat /lib/x86_64-linux-gnu/libc.so.6
[698] execveat(fd=3) <memfd>
[698] execve 
[698] openat /etc/ld.so.cache
[698] openat /etc/ld.so.cache
[698] openat /lib/x86_64-linux-gnu/libc.so.6
[698] openat /lib/x86_64-linux-gnu/libc.so.6
[699] execveat(fd=3) <memfd>
[699] execve 
[699] openat /etc/ld.so.cache
[699] openat /etc/ld.so.cache
[699] openat /lib/x86_64-linux-gnu/libc.so.6
[699] openat /lib/x86_64-linux-gnu/libc.so.6
[700] execveat(fd=3) <memfd>
[700] execve 
[700] openat /etc/ld.so.cache
[700] openat /etc/ld.so.cache
[700] openat /lib/x86_64-linux-gnu/libc.so.6
[700] openat /lib/x86_64-linux-gnu/libc.so.6
[701] execveat(fd=3) <memfd>
[701] execve 
[701] openat /etc/ld.so.cache
[701] openat /etc/ld.so.cache
[701] openat /lib/x86_64-linux-gnu/libc.so.6
[701] openat /lib/x86_64-linux-gnu/libc.so.6
[702] execveat(fd=3) <memfd>
[702] execve 
[702] openat /etc/ld.so.cache
[702] openat /etc/ld.so.cache
[702] openat /lib/x86_64-linux-gnu/libc.so.6
[702] openat /lib/x86_64-linux-gnu/libc.so.6
[703] execveat(fd=3) <memfd>
[703] execve 
[703] openat /etc/ld.so.cache
[703] openat /etc/ld.so.cache
[703] openat /lib/x86_64-linux-gnu/libc.so.6
[703] openat /lib/x86_64-linux-gnu/libc.so.6
[704] execveat(fd=3) <memfd>
[704] execve 
[704] openat /etc/ld.so.cache
[704] openat /etc/ld.so.cache
[704] openat /lib/x86_64-linux-gnu/libc.so.6
[704] openat /lib/x86_64-linux-gnu/libc.so.6
[705] execveat(fd=3) <memfd>
[705] execve 
[705] openat /etc/ld.so.cache
[705] openat /etc/ld.so.cache
[705] openat /lib/x86_64-linux-gnu/libc.so.6
[705] openat /lib/x86_64-linux-gnu/libc.so.6
[706] execveat(fd=3) <memfd>
[706] execve 
[706] openat /etc/ld.so.cache
[706] openat /etc/ld.so.cache
[706] openat /lib/x86_64-linux-gnu/libc.so.6
[706] openat /lib/x86_64-linux-gnu/libc.so.6
[707] execveat(fd=3) <memfd>
[707] execve 
[707] openat /etc/ld.so.cache
[707] openat /etc/ld.so.cache
[707] openat /lib/x86_64-linux-gnu/libc.so.6
[707] openat /lib/x86_64-linux-gnu/libc.so.6
[708] execveat(fd=3) <memfd>
[708] execve 
[708] openat /etc/ld.so.cache
[708] openat /etc/ld.so.cache
[708] openat /lib/x86_64-linux-gnu/libc.so.6
[708] openat /lib/x86_64-linux-gnu/libc.so.6
[709] execveat(fd=3) <memfd>
[709] execve 
[709] openat /etc/ld.so.cache
[709] openat /etc/ld.so.cache
[709] openat /lib/x86_64-linux-gnu/libc.so.6
[709] openat /lib/x86_64-linux-gnu/libc.so.6
[710] execveat(fd=3) <memfd>
[710] execve 
[710] openat /etc/ld.so.cache
[710] openat /etc/ld.so.cache
[710] openat /lib/x86_64-linux-gnu/libc.so.6
[710] openat /lib/x86_64-linux-gnu/libc.so.6
[711] execveat(fd=3) <memfd>
[711] execve 
[711] openat /etc/ld.so.cache
[711] openat /etc/ld.so.cache
[711] openat /lib/x86_64-linux-gnu/libc.so.6
[711] openat /lib/x86_64-linux-gnu/libc.so.6
[712] execveat(fd=3) <memfd>
[712] execve 
[712] openat /etc/ld.so.cache
[712] openat /etc/ld.so.cache
[712] openat /lib/x86_64-linux-gnu/libc.so.6
[712] openat /lib/x86_64-linux-gnu/libc.so.6
[713] execveat(fd=3) <memfd>
[713] execve 
[713] openat /etc/ld.so.cache
[713] openat /etc/ld.so.cache
[713] openat /lib/x86_64-linux-gnu/libc.so.6
[713] openat /lib/x86_64-linux-gnu/libc.so.6
[714] execveat(fd=3) <memfd>
[714] execve 
[714] openat /etc/ld.so.cache
[714] openat /etc/ld.so.cache
[714] openat /lib/x86_64-linux-gnu/libc.so.6
[714] openat /lib/x86_64-linux-gnu/libc.so.6
[715] execveat(fd=3) <memfd>
[715] execve 
[715] openat /etc/ld.so.cache
[715] openat /etc/ld.so.cache
[715] openat /lib/x86_64-linux-gnu/libc.so.6
[715] openat /lib/x86_64-linux-gnu/libc.so.6
[716] execveat(fd=3) <memfd>
[716] execve 
[716] openat /etc/ld.so.cache
[716] openat /etc/ld.so.cache
[716] openat /lib/x86_64-linux-gnu/libc.so.6
[716] openat /lib/x86_64-linux-gnu/libc.so.6
[717] execveat(fd=3) <memfd>
[717] execve 
[717] openat /etc/ld.so.cache
[717] openat /etc/ld.so.cache
[717] openat /lib/x86_64-linux-gnu/libc.so.6
[717] openat /lib/x86_64-linux-gnu/libc.so.6
[718] execveat(fd=3) <memfd>
[718] execve 
[718] openat /etc/ld.so.cache
[718] openat /etc/ld.so.cache
[718] openat /lib/x86_64-linux-gnu/libc.so.6
[718] openat /lib/x86_64-linux-gnu/libc.so.6
[719] execveat(fd=3) <memfd>
[719] execve 
[719] openat /etc/ld.so.cache
[719] openat /etc/ld.so.cache
[719] openat /lib/x86_64-linux-gnu/libc.so.6
[719] openat /lib/x86_64-linux-gnu/libc.so.6
[720] execveat(fd=3) <memfd>
[720] execve 
[720] openat /etc/ld.so.cache
[720] openat /etc/ld.so.cache
[720] openat /lib/x86_64-linux-gnu/libc.so.6
[720] openat /lib/x86_64-linux-gnu/libc.so.6
[721] execveat(fd=3) <memfd>
[721] execve 
[721] openat /etc/ld.so.cache
[721] openat /etc/ld.so.cache
[721] openat /lib/x86_64-linux-gnu/libc.so.6
[721] openat /lib/x86_64-linux-gnu/libc.so.6
[722] execveat(fd=3) <memfd>
[722] execve 
[722] openat /etc/ld.so.cache
[722] openat /etc/ld.so.cache
[722] openat /lib/x86_64-linux-gnu/libc.so.6
[722] openat /lib/x86_64-linux-gnu/libc.so.6
[723] execveat(fd=3) <memfd>
[723] execve 
[723] openat /etc/ld.so.cache
[723] openat /etc/ld.so.cache
[723] openat /lib/x86_64-linux-gnu/libc.so.6
[723] openat /lib/x86_64-linux-gnu/libc.so.6
[724] execveat(fd=3) <memfd>
[724] execve 
[724] openat /etc/ld.so.cache
[724] openat /etc/ld.so.cache
[724] openat /lib/x86_64-linux-gnu/libc.so.6
[724] openat /lib/x86_64-linux-gnu/libc.so.6
[725] execveat(fd=3) <memfd>
[725] execve 
[725] openat /etc/ld.so.cache
[725] openat /etc/ld.so.cache
[725] openat /lib/x86_64-linux-gnu/libc.so.6
[725] openat /lib/x86_64-linux-gnu/libc.so.6
[726] execveat(fd=3) <memfd>
[726] execve 
[726] openat /etc/ld.so.cache
[726] openat /etc/ld.so.cache
[726] openat /lib/x86_64-linux-gnu/libc.so.6
[726] openat /lib/x86_64-linux-gnu/libc.so.6
[727] execveat(fd=3) <memfd>
[727] execve 
[727] openat /etc/ld.so.cache
[727] openat /etc/ld.so.cache
[727] openat /lib/x86_64-linux-gnu/libc.so.6
[727] openat /lib/x86_64-linux-gnu/libc.so.6
[728] execveat(fd=3) <memfd>
[728] execve 
[728] openat /etc/ld.so.cache
[728] openat /etc/ld.so.cache
[728] openat /lib/x86_64-linux-gnu/libc.so.6
[728] openat /lib/x86_64-linux-gnu/libc.so.6
[729] execveat(fd=3) <memfd>
[729] execve 
[729] openat /etc/ld.so.cache
[729] openat /etc/ld.so.cache
[729] openat /lib/x86_64-linux-gnu/libc.so.6
[729] openat /lib/x86_64-linux-gnu/libc.so.6
[730] execveat(fd=3) <memfd>
[730] execve 
[730] openat /etc/ld.so.cache
[730] openat /etc/ld.so.cache
[730] openat /lib/x86_64-linux-gnu/libc.so.6
[730] openat /lib/x86_64-linux-gnu/libc.so.6
[731] execveat(fd=3) <memfd>
[731] execve 
[731] openat /etc/ld.so.cache
[731] openat /etc/ld.so.cache
[731] openat /lib/x86_64-linux-gnu/libc.so.6
[731] openat /lib/x86_64-linux-gnu/libc.so.6
[732] execveat(fd=3) <memfd>
[732] execve 
[732] openat /etc/ld.so.cache
[732] openat /etc/ld.so.cache
[732] openat /lib/x86_64-linux-gnu/libc.so.6
[732] openat /lib/x86_64-linux-gnu/libc.so.6
[733] execveat(fd=3) <memfd>
[733] execve 
[733] openat /etc/ld.so.cache
[733] openat /etc/ld.so.cache
[733] openat /lib/x86_64-linux-gnu/libc.so.6
[733] openat /lib/x86_64-linux-gnu/libc.so.6
[734] execveat(fd=3) <memfd>
[734] execve 
[734] openat /etc/ld.so.cache
[734] openat /etc/ld.so.cache
[734] openat /lib/x86_64-linux-gnu/libc.so.6
[734] openat /lib/x86_64-linux-gnu/libc.so.6
[735] execveat(fd=3) <memfd>
[735] execve 
[735] openat /etc/ld.so.cache
[735] openat /etc/ld.so.cache
[735] openat /lib/x86_64-linux-gnu/libc.so.6
[735] openat /lib/x86_64-linux-gnu/libc.so.6
[736] execveat(fd=3) <memfd>
[736] execve 
[736] openat /etc/ld.so.cache
[736] openat /etc/ld.so.cache
[736] openat /lib/x86_64-linux-gnu/libc.so.6
[736] openat /lib/x86_64-linux-gnu/libc.so.6
[737] execveat(fd=3) <memfd>
[737] execve 
[737] openat /etc/ld.so.cache
[737] openat /etc/ld.so.cache
[737] openat /lib/x86_64-linux-gnu/libc.so.6
[737] openat /lib/x86_64-linux-gnu/libc.so.6
[738] execveat(fd=3) <memfd>
[738] execve 
[738] openat /etc/ld.so.cache
[738] openat /etc/ld.so.cache
[738] openat /lib/x86_64-linux-gnu/libc.so.6
[738] openat /lib/x86_64-linux-gnu/libc.so.6
[739] execveat(fd=3) <memfd>
[739] execve 
[739] openat /etc/ld.so.cache
[739] openat /etc/ld.so.cache
[739] openat /lib/x86_64-linux-gnu/libc.so.6
[739] openat /lib/x86_64-linux-gnu/libc.so.6
[740] execveat(fd=3) <memfd>
[740] execve 
[740] openat /etc/ld.so.cache
[740] openat /etc/ld.so.cache
[740] openat /lib/x86_64-linux-gnu/libc.so.6
[740] openat /lib/x86_64-linux-gnu/libc.so.6
[741] execveat(fd=3) <memfd>
[741] execve 
[741] openat /etc/ld.so.cache
[741] openat /etc/ld.so.cache
[741] openat /lib/x86_64-linux-gnu/libc.so.6
[741] openat /lib/x86_64-linux-gnu/libc.so.6
[742] execveat(fd=3) <memfd>
[742] execve 
[742] openat /etc/ld.so.cache
[742] openat /etc/ld.so.cache
[742] openat /lib/x86_64-linux-gnu/libc.so.6
[742] openat /lib/x86_64-linux-gnu/libc.so.6
[743] execveat(fd=3) <memfd>
[743] execve 
[743] openat /etc/ld.so.cache
[743] openat /etc/ld.so.cache
[743] openat /lib/x86_64-linux-gnu/libc.so.6
[743] openat /lib/x86_64-linux-gnu/libc.so.6
[744] execveat(fd=3) <memfd>
[744] execve 
[744] openat /etc/ld.so.cache
[744] openat /etc/ld.so.cache
[744] openat /lib/x86_64-linux-gnu/libc.so.6
[744] openat /lib/x86_64-linux-gnu/libc.so.6
[745] execveat(fd=3) <memfd>
[745] execve 
[745] openat /etc/ld.so.cache
[745] openat /etc/ld.so.cache
[745] openat /lib/x86_64-linux-gnu/libc.so.6
[745] openat /lib/x86_64-linux-gnu/libc.so.6
[746] execveat(fd=3) <memfd>
[746] execve 
[746] openat /etc/ld.so.cache
[746] openat /etc/ld.so.cache
[746] openat /lib/x86_64-linux-gnu/libc.so.6
[746] openat /lib/x86_64-linux-gnu/libc.so.6
[747] execveat(fd=3) <memfd>
[747] execve 
[747] openat /etc/ld.so.cache
[747] openat /etc/ld.so.cache
[747] openat /lib/x86_64-linux-gnu/libc.so.6
[747] openat /lib/x86_64-linux-gnu/libc.so.6
[748] execveat(fd=3) <memfd>
[748] execve 
[748] openat /etc/ld.so.cache
[748] openat /etc/ld.so.cache
[748] openat /lib/x86_64-linux-gnu/libc.so.6
[748] openat /lib/x86_64-linux-gnu/libc.so.6
[749] execveat(fd=3) <memfd>
[749] execve 
[749] openat /etc/ld.so.cache
[749] openat /etc/ld.so.cache
[749] openat /lib/x86_64-linux-gnu/libc.so.6
[749] openat /lib/x86_64-linux-gnu/libc.so.6
[750] execveat(fd=3) <memfd>
[750] execve 
[750] openat /etc/ld.so.cache
[750] openat /etc/ld.so.cache
[750] openat /lib/x86_64-linux-gnu/libc.so.6
[750] openat /lib/x86_64-linux-gnu/libc.so.6
[751] execveat(fd=3) <memfd>
[751] execve 
[751] openat /etc/ld.so.cache
[751] openat /etc/ld.so.cache
[751] openat /lib/x86_64-linux-gnu/libc.so.6
[751] openat /lib/x86_64-linux-gnu/libc.so.6
[752] execveat(fd=3) <memfd>
[752] execve 
[752] openat /etc/ld.so.cache
[752] openat /etc/ld.so.cache
[752] openat /lib/x86_64-linux-gnu/libc.so.6
[752] openat /lib/x86_64-linux-gnu/libc.so.6
[753] execveat(fd=3) <memfd>
[753] execve 
[753] openat /etc/ld.so.cache
[753] openat /etc/ld.so.cache
[753] openat /lib/x86_64-linux-gnu/libc.so.6
[753] openat /lib/x86_64-linux-gnu/libc.so.6
[754] execveat(fd=3) <memfd>
[754] execve 
[754] openat /etc/ld.so.cache
[754] openat /etc/ld.so.cache
[754] openat /lib/x86_64-linux-gnu/libc.so.6
[754] openat /lib/x86_64-linux-gnu/libc.so.6
[755] execveat(fd=3) <memfd>
[755] execve 
[755] openat /etc/ld.so.cache
[755] openat /etc/ld.so.cache
[755] openat /lib/x86_64-linux-gnu/libc.so.6
[755] openat /lib/x86_64-linux-gnu/libc.so.6
[756] execveat(fd=3) <memfd>
[756] execve 
[756] openat /etc/ld.so.cache
[756] openat /etc/ld.so.cache
[756] openat /lib/x86_64-linux-gnu/libc.so.6
[756] openat /lib/x86_64-linux-gnu/libc.so.6
[757] execveat(fd=3) <memfd>
[757] execve 
[757] openat /etc/ld.so.cache
[757] openat /etc/ld.so.cache
[757] openat /lib/x86_64-linux-gnu/libc.so.6
[757] openat /lib/x86_64-linux-gnu/libc.so.6
[758] execveat(fd=3) <memfd>
[758] execve 
[758] openat /etc/ld.so.cache
[758] openat /etc/ld.so.cache
[758] openat /lib/x86_64-linux-gnu/libc.so.6
[758] openat /lib/x86_64-linux-gnu/libc.so.6
[759] execveat(fd=3) <memfd>
[759] execve 
[759] openat /etc/ld.so.cache
[759] openat /etc/ld.so.cache
[759] openat /lib/x86_64-linux-gnu/libc.so.6
[759] openat /lib/x86_64-linux-gnu/libc.so.6
[760] execveat(fd=3) <memfd>
[760] execve 
[760] openat /etc/ld.so.cache
[760] openat /etc/ld.so.cache
[760] openat /lib/x86_64-linux-gnu/libc.so.6
[760] openat /lib/x86_64-linux-gnu/libc.so.6
[761] execveat(fd=3) <memfd>
[761] execve 
[761] openat /etc/ld.so.cache
[761] openat /etc/ld.so.cache
[761] openat /lib/x86_64-linux-gnu/libc.so.6
[761] openat /lib/x86_64-linux-gnu/libc.so.6
[762] execveat(fd=3) <memfd>
[762] execve 
[762] openat /etc/ld.so.cache
[762] openat /etc/ld.so.cache
[762] openat /lib/x86_64-linux-gnu/libc.so.6
[762] openat /lib/x86_64-linux-gnu/libc.so.6
[763] execveat(fd=3) <memfd>
[763] execve 
[763] openat /etc/ld.so.cache
[763] openat /etc/ld.so.cache
[763] openat /lib/x86_64-linux-gnu/libc.so.6
[763] openat /lib/x86_64-linux-gnu/libc.so.6
[764] execveat(fd=3) <memfd>
[764] execve 
[764] openat /etc/ld.so.cache
[764] openat /etc/ld.so.cache
[764] openat /lib/x86_64-linux-gnu/libc.so.6
[764] openat /lib/x86_64-linux-gnu/libc.so.6
[765] execveat(fd=3) <memfd>
[765] execve 
[765] openat /etc/ld.so.cache
[765] openat /etc/ld.so.cache
[765] openat /lib/x86_64-linux-gnu/libc.so.6
[765] openat /lib/x86_64-linux-gnu/libc.so.6
[766] execveat(fd=3) <memfd>
[766] execve 
[766] openat /etc/ld.so.cache
[766] openat /etc/ld.so.cache
[766] openat /lib/x86_64-linux-gnu/libc.so.6
[766] openat /lib/x86_64-linux-gnu/libc.so.6
[767] execveat(fd=3) <memfd>
[767] execve 
[767] openat /etc/ld.so.cache
[767] openat /etc/ld.so.cache
[767] openat /lib/x86_64-linux-gnu/libc.so.6
[767] openat /lib/x86_64-linux-gnu/libc.so.6
[768] execveat(fd=3) <memfd>
[768] execve 
[768] openat /etc/ld.so.cache
[768] openat /etc/ld.so.cache
[768] openat /lib/x86_64-linux-gnu/libc.so.6
[768] openat /lib/x86_64-linux-gnu/libc.so.6
[769] execveat(fd=3) <memfd>
[769] execve 
[769] openat /etc/ld.so.cache
[769] openat /etc/ld.so.cache
[769] openat /lib/x86_64-linux-gnu/libc.so.6
[769] openat /lib/x86_64-linux-gnu/libc.so.6
[770] execveat(fd=3) <memfd>
[770] execve 
[770] openat /etc/ld.so.cache
[770] openat /etc/ld.so.cache
[770] openat /lib/x86_64-linux-gnu/libc.so.6
[770] openat /lib/x86_64-linux-gnu/libc.so.6
[771] execveat(fd=3) <memfd>
[771] execve 
[771] openat /etc/ld.so.cache
[771] openat /etc/ld.so.cache
[771] openat /lib/x86_64-linux-gnu/libc.so.6
[771] openat /lib/x86_64-linux-gnu/libc.so.6
[772] execveat(fd=3) <memfd>
[772] execve 
[772] openat /etc/ld.so.cache
[772] openat /etc/ld.so.cache
[772] openat /lib/x86_64-linux-gnu/libc.so.6
[772] openat /lib/x86_64-linux-gnu/libc.so.6
[773] execveat(fd=3) <memfd>
[773] execve 
[773] openat /etc/ld.so.cache
[773] openat /etc/ld.so.cache
[773] openat /lib/x86_64-linux-gnu/libc.so.6
[773] openat /lib/x86_64-linux-gnu/libc.so.6
[774] execveat(fd=3) <memfd>
[774] execve 
[774] openat /etc/ld.so.cache
[774] openat /etc/ld.so.cache
[774] openat /lib/x86_64-linux-gnu/libc.so.6
[774] openat /lib/x86_64-linux-gnu/libc.so.6
[775] execveat(fd=3) <memfd>
[775] execve 
[775] openat /etc/ld.so.cache
[775] openat /etc/ld.so.cache
[775] openat /lib/x86_64-linux-gnu/libc.so.6
[775] openat /lib/x86_64-linux-gnu/libc.so.6
[776] execveat(fd=3) <memfd>
[776] execve 
[776] openat /etc/ld.so.cache
[776] openat /etc/ld.so.cache
[776] openat /lib/x86_64-linux-gnu/libc.so.6
[776] openat /lib/x86_64-linux-gnu/libc.so.6
[777] execveat(fd=3) <memfd>
[777] execve 
[777] openat /etc/ld.so.cache
[777] openat /etc/ld.so.cache
[777] openat /lib/x86_64-linux-gnu/libc.so.6
[777] openat /lib/x86_64-linux-gnu/libc.so.6
[778] execveat(fd=3) <memfd>
[778] execve 
[778] openat /etc/ld.so.cache
[778] openat /etc/ld.so.cache
[778] openat /lib/x86_64-linux-gnu/libc.so.6
[778] openat /lib/x86_64-linux-gnu/libc.so.6
[779] execveat(fd=3) <memfd>
[779] execve 
[779] openat /etc/ld.so.cache
[779] openat /etc/ld.so.cache
[779] openat /lib/x86_64-linux-gnu/libc.so.6
[779] openat /lib/x86_64-linux-gnu/libc.so.6
[780] execveat(fd=3) <memfd>
[780] execve 
[780] openat /etc/ld.so.cache
[780] openat /etc/ld.so.cache
[780] openat /lib/x86_64-linux-gnu/libc.so.6
[780] openat /lib/x86_64-linux-gnu/libc.so.6
[781] execveat(fd=3) <memfd>
[781] execve 
[781] openat /etc/ld.so.cache
[781] openat /etc/ld.so.cache
[781] openat /lib/x86_64-linux-gnu/libc.so.6
[781] openat /lib/x86_64-linux-gnu/libc.so.6
[782] execveat(fd=3) <memfd>
[782] execve 
[782] openat /etc/ld.so.cache
[782] openat /etc/ld.so.cache
[782] openat /lib/x86_64-linux-gnu/libc.so.6
[782] openat /lib/x86_64-linux-gnu/libc.so.6
[783] execveat(fd=3) <memfd>
[783] execve 
[783] openat /etc/ld.so.cache
[783] openat /etc/ld.so.cache
[783] openat /lib/x86_64-linux-gnu/libc.so.6
[783] openat /lib/x86_64-linux-gnu/libc.so.6
[784] execveat(fd=3) <memfd>
[784] execve 
[784] openat /etc/ld.so.cache
[784] openat /etc/ld.so.cache
[784] openat /lib/x86_64-linux-gnu/libc.so.6
[784] openat /lib/x86_64-linux-gnu/libc.so.6
[785] execveat(fd=3) <memfd>
[785] execve 
[785] openat /etc/ld.so.cache
[785] openat /etc/ld.so.cache
[785] openat /lib/x86_64-linux-gnu/libc.so.6
[785] openat /lib/x86_64-linux-gnu/libc.so.6
[786] execveat(fd=3) <memfd>
[786] execve 
[786] openat /etc/ld.so.cache
[786] openat /etc/ld.so.cache
[786] openat /lib/x86_64-linux-gnu/libc.so.6
[786] openat /lib/x86_64-linux-gnu/libc.so.6
[787] execveat(fd=3) <memfd>
[787] execve 
[787] openat /etc/ld.so.cache
[787] openat /etc/ld.so.cache
[787] openat /lib/x86_64-linux-gnu/libc.so.6
[787] openat /lib/x86_64-linux-gnu/libc.so.6
[788] execveat(fd=3) <memfd>
[788] execve 
[788] openat /etc/ld.so.cache
[788] openat /etc/ld.so.cache
[788] openat /lib/x86_64-linux-gnu/libc.so.6
[788] openat /lib/x86_64-linux-gnu/libc.so.6
[789] execveat(fd=3) <memfd>
[789] execve 
[789] openat /etc/ld.so.cache
[789] openat /etc/ld.so.cache
[789] openat /lib/x86_64-linux-gnu/libc.so.6
[789] openat /lib/x86_64-linux-gnu/libc.so.6
[790] execveat(fd=3) <memfd>
[790] execve 
[790] openat /etc/ld.so.cache
[790] openat /etc/ld.so.cache
[790] openat /lib/x86_64-linux-gnu/libc.so.6
[790] openat /lib/x86_64-linux-gnu/libc.so.6
[791] execveat(fd=3) <memfd>
[791] execve 
[791] openat /etc/ld.so.cache
[791] openat /etc/ld.so.cache
[791] openat /lib/x86_64-linux-gnu/libc.so.6
[791] openat /lib/x86_64-linux-gnu/libc.so.6
[792] execveat(fd=3) <memfd>
[792] execve 
[792] openat /etc/ld.so.cache
[792] openat /etc/ld.so.cache
[792] openat /lib/x86_64-linux-gnu/libc.so.6
[792] openat /lib/x86_64-linux-gnu/libc.so.6
[793] execveat(fd=3) <memfd>
[793] execve 
[793] openat /etc/ld.so.cache
[793] openat /etc/ld.so.cache
[793] openat /lib/x86_64-linux-gnu/libc.so.6
[793] openat /lib/x86_64-linux-gnu/libc.so.6
[794] execveat(fd=3) <memfd>
[794] execve 
[794] openat /etc/ld.so.cache
[794] openat /etc/ld.so.cache
[794] openat /lib/x86_64-linux-gnu/libc.so.6
[794] openat /lib/x86_64-linux-gnu/libc.so.6
[795] execveat(fd=3) <memfd>
[795] execve 
[795] openat /etc/ld.so.cache
[795] openat /etc/ld.so.cache
[795] openat /lib/x86_64-linux-gnu/libc.so.6
[795] openat /lib/x86_64-linux-gnu/libc.so.6
[796] execveat(fd=3) <memfd>
[796] execve 
[796] openat /etc/ld.so.cache
[796] openat /etc/ld.so.cache
[796] openat /lib/x86_64-linux-gnu/libc.so.6
[796] openat /lib/x86_64-linux-gnu/libc.so.6
[797] execveat(fd=3) <memfd>
[797] execve 
[797] openat /etc/ld.so.cache
[797] openat /etc/ld.so.cache
[797] openat /lib/x86_64-linux-gnu/libc.so.6
[797] openat /lib/x86_64-linux-gnu/libc.so.6
[798] execveat(fd=3) <memfd>
[798] execve 
[798] openat /etc/ld.so.cache
[798] openat /etc/ld.so.cache
[798] openat /lib/x86_64-linux-gnu/libc.so.6
[798] openat /lib/x86_64-linux-gnu/libc.so.6
[799] execveat(fd=3) <memfd>
[799] execve 
[799] openat /etc/ld.so.cache
[799] openat /etc/ld.so.cache
[799] openat /lib/x86_64-linux-gnu/libc.so.6
[799] openat /lib/x86_64-linux-gnu/libc.so.6
[800] execveat(fd=3) <memfd>
[800] execve 
[800] openat /etc/ld.so.cache
[800] openat /etc/ld.so.cache
[800] openat /lib/x86_64-linux-gnu/libc.so.6
[800] openat /lib/x86_64-linux-gnu/libc.so.6
[801] execveat(fd=3) <memfd>
[801] execve 
[801] openat /etc/ld.so.cache
[801] openat /etc/ld.so.cache
[801] openat /lib/x86_64-linux-gnu/libc.so.6
[801] openat /lib/x86_64-linux-gnu/libc.so.6
[802] execveat(fd=3) <memfd>
[802] execve 
[802] openat /etc/ld.so.cache
[802] openat /etc/ld.so.cache
[802] openat /lib/x86_64-linux-gnu/libc.so.6
[802] openat /lib/x86_64-linux-gnu/libc.so.6
[803] execveat(fd=3) <memfd>
[803] execve 
[803] openat /etc/ld.so.cache
[803] openat /etc/ld.so.cache
[803] openat /lib/x86_64-linux-gnu/libc.so.6
[803] openat /lib/x86_64-linux-gnu/libc.so.6
[804] execveat(fd=3) <memfd>
[804] execve 
[804] openat /etc/ld.so.cache
[804] openat /etc/ld.so.cache
[804] openat /lib/x86_64-linux-gnu/libc.so.6
[804] openat /lib/x86_64-linux-gnu/libc.so.6
[805] execveat(fd=3) <memfd>
[805] execve 
[805] openat /etc/ld.so.cache
[805] openat /etc/ld.so.cache
[805] openat /lib/x86_64-linux-gnu/libc.so.6
[805] openat /lib/x86_64-linux-gnu/libc.so.6
[806] execveat(fd=3) <memfd>
[806] execve 
[806] openat /etc/ld.so.cache
[806] openat /etc/ld.so.cache
[806] openat /lib/x86_64-linux-gnu/libc.so.6
[806] openat /lib/x86_64-linux-gnu/libc.so.6
[807] execveat(fd=3) <memfd>
[807] execve 
[807] openat /etc/ld.so.cache
[807] openat /etc/ld.so.cache
[807] openat /lib/x86_64-linux-gnu/libc.so.6
[807] openat /lib/x86_64-linux-gnu/libc.so.6
[808] execveat(fd=3) <memfd>
[808] execve 
[808] openat /etc/ld.so.cache
[808] openat /etc/ld.so.cache
[808] openat /lib/x86_64-linux-gnu/libc.so.6
[808] openat /lib/x86_64-linux-gnu/libc.so.6
[809] execveat(fd=3) <memfd>
[809] execve 
[809] openat /etc/ld.so.cache
[809] openat /etc/ld.so.cache
[809] openat /lib/x86_64-linux-gnu/libc.so.6
[809] openat /lib/x86_64-linux-gnu/libc.so.6
[810] execveat(fd=3) <memfd>
[810] execve 
[810] openat /etc/ld.so.cache
[810] openat /etc/ld.so.cache
[810] openat /lib/x86_64-linux-gnu/libc.so.6
[810] openat /lib/x86_64-linux-gnu/libc.so.6
[811] execveat(fd=3) <memfd>
[811] execve 
[811] openat /etc/ld.so.cache
[811] openat /etc/ld.so.cache
[811] openat /lib/x86_64-linux-gnu/libc.so.6
[811] openat /lib/x86_64-linux-gnu/libc.so.6
[812] execveat(fd=3) <memfd>
[812] execve 
[812] openat /etc/ld.so.cache
[812] openat /etc/ld.so.cache
[812] openat /lib/x86_64-linux-gnu/libc.so.6
[812] openat /lib/x86_64-linux-gnu/libc.so.6
[813] execveat(fd=3) <memfd>
[813] execve 
[813] openat /etc/ld.so.cache
[813] openat /etc/ld.so.cache
[813] openat /lib/x86_64-linux-gnu/libc.so.6
[813] openat /lib/x86_64-linux-gnu/libc.so.6
[814] execveat(fd=3) <memfd>
[814] execve 
[814] openat /etc/ld.so.cache
[814] openat /etc/ld.so.cache
[814] openat /lib/x86_64-linux-gnu/libc.so.6
[814] openat /lib/x86_64-linux-gnu/libc.so.6
[815] execveat(fd=3) <memfd>
[815] execve 
[815] openat /etc/ld.so.cache
[815] openat /etc/ld.so.cache
[815] openat /lib/x86_64-linux-gnu/libc.so.6
[815] openat /lib/x86_64-linux-gnu/libc.so.6
[816] execveat(fd=3) <memfd>
[816] execve 
[816] openat /etc/ld.so.cache
[816] openat /etc/ld.so.cache
[816] openat /lib/x86_64-linux-gnu/libc.so.6
[816] openat /lib/x86_64-linux-gnu/libc.so.6
[817] execveat(fd=3) <memfd>
[817] execve 
[817] openat /etc/ld.so.cache
[817] openat /etc/ld.so.cache
[817] openat /lib/x86_64-linux-gnu/libc.so.6
[817] openat /lib/x86_64-linux-gnu/libc.so.6
[818] execveat(fd=3) <memfd>
[818] execve 
[818] openat /etc/ld.so.cache
[818] openat /etc/ld.so.cache
[818] openat /lib/x86_64-linux-gnu/libc.so.6
[818] openat /lib/x86_64-linux-gnu/libc.so.6
[819] execveat(fd=3) <memfd>
[819] execve 
[819] openat /etc/ld.so.cache
[819] openat /etc/ld.so.cache
[819] openat /lib/x86_64-linux-gnu/libc.so.6
[819] openat /lib/x86_64-linux-gnu/libc.so.6
[820] execveat(fd=3) <memfd>
[820] execve 
[820] openat /etc/ld.so.cache
[820] openat /etc/ld.so.cache
[820] openat /lib/x86_64-linux-gnu/libc.so.6
[820] openat /lib/x86_64-linux-gnu/libc.so.6
[821] execveat(fd=3) <memfd>
[821] execve 
[821] openat /etc/ld.so.cache
[821] openat /etc/ld.so.cache
[821] openat /lib/x86_64-linux-gnu/libc.so.6
[821] openat /lib/x86_64-linux-gnu/libc.so.6
[822] execveat(fd=3) <memfd>
[822] execve 
[822] openat /etc/ld.so.cache
[822] openat /etc/ld.so.cache
[822] openat /lib/x86_64-linux-gnu/libc.so.6
[822] openat /lib/x86_64-linux-gnu/libc.so.6
[823] execveat(fd=3) <memfd>
[823] execve 
[823] openat /etc/ld.so.cache
[823] openat /etc/ld.so.cache
[823] openat /lib/x86_64-linux-gnu/libc.so.6
[823] openat /lib/x86_64-linux-gnu/libc.so.6
[824] execveat(fd=3) <memfd>
[824] execve 
[824] openat /etc/ld.so.cache
[824] openat /etc/ld.so.cache
[824] openat /lib/x86_64-linux-gnu/libc.so.6
[824] openat /lib/x86_64-linux-gnu/libc.so.6
[825] execveat(fd=3) <memfd>
[825] execve 
[825] openat /etc/ld.so.cache
[825] openat /etc/ld.so.cache
[825] openat /lib/x86_64-linux-gnu/libc.so.6
[825] openat /lib/x86_64-linux-gnu/libc.so.6
[826] execveat(fd=3) <memfd>
[826] execve 
[826] openat /etc/ld.so.cache
[826] openat /etc/ld.so.cache
[826] openat /lib/x86_64-linux-gnu/libc.so.6
[826] openat /lib/x86_64-linux-gnu/libc.so.6
[827] execveat(fd=3) <memfd>
[827] execve 
[827] openat /etc/ld.so.cache
[827] openat /etc/ld.so.cache
[827] openat /lib/x86_64-linux-gnu/libc.so.6
[827] openat /lib/x86_64-linux-gnu/libc.so.6
[828] execveat(fd=3) <memfd>
[828] execve 
[828] openat /etc/ld.so.cache
[828] openat /etc/ld.so.cache
[828] openat /lib/x86_64-linux-gnu/libc.so.6
[828] openat /lib/x86_64-linux-gnu/libc.so.6
[829] execveat(fd=3) <memfd>
[829] execve 
[829] openat /etc/ld.so.cache
[829] openat /etc/ld.so.cache
[829] openat /lib/x86_64-linux-gnu/libc.so.6
[829] openat /lib/x86_64-linux-gnu/libc.so.6
[830] execveat(fd=3) <memfd>
[830] execve 
[830] openat /etc/ld.so.cache
[830] openat /etc/ld.so.cache
[830] openat /lib/x86_64-linux-gnu/libc.so.6
[830] openat /lib/x86_64-linux-gnu/libc.so.6
[831] execveat(fd=3) <memfd>
[831] execve 
[831] openat /etc/ld.so.cache
[831] openat /etc/ld.so.cache
[831] openat /lib/x86_64-linux-gnu/libc.so.6
[831] openat /lib/x86_64-linux-gnu/libc.so.6
[832] execveat(fd=3) <memfd>
[832] execve 
[832] openat /etc/ld.so.cache
[832] openat /etc/ld.so.cache
[832] openat /lib/x86_64-linux-gnu/libc.so.6
[832] openat /lib/x86_64-linux-gnu/libc.so.6
[833] execveat(fd=3) <memfd>
[833] execve 
[833] openat /etc/ld.so.cache
[833] openat /etc/ld.so.cache
[833] openat /lib/x86_64-linux-gnu/libc.so.6
[833] openat /lib/x86_64-linux-gnu/libc.so.6
[834] execveat(fd=3) <memfd>
[834] execve 
[834] openat /etc/ld.so.cache
[834] openat /etc/ld.so.cache
[834] openat /lib/x86_64-linux-gnu/libc.so.6
[834] openat /lib/x86_64-linux-gnu/libc.so.6
[835] execveat(fd=3) <memfd>
[835] execve 
[835] openat /etc/ld.so.cache
[835] openat /etc/ld.so.cache
[835] openat /lib/x86_64-linux-gnu/libc.so.6
[835] openat /lib/x86_64-linux-gnu/libc.so.6
[836] execveat(fd=3) <memfd>
[836] execve 
[836] openat /etc/ld.so.cache
[836] openat /etc/ld.so.cache
[836] openat /lib/x86_64-linux-gnu/libc.so.6
[836] openat /lib/x86_64-linux-gnu/libc.so.6
[837] execveat(fd=3) <memfd>
[837] execve 
[837] openat /etc/ld.so.cache
[837] openat /etc/ld.so.cache
[837] openat /lib/x86_64-linux-gnu/libc.so.6
[837] openat /lib/x86_64-linux-gnu/libc.so.6
[838] execveat(fd=3) <memfd>
[838] execve 
[838] openat /etc/ld.so.cache
[838] openat /etc/ld.so.cache
[838] openat /lib/x86_64-linux-gnu/libc.so.6
[838] openat /lib/x86_64-linux-gnu/libc.so.6
[839] execveat(fd=3) <memfd>
[839] execve 
[839] openat /etc/ld.so.cache
[839] openat /etc/ld.so.cache
[839] openat /lib/x86_64-linux-gnu/libc.so.6
[839] openat /lib/x86_64-linux-gnu/libc.so.6
[840] execveat(fd=3) <memfd>
[840] execve 
[840] openat /etc/ld.so.cache
[840] openat /etc/ld.so.cache
[840] openat /lib/x86_64-linux-gnu/libc.so.6
[840] openat /lib/x86_64-linux-gnu/libc.so.6
[841] execveat(fd=3) <memfd>
[841] execve 
[841] openat /etc/ld.so.cache
[841] openat /etc/ld.so.cache
[841] openat /lib/x86_64-linux-gnu/libc.so.6
[841] openat /lib/x86_64-linux-gnu/libc.so.6
[842] execveat(fd=3) <memfd>
[842] execve 
[842] openat /etc/ld.so.cache
[842] openat /etc/ld.so.cache
[842] openat /lib/x86_64-linux-gnu/libc.so.6
[842] openat /lib/x86_64-linux-gnu/libc.so.6
[843] execveat(fd=3) <memfd>
[843] execve 
[843] openat /etc/ld.so.cache
[843] openat /etc/ld.so.cache
[843] openat /lib/x86_64-linux-gnu/libc.so.6
[843] openat /lib/x86_64-linux-gnu/libc.so.6
[844] execveat(fd=3) <memfd>
[844] execve 
[844] openat /etc/ld.so.cache
[844] openat /etc/ld.so.cache
[844] openat /lib/x86_64-linux-gnu/libc.so.6
[844] openat /lib/x86_64-linux-gnu/libc.so.6
[845] execveat(fd=3) <memfd>
[845] execve 
[845] openat /etc/ld.so.cache
[845] openat /etc/ld.so.cache
[845] openat /lib/x86_64-linux-gnu/libc.so.6
[845] openat /lib/x86_64-linux-gnu/libc.so.6
[846] execveat(fd=3) <memfd>
[846] execve 
[846] openat /etc/ld.so.cache
[846] openat /etc/ld.so.cache
[846] openat /lib/x86_64-linux-gnu/libc.so.6
[846] openat /lib/x86_64-linux-gnu/libc.so.6
[847] execveat(fd=3) <memfd>
[847] execve 
[847] openat /etc/ld.so.cache
[847] openat /etc/ld.so.cache
[847] openat /lib/x86_64-linux-gnu/libc.so.6
[847] openat /lib/x86_64-linux-gnu/libc.so.6
[848] execveat(fd=3) <memfd>
[848] execve 
[848] openat /etc/ld.so.cache
[848] openat /etc/ld.so.cache
[848] openat /lib/x86_64-linux-gnu/libc.so.6
[848] openat /lib/x86_64-linux-gnu/libc.so.6
[849] execveat(fd=3) <memfd>
[849] execve 
[849] openat /etc/ld.so.cache
[849] openat /etc/ld.so.cache
[849] openat /lib/x86_64-linux-gnu/libc.so.6
[849] openat /lib/x86_64-linux-gnu/libc.so.6
[850] execveat(fd=3) <memfd>
[850] execve 
[850] openat /etc/ld.so.cache
[850] openat /etc/ld.so.cache
[850] openat /lib/x86_64-linux-gnu/libc.so.6
[850] openat /lib/x86_64-linux-gnu/libc.so.6
[851] execveat(fd=3) <memfd>
[851] execve 
[851] openat /etc/ld.so.cache
[851] openat /etc/ld.so.cache
[851] openat /lib/x86_64-linux-gnu/libc.so.6
[851] openat /lib/x86_64-linux-gnu/libc.so.6
[852] execveat(fd=3) <memfd>
[852] execve 
[852] openat /etc/ld.so.cache
[852] openat /etc/ld.so.cache
[852] openat /lib/x86_64-linux-gnu/libc.so.6
[852] openat /lib/x86_64-linux-gnu/libc.so.6
[853] execveat(fd=3) <memfd>
[853] execve 
[853] openat /etc/ld.so.cache
[853] openat /etc/ld.so.cache
[853] openat /lib/x86_64-linux-gnu/libc.so.6
[853] openat /lib/x86_64-linux-gnu/libc.so.6
[854] execveat(fd=3) <memfd>
[854] execve 
[854] openat /etc/ld.so.cache
[854] openat /etc/ld.so.cache
[854] openat /lib/x86_64-linux-gnu/libc.so.6
[854] openat /lib/x86_64-linux-gnu/libc.so.6
[855] execveat(fd=3) <memfd>
[855] execve 
[855] openat /etc/ld.so.cache
[855] openat /etc/ld.so.cache
[855] openat /lib/x86_64-linux-gnu/libc.so.6
[855] openat /lib/x86_64-linux-gnu/libc.so.6
[856] execveat(fd=3) <memfd>
[856] execve 
[856] openat /etc/ld.so.cache
[856] openat /etc/ld.so.cache
[856] openat /lib/x86_64-linux-gnu/libc.so.6
[856] openat /lib/x86_64-linux-gnu/libc.so.6
[857] execveat(fd=3) <memfd>
[857] execve 
[857] openat /etc/ld.so.cache
[857] openat /etc/ld.so.cache
[857] openat /lib/x86_64-linux-gnu/libc.so.6
[857] openat /lib/x86_64-linux-gnu/libc.so.6
[858] execveat(fd=3) <memfd>
[858] execve 
[858] openat /etc/ld.so.cache
[858] openat /etc/ld.so.cache
[858] openat /lib/x86_64-linux-gnu/libc.so.6
[858] openat /lib/x86_64-linux-gnu/libc.so.6
[859] execveat(fd=3) <memfd>
[859] execve 
[859] openat /etc/ld.so.cache
[859] openat /etc/ld.so.cache
[859] openat /lib/x86_64-linux-gnu/libc.so.6
[859] openat /lib/x86_64-linux-gnu/libc.so.6
[860] execveat(fd=3) <memfd>
[860] execve 
[860] openat /etc/ld.so.cache
[860] openat /etc/ld.so.cache
[860] openat /lib/x86_64-linux-gnu/libc.so.6
[860] openat /lib/x86_64-linux-gnu/libc.so.6
[861] execveat(fd=3) <memfd>
[861] execve 
[861] openat /etc/ld.so.cache
[861] openat /etc/ld.so.cache
[861] openat /lib/x86_64-linux-gnu/libc.so.6
[861] openat /lib/x86_64-linux-gnu/libc.so.6
[862] execveat(fd=3) <memfd>
[862] execve 
[862] openat /etc/ld.so.cache
[862] openat /etc/ld.so.cache
[862] openat /lib/x86_64-linux-gnu/libc.so.6
[862] openat /lib/x86_64-linux-gnu/libc.so.6
[863] execveat(fd=3) <memfd>
[863] execve 
[863] openat /etc/ld.so.cache
[863] openat /etc/ld.so.cache
[863] openat /lib/x86_64-linux-gnu/libc.so.6
[863] openat /lib/x86_64-linux-gnu/libc.so.6
[864] execveat(fd=3) <memfd>
[864] execve 
[864] openat /etc/ld.so.cache
[864] openat /etc/ld.so.cache
[864] openat /lib/x86_64-linux-gnu/libc.so.6
[864] openat /lib/x86_64-linux-gnu/libc.so.6
[865] execveat(fd=3) <memfd>
[865] execve 
[865] openat /etc/ld.so.cache
[865] openat /etc/ld.so.cache
[865] openat /lib/x86_64-linux-gnu/libc.so.6
[865] openat /lib/x86_64-linux-gnu/libc.so.6
[866] execveat(fd=3) <memfd>
[866] execve 
[866] openat /etc/ld.so.cache
[866] openat /etc/ld.so.cache
[866] openat /lib/x86_64-linux-gnu/libc.so.6
[866] openat /lib/x86_64-linux-gnu/libc.so.6
[867] execveat(fd=3) <memfd>
[867] execve 
[867] openat /etc/ld.so.cache
[867] openat /etc/ld.so.cache
[867] openat /lib/x86_64-linux-gnu/libc.so.6
[867] openat /lib/x86_64-linux-gnu/libc.so.6
[868] execveat(fd=3) <memfd>
[868] execve 
[868] openat /etc/ld.so.cache
[868] openat /etc/ld.so.cache
[868] openat /lib/x86_64-linux-gnu/libc.so.6
[868] openat /lib/x86_64-linux-gnu/libc.so.6
[869] execveat(fd=3) <memfd>
[869] execve 
[869] openat /etc/ld.so.cache
[869] openat /etc/ld.so.cache
[869] openat /lib/x86_64-linux-gnu/libc.so.6
[869] openat /lib/x86_64-linux-gnu/libc.so.6
[870] execveat(fd=3) <memfd>
[870] execve 
[870] openat /etc/ld.so.cache
[870] openat /etc/ld.so.cache
[870] openat /lib/x86_64-linux-gnu/libc.so.6
[870] openat /lib/x86_64-linux-gnu/libc.so.6
[871] execveat(fd=3) <memfd>
[871] execve 
[871] openat /etc/ld.so.cache
[871] openat /etc/ld.so.cache
[871] openat /lib/x86_64-linux-gnu/libc.so.6
[871] openat /lib/x86_64-linux-gnu/libc.so.6
[872] execveat(fd=3) <memfd>
[872] execve 
[872] openat /etc/ld.so.cache
[872] openat /etc/ld.so.cache
[872] openat /lib/x86_64-linux-gnu/libc.so.6
[872] openat /lib/x86_64-linux-gnu/libc.so.6
[873] execveat(fd=3) <memfd>
[873] execve 
[873] openat /etc/ld.so.cache
[873] openat /etc/ld.so.cache
[873] openat /lib/x86_64-linux-gnu/libc.so.6
[873] openat /lib/x86_64-linux-gnu/libc.so.6
[874] execveat(fd=3) <memfd>
[874] execve 
[874] openat /etc/ld.so.cache
[874] openat /etc/ld.so.cache
[874] openat /lib/x86_64-linux-gnu/libc.so.6
[874] openat /lib/x86_64-linux-gnu/libc.so.6
[875] execveat(fd=3) <memfd>
[875] execve 
[875] openat /etc/ld.so.cache
[875] openat /etc/ld.so.cache
[875] openat /lib/x86_64-linux-gnu/libc.so.6
[875] openat /lib/x86_64-linux-gnu/libc.so.6
[876] execveat(fd=3) <memfd>
[876] execve 
[876] openat /etc/ld.so.cache
[876] openat /etc/ld.so.cache
[876] openat /lib/x86_64-linux-gnu/libc.so.6
[876] openat /lib/x86_64-linux-gnu/libc.so.6
[877] execveat(fd=3) <memfd>
[877] execve 
[877] openat /etc/ld.so.cache
[877] openat /etc/ld.so.cache
[877] openat /lib/x86_64-linux-gnu/libc.so.6
[877] openat /lib/x86_64-linux-gnu/libc.so.6
[878] execveat(fd=3) <memfd>
[878] execve 
[878] openat /etc/ld.so.cache
[878] openat /etc/ld.so.cache
[878] openat /lib/x86_64-linux-gnu/libc.so.6
[878] openat /lib/x86_64-linux-gnu/libc.so.6
[879] execveat(fd=3) <memfd>
[879] execve 
[879] openat /etc/ld.so.cache
[879] openat /etc/ld.so.cache
[879] openat /lib/x86_64-linux-gnu/libc.so.6
[879] openat /lib/x86_64-linux-gnu/libc.so.6
[880] execveat(fd=3) <memfd>
[880] execve 
[880] openat /etc/ld.so.cache
[880] openat /etc/ld.so.cache
[880] openat /lib/x86_64-linux-gnu/libc.so.6
[880] openat /lib/x86_64-linux-gnu/libc.so.6
[881] execveat(fd=3) <memfd>
[881] execve 
[881] openat /etc/ld.so.cache
[881] openat /etc/ld.so.cache
[881] openat /lib/x86_64-linux-gnu/libc.so.6
[881] openat /lib/x86_64-linux-gnu/libc.so.6
[882] execveat(fd=3) <memfd>
[882] execve 
[882] openat /etc/ld.so.cache
[882] openat /etc/ld.so.cache
[882] openat /lib/x86_64-linux-gnu/libc.so.6
[882] openat /lib/x86_64-linux-gnu/libc.so.6
[883] execveat(fd=3) <memfd>
[883] execve 
[883] openat /etc/ld.so.cache
[883] openat /etc/ld.so.cache
[883] openat /lib/x86_64-linux-gnu/libc.so.6
[883] openat /lib/x86_64-linux-gnu/libc.so.6
[884] execveat(fd=3) <memfd>
[884] execve 
[884] openat /etc/ld.so.cache
[884] openat /etc/ld.so.cache
[884] openat /lib/x86_64-linux-gnu/libc.so.6
[884] openat /lib/x86_64-linux-gnu/libc.so.6
[885] execveat(fd=3) <memfd>
[885] execve 
[885] openat /etc/ld.so.cache
[885] openat /etc/ld.so.cache
[885] openat /lib/x86_64-linux-gnu/libc.so.6
[885] openat /lib/x86_64-linux-gnu/libc.so.6
[886] execveat(fd=3) <memfd>
[886] execve 
[886] openat /etc/ld.so.cache
[886] openat /etc/ld.so.cache
[886] openat /lib/x86_64-linux-gnu/libc.so.6
[886] openat /lib/x86_64-linux-gnu/libc.so.6
[887] execveat(fd=3) <memfd>
[887] execve 
[887] openat /etc/ld.so.cache
[887] openat /etc/ld.so.cache
[887] openat /lib/x86_64-linux-gnu/libc.so.6
[887] openat /lib/x86_64-linux-gnu/libc.so.6
[888] execveat(fd=3) <memfd>
[888] execve 
[888] openat /etc/ld.so.cache
[888] openat /etc/ld.so.cache
[888] openat /lib/x86_64-linux-gnu/libc.so.6
[888] openat /lib/x86_64-linux-gnu/libc.so.6
[889] execveat(fd=3) <memfd>
[889] execve 
[889] openat /etc/ld.so.cache
[889] openat /etc/ld.so.cache
[889] openat /lib/x86_64-linux-gnu/libc.so.6
[889] openat /lib/x86_64-linux-gnu/libc.so.6
[890] execveat(fd=3) <memfd>
[890] execve 
[890] openat /etc/ld.so.cache
[890] openat /etc/ld.so.cache
[890] openat /lib/x86_64-linux-gnu/libc.so.6
[890] openat /lib/x86_64-linux-gnu/libc.so.6
[891] execveat(fd=3) <memfd>
[891] execve 
[891] openat /etc/ld.so.cache
[891] openat /etc/ld.so.cache
[891] openat /lib/x86_64-linux-gnu/libc.so.6
[891] openat /lib/x86_64-linux-gnu/libc.so.6
[892] execveat(fd=3) <memfd>
[892] execve 
[892] openat /etc/ld.so.cache
[892] openat /etc/ld.so.cache
[892] openat /lib/x86_64-linux-gnu/libc.so.6
[892] openat /lib/x86_64-linux-gnu/libc.so.6
[893] execveat(fd=3) <memfd>
[893] execve 
[893] openat /etc/ld.so.cache
[893] openat /etc/ld.so.cache
[893] openat /lib/x86_64-linux-gnu/libc.so.6
[893] openat /lib/x86_64-linux-gnu/libc.so.6
[894] execveat(fd=3) <memfd>
[894] execve 
[894] openat /etc/ld.so.cache
[894] openat /etc/ld.so.cache
[894] openat /lib/x86_64-linux-gnu/libc.so.6
[894] openat /lib/x86_64-linux-gnu/libc.so.6
[895] execveat(fd=3) <memfd>
[895] execve 
[895] openat /etc/ld.so.cache
[895] openat /etc/ld.so.cache
[895] openat /lib/x86_64-linux-gnu/libc.so.6
[895] openat /lib/x86_64-linux-gnu/libc.so.6
[896] execveat(fd=3) <memfd>
[896] execve 
[896] openat /etc/ld.so.cache
[896] openat /etc/ld.so.cache
[896] openat /lib/x86_64-linux-gnu/libc.so.6
[896] openat /lib/x86_64-linux-gnu/libc.so.6
[897] execveat(fd=3) <memfd>
[897] execve 
[897] openat /etc/ld.so.cache
[897] openat /etc/ld.so.cache
[897] openat /lib/x86_64-linux-gnu/libc.so.6
[897] openat /lib/x86_64-linux-gnu/libc.so.6
[898] execveat(fd=3) <memfd>
[898] execve 
[898] openat /etc/ld.so.cache
[898] openat /etc/ld.so.cache
[898] openat /lib/x86_64-linux-gnu/libc.so.6
[898] openat /lib/x86_64-linux-gnu/libc.so.6
[899] execveat(fd=3) <memfd>
[899] execve 
[899] openat /etc/ld.so.cache
[899] openat /etc/ld.so.cache
[899] openat /lib/x86_64-linux-gnu/libc.so.6
[899] openat /lib/x86_64-linux-gnu/libc.so.6
[900] execveat(fd=3) <memfd>
[900] execve 
[900] openat /etc/ld.so.cache
[900] openat /etc/ld.so.cache
[900] openat /lib/x86_64-linux-gnu/libc.so.6
[900] openat /lib/x86_64-linux-gnu/libc.so.6
[901] execveat(fd=3) <memfd>
[901] execve 
[901] openat /etc/ld.so.cache
[901] openat /etc/ld.so.cache
[901] openat /lib/x86_64-linux-gnu/libc.so.6
[901] openat /lib/x86_64-linux-gnu/libc.so.6
[902] execveat(fd=3) <memfd>
[902] execve 
[902] openat /etc/ld.so.cache
[902] openat /etc/ld.so.cache
[902] openat /lib/x86_64-linux-gnu/libc.so.6
[902] openat /lib/x86_64-linux-gnu/libc.so.6
[903] execveat(fd=3) <memfd>
[903] execve 
[903] openat /etc/ld.so.cache
[903] openat /etc/ld.so.cache
[903] openat /lib/x86_64-linux-gnu/libc.so.6
[903] openat /lib/x86_64-linux-gnu/libc.so.6
[904] execveat(fd=3) <memfd>
[904] execve 
[904] openat /etc/ld.so.cache
[904] openat /etc/ld.so.cache
[904] openat /lib/x86_64-linux-gnu/libc.so.6
[904] openat /lib/x86_64-linux-gnu/libc.so.6
[905] execveat(fd=3) <memfd>
[905] execve 
[905] openat /etc/ld.so.cache
[905] openat /etc/ld.so.cache
[905] openat /lib/x86_64-linux-gnu/libc.so.6
[905] openat /lib/x86_64-linux-gnu/libc.so.6
[906] execveat(fd=3) <memfd>
[906] execve 
[906] openat /etc/ld.so.cache
[906] openat /etc/ld.so.cache
[906] openat /lib/x86_64-linux-gnu/libc.so.6
[906] openat /lib/x86_64-linux-gnu/libc.so.6
[907] execveat(fd=3) <memfd>
[907] execve 
[907] openat /etc/ld.so.cache
[907] openat /etc/ld.so.cache
[907] openat /lib/x86_64-linux-gnu/libc.so.6
[907] openat /lib/x86_64-linux-gnu/libc.so.6
[908] execveat(fd=3) <memfd>
[908] execve 
[908] openat /etc/ld.so.cache
[908] openat /etc/ld.so.cache
[908] openat /lib/x86_64-linux-gnu/libc.so.6
[908] openat /lib/x86_64-linux-gnu/libc.so.6
[909] execveat(fd=3) <memfd>
[909] execve 
[909] openat /etc/ld.so.cache
[909] openat /etc/ld.so.cache
[909] openat /lib/x86_64-linux-gnu/libc.so.6
[909] openat /lib/x86_64-linux-gnu/libc.so.6
[910] execveat(fd=3) <memfd>
[910] execve 
[910] openat /etc/ld.so.cache
[910] openat /etc/ld.so.cache
[910] openat /lib/x86_64-linux-gnu/libc.so.6
[910] openat /lib/x86_64-linux-gnu/libc.so.6
[911] execveat(fd=3) <memfd>
[911] execve 
[911] openat /etc/ld.so.cache
[911] openat /etc/ld.so.cache
[911] openat /lib/x86_64-linux-gnu/libc.so.6
[911] openat /lib/x86_64-linux-gnu/libc.so.6
[912] execveat(fd=3) <memfd>
[912] execve 
[912] openat /etc/ld.so.cache
[912] openat /etc/ld.so.cache
[912] openat /lib/x86_64-linux-gnu/libc.so.6
[912] openat /lib/x86_64-linux-gnu/libc.so.6
[913] execveat(fd=3) <memfd>
[913] execve 
[913] openat /etc/ld.so.cache
[913] openat /etc/ld.so.cache
[913] openat /lib/x86_64-linux-gnu/libc.so.6
[913] openat /lib/x86_64-linux-gnu/libc.so.6
[914] execveat(fd=3) <memfd>
[914] execve 
[914] openat /etc/ld.so.cache
[914] openat /etc/ld.so.cache
[914] openat /lib/x86_64-linux-gnu/libc.so.6
[914] openat /lib/x86_64-linux-gnu/libc.so.6
[915] execveat(fd=3) <memfd>
[915] execve 
[915] openat /etc/ld.so.cache
[915] openat /etc/ld.so.cache
[915] openat /lib/x86_64-linux-gnu/libc.so.6
[915] openat /lib/x86_64-linux-gnu/libc.so.6
[916] execveat(fd=3) <memfd>
[916] execve 
[916] openat /etc/ld.so.cache
[916] openat /etc/ld.so.cache
[916] openat /lib/x86_64-linux-gnu/libc.so.6
[916] openat /lib/x86_64-linux-gnu/libc.so.6
[917] execveat(fd=3) <memfd>
[917] execve 
[917] openat /etc/ld.so.cache
[917] openat /etc/ld.so.cache
[917] openat /lib/x86_64-linux-gnu/libc.so.6
[917] openat /lib/x86_64-linux-gnu/libc.so.6
[918] execveat(fd=3) <memfd>
[918] execve 
[918] openat /etc/ld.so.cache
[918] openat /etc/ld.so.cache
[918] openat /lib/x86_64-linux-gnu/libc.so.6
[918] openat /lib/x86_64-linux-gnu/libc.so.6
[919] execveat(fd=3) <memfd>
[919] execve 
[919] openat /etc/ld.so.cache
[919] openat /etc/ld.so.cache
[919] openat /lib/x86_64-linux-gnu/libc.so.6
[919] openat /lib/x86_64-linux-gnu/libc.so.6
[920] execveat(fd=3) <memfd>
[920] execve 
[920] openat /etc/ld.so.cache
[920] openat /etc/ld.so.cache
[920] openat /lib/x86_64-linux-gnu/libc.so.6
[920] openat /lib/x86_64-linux-gnu/libc.so.6
[921] execveat(fd=3) <memfd>
[921] execve 
[921] openat /etc/ld.so.cache
[921] openat /etc/ld.so.cache
[921] openat /lib/x86_64-linux-gnu/libc.so.6
[921] openat /lib/x86_64-linux-gnu/libc.so.6
[922] execveat(fd=3) <memfd>
[922] execve 
[922] openat /etc/ld.so.cache
[922] openat /etc/ld.so.cache
[922] openat /lib/x86_64-linux-gnu/libc.so.6
[922] openat /lib/x86_64-linux-gnu/libc.so.6
[923] execveat(fd=3) <memfd>
[923] execve 
[923] openat /etc/ld.so.cache
[923] openat /etc/ld.so.cache
[923] openat /lib/x86_64-linux-gnu/libc.so.6
[923] openat /lib/x86_64-linux-gnu/libc.so.6
[924] execveat(fd=3) <memfd>
[924] execve 
[924] openat /etc/ld.so.cache
[924] openat /etc/ld.so.cache
[924] openat /lib/x86_64-linux-gnu/libc.so.6
[924] openat /lib/x86_64-linux-gnu/libc.so.6
[925] execveat(fd=3) <memfd>
[925] execve 
[925] openat /etc/ld.so.cache
[925] openat /etc/ld.so.cache
[925] openat /lib/x86_64-linux-gnu/libc.so.6
[925] openat /lib/x86_64-linux-gnu/libc.so.6
[926] execveat(fd=3) <memfd>
[926] execve 
[926] openat /etc/ld.so.cache
[926] openat /etc/ld.so.cache
[926] openat /lib/x86_64-linux-gnu/libc.so.6
[926] openat /lib/x86_64-linux-gnu/libc.so.6
[927] execveat(fd=3) <memfd>
[927] execve 
[927] openat /etc/ld.so.cache
[927] openat /etc/ld.so.cache
[927] openat /lib/x86_64-linux-gnu/libc.so.6
[927] openat /lib/x86_64-linux-gnu/libc.so.6
[928] execveat(fd=3) <memfd>
[928] execve 
[928] openat /etc/ld.so.cache
[928] openat /etc/ld.so.cache
[928] openat /lib/x86_64-linux-gnu/libc.so.6
[928] openat /lib/x86_64-linux-gnu/libc.so.6
[929] execveat(fd=3) <memfd>
[929] execve 
[929] openat /etc/ld.so.cache
[929] openat /etc/ld.so.cache
[929] openat /lib/x86_64-linux-gnu/libc.so.6
[929] openat /lib/x86_64-linux-gnu/libc.so.6
[930] execveat(fd=3) <memfd>
[930] execve 
[930] openat /etc/ld.so.cache
[930] openat /etc/ld.so.cache
[930] openat /lib/x86_64-linux-gnu/libc.so.6
[930] openat /lib/x86_64-linux-gnu/libc.so.6
[931] execveat(fd=3) <memfd>
[931] execve 
[931] openat /etc/ld.so.cache
[931] openat /etc/ld.so.cache
[931] openat /lib/x86_64-linux-gnu/libc.so.6
[931] openat /lib/x86_64-linux-gnu/libc.so.6
[932] execveat(fd=3) <memfd>
[932] execve 
[932] openat /etc/ld.so.cache
[932] openat /etc/ld.so.cache
[932] openat /lib/x86_64-linux-gnu/libc.so.6
[932] openat /lib/x86_64-linux-gnu/libc.so.6
[933] execveat(fd=3) <memfd>
[933] execve 
[933] openat /etc/ld.so.cache
[933] openat /etc/ld.so.cache
[933] openat /lib/x86_64-linux-gnu/libc.so.6
[933] openat /lib/x86_64-linux-gnu/libc.so.6
[934] execveat(fd=3) <memfd>
[934] execve 
[934] openat /etc/ld.so.cache
[934] openat /etc/ld.so.cache
[934] openat /lib/x86_64-linux-gnu/libc.so.6
[934] openat /lib/x86_64-linux-gnu/libc.so.6
[935] execveat(fd=3) <memfd>
[935] execve 
[935] openat /etc/ld.so.cache
[935] openat /etc/ld.so.cache
[935] openat /lib/x86_64-linux-gnu/libc.so.6
[935] openat /lib/x86_64-linux-gnu/libc.so.6
[936] execveat(fd=3) <memfd>
[936] execve 
[936] openat /etc/ld.so.cache
[936] openat /etc/ld.so.cache
[936] openat /lib/x86_64-linux-gnu/libc.so.6
[936] openat /lib/x86_64-linux-gnu/libc.so.6
[937] execveat(fd=3) <memfd>
[937] execve 
[937] openat /etc/ld.so.cache
[937] openat /etc/ld.so.cache
[937] openat /lib/x86_64-linux-gnu/libc.so.6
[937] openat /lib/x86_64-linux-gnu/libc.so.6
[938] execveat(fd=3) <memfd>
[938] execve 
[938] openat /etc/ld.so.cache
[938] openat /etc/ld.so.cache
[938] openat /lib/x86_64-linux-gnu/libc.so.6
[938] openat /lib/x86_64-linux-gnu/libc.so.6
[939] execveat(fd=3) <memfd>
[939] execve 
[939] openat /etc/ld.so.cache
[939] openat /etc/ld.so.cache
[939] openat /lib/x86_64-linux-gnu/libc.so.6
[939] openat /lib/x86_64-linux-gnu/libc.so.6
[940] execveat(fd=3) <memfd>
[940] execve 
[940] openat /etc/ld.so.cache
[940] openat /etc/ld.so.cache
[940] openat /lib/x86_64-linux-gnu/libc.so.6
[940] openat /lib/x86_64-linux-gnu/libc.so.6
[941] execveat(fd=3) <memfd>
[941] execve 
[941] openat /etc/ld.so.cache
[941] openat /etc/ld.so.cache
[941] openat /lib/x86_64-linux-gnu/libc.so.6
[941] openat /lib/x86_64-linux-gnu/libc.so.6
[942] execveat(fd=3) <memfd>
[942] execve 
[942] openat /etc/ld.so.cache
[942] openat /etc/ld.so.cache
[942] openat /lib/x86_64-linux-gnu/libc.so.6
[942] openat /lib/x86_64-linux-gnu/libc.so.6
[943] execveat(fd=3) <memfd>
[943] execve 
[943] openat /etc/ld.so.cache
[943] openat /etc/ld.so.cache
[943] openat /lib/x86_64-linux-gnu/libc.so.6
[943] openat /lib/x86_64-linux-gnu/libc.so.6
[944] execveat(fd=3) <memfd>
[944] execve 
[944] openat /etc/ld.so.cache
[944] openat /etc/ld.so.cache
[944] openat /lib/x86_64-linux-gnu/libc.so.6
[944] openat /lib/x86_64-linux-gnu/libc.so.6
[945] execveat(fd=3) <memfd>
[945] execve 
[945] openat /etc/ld.so.cache
[945] openat /etc/ld.so.cache
[945] openat /lib/x86_64-linux-gnu/libc.so.6
[945] openat /lib/x86_64-linux-gnu/libc.so.6
[946] execveat(fd=3) <memfd>
[946] execve 
[946] openat /etc/ld.so.cache
[946] openat /etc/ld.so.cache
[946] openat /lib/x86_64-linux-gnu/libc.so.6
[946] openat /lib/x86_64-linux-gnu/libc.so.6
[947] execveat(fd=3) <memfd>
[947] execve 
[947] openat /etc/ld.so.cache
[947] openat /etc/ld.so.cache
[947] openat /lib/x86_64-linux-gnu/libc.so.6
[947] openat /lib/x86_64-linux-gnu/libc.so.6
[948] execveat(fd=3) <memfd>
[948] execve 
[948] openat /etc/ld.so.cache
[948] openat /etc/ld.so.cache
[948] openat /lib/x86_64-linux-gnu/libc.so.6
[948] openat /lib/x86_64-linux-gnu/libc.so.6
[949] execveat(fd=3) <memfd>
[949] execve 
[949] openat /etc/ld.so.cache
[949] openat /etc/ld.so.cache
[949] openat /lib/x86_64-linux-gnu/libc.so.6
[949] openat /lib/x86_64-linux-gnu/libc.so.6
[950] execveat(fd=3) <memfd>
[950] execve 
[950] openat /etc/ld.so.cache
[950] openat /etc/ld.so.cache
[950] openat /lib/x86_64-linux-gnu/libc.so.6
[950] openat /lib/x86_64-linux-gnu/libc.so.6
[951] execveat(fd=3) <memfd>
[951] execve 
[951] openat /etc/ld.so.cache
[951] openat /etc/ld.so.cache
[951] openat /lib/x86_64-linux-gnu/libc.so.6
[951] openat /lib/x86_64-linux-gnu/libc.so.6
[952] execveat(fd=3) <memfd>
[952] execve 
[952] openat /etc/ld.so.cache
[952] openat /etc/ld.so.cache
[952] openat /lib/x86_64-linux-gnu/libc.so.6
[952] openat /lib/x86_64-linux-gnu/libc.so.6
[953] execveat(fd=3) <memfd>
[953] execve 
[953] openat /etc/ld.so.cache
[953] openat /etc/ld.so.cache
[953] openat /lib/x86_64-linux-gnu/libc.so.6
[953] openat /lib/x86_64-linux-gnu/libc.so.6
[954] execveat(fd=3) <memfd>
[954] execve 
[954] openat /etc/ld.so.cache
[954] openat /etc/ld.so.cache
[954] openat /lib/x86_64-linux-gnu/libc.so.6
[954] openat /lib/x86_64-linux-gnu/libc.so.6
[955] execveat(fd=3) <memfd>
[955] execve 
[955] openat /etc/ld.so.cache
[955] openat /etc/ld.so.cache
[955] openat /lib/x86_64-linux-gnu/libc.so.6
[955] openat /lib/x86_64-linux-gnu/libc.so.6
[956] execveat(fd=3) <memfd>
[956] execve 
[956] openat /etc/ld.so.cache
[956] openat /etc/ld.so.cache
[956] openat /lib/x86_64-linux-gnu/libc.so.6
[956] openat /lib/x86_64-linux-gnu/libc.so.6
[957] execveat(fd=3) <memfd>
[957] execve 
[957] openat /etc/ld.so.cache
[957] openat /etc/ld.so.cache
[957] openat /lib/x86_64-linux-gnu/libc.so.6
[957] openat /lib/x86_64-linux-gnu/libc.so.6
[958] execveat(fd=3) <memfd>
[958] execve 
[958] openat /etc/ld.so.cache
[958] openat /etc/ld.so.cache
[958] openat /lib/x86_64-linux-gnu/libc.so.6
[958] openat /lib/x86_64-linux-gnu/libc.so.6
[959] execveat(fd=3) <memfd>
[959] execve 
[959] openat /etc/ld.so.cache
[959] openat /etc/ld.so.cache
[959] openat /lib/x86_64-linux-gnu/libc.so.6
[959] openat /lib/x86_64-linux-gnu/libc.so.6
[960] execveat(fd=3) <memfd>
[960] execve 
[960] openat /etc/ld.so.cache
[960] openat /etc/ld.so.cache
[960] openat /lib/x86_64-linux-gnu/libc.so.6
[960] openat /lib/x86_64-linux-gnu/libc.so.6
[961] execveat(fd=3) <memfd>
[961] execve 
[961] openat /etc/ld.so.cache
[961] openat /etc/ld.so.cache
[961] openat /lib/x86_64-linux-gnu/libc.so.6
[961] openat /lib/x86_64-linux-gnu/libc.so.6
[962] execveat(fd=3) <memfd>
[962] execve 
[962] openat /etc/ld.so.cache
[962] openat /etc/ld.so.cache
[962] openat /lib/x86_64-linux-gnu/libc.so.6
[962] openat /lib/x86_64-linux-gnu/libc.so.6
[963] execveat(fd=3) <memfd>
[963] execve 
[963] openat /etc/ld.so.cache
[963] openat /etc/ld.so.cache
[963] openat /lib/x86_64-linux-gnu/libc.so.6
[963] openat /lib/x86_64-linux-gnu/libc.so.6
[964] execveat(fd=3) <memfd>
[964] execve 
[964] openat /etc/ld.so.cache
[964] openat /etc/ld.so.cache
[964] openat /lib/x86_64-linux-gnu/libc.so.6
[964] openat /lib/x86_64-linux-gnu/libc.so.6
[965] execveat(fd=3) <memfd>
[965] execve 
[965] openat /etc/ld.so.cache
[965] openat /etc/ld.so.cache
[965] openat /lib/x86_64-linux-gnu/libc.so.6
[965] openat /lib/x86_64-linux-gnu/libc.so.6
[966] execveat(fd=3) <memfd>
[966] execve 
[966] openat /etc/ld.so.cache
[966] openat /etc/ld.so.cache
[966] openat /lib/x86_64-linux-gnu/libc.so.6
[966] openat /lib/x86_64-linux-gnu/libc.so.6
[967] execveat(fd=3) <memfd>
[967] execve 
[967] openat /etc/ld.so.cache
[967] openat /etc/ld.so.cache
[967] openat /lib/x86_64-linux-gnu/libc.so.6
[967] openat /lib/x86_64-linux-gnu/libc.so.6
[968] execveat(fd=3) <memfd>
[968] execve 
[968] openat /etc/ld.so.cache
[968] openat /etc/ld.so.cache
[968] openat /lib/x86_64-linux-gnu/libc.so.6
[968] openat /lib/x86_64-linux-gnu/libc.so.6
[969] execveat(fd=3) <memfd>
[969] execve 
[969] openat /etc/ld.so.cache
[969] openat /etc/ld.so.cache
[969] openat /lib/x86_64-linux-gnu/libc.so.6
[969] openat /lib/x86_64-linux-gnu/libc.so.6
[970] execveat(fd=3) <memfd>
[970] execve 
[970] openat /etc/ld.so.cache
[970] openat /etc/ld.so.cache
[970] openat /lib/x86_64-linux-gnu/libc.so.6
[970] openat /lib/x86_64-linux-gnu/libc.so.6
[971] execveat(fd=3) <memfd>
[971] execve 
[971] openat /etc/ld.so.cache
[971] openat /etc/ld.so.cache
[971] openat /lib/x86_64-linux-gnu/libc.so.6
[971] openat /lib/x86_64-linux-gnu/libc.so.6
[972] execveat(fd=3) <memfd>
[972] execve 
[972] openat /etc/ld.so.cache
[972] openat /etc/ld.so.cache
[972] openat /lib/x86_64-linux-gnu/libc.so.6
[972] openat /lib/x86_64-linux-gnu/libc.so.6
[973] execveat(fd=3) <memfd>
[973] execve 
[973] openat /etc/ld.so.cache
[973] openat /etc/ld.so.cache
[973] openat /lib/x86_64-linux-gnu/libc.so.6
[973] openat /lib/x86_64-linux-gnu/libc.so.6
[974] execveat(fd=3) <memfd>
[974] execve 
[974] openat /etc/ld.so.cache
[974] openat /etc/ld.so.cache
[974] openat /lib/x86_64-linux-gnu/libc.so.6
[974] openat /lib/x86_64-linux-gnu/libc.so.6
[975] execveat(fd=3) <memfd>
[975] execve 
[975] openat /etc/ld.so.cache
[975] openat /etc/ld.so.cache
[975] openat /lib/x86_64-linux-gnu/libc.so.6
[975] openat /lib/x86_64-linux-gnu/libc.so.6
[976] execveat(fd=3) <memfd>
[976] execve 
[976] openat /etc/ld.so.cache
[976] openat /etc/ld.so.cache
[976] openat /lib/x86_64-linux-gnu/libc.so.6
[976] openat /lib/x86_64-linux-gnu/libc.so.6
[977] execveat(fd=3) <memfd>
[977] execve 
[977] openat /etc/ld.so.cache
[977] openat /etc/ld.so.cache
[977] openat /lib/x86_64-linux-gnu/libc.so.6
[977] openat /lib/x86_64-linux-gnu/libc.so.6
[978] execveat(fd=3) <memfd>
[978] execve 
[978] openat /etc/ld.so.cache
[978] openat /etc/ld.so.cache
[978] openat /lib/x86_64-linux-gnu/libc.so.6
[978] openat /lib/x86_64-linux-gnu/libc.so.6
[979] execveat(fd=3) <memfd>
[979] execve 
[979] openat /etc/ld.so.cache
[979] openat /etc/ld.so.cache
[979] openat /lib/x86_64-linux-gnu/libc.so.6
[979] openat /lib/x86_64-linux-gnu/libc.so.6
[980] execveat(fd=3) <memfd>
[980] execve 
[980] openat /etc/ld.so.cache
[980] openat /etc/ld.so.cache
[980] openat /lib/x86_64-linux-gnu/libc.so.6
[980] openat /lib/x86_64-linux-gnu/libc.so.6
[981] execveat(fd=3) <memfd>
[981] execve 
[981] openat /etc/ld.so.cache
[981] openat /etc/ld.so.cache
[981] openat /lib/x86_64-linux-gnu/libc.so.6
[981] openat /lib/x86_64-linux-gnu/libc.so.6
[982] execveat(fd=3) <memfd>
[982] execve 
[982] openat /etc/ld.so.cache
[982] openat /etc/ld.so.cache
[982] openat /lib/x86_64-linux-gnu/libc.so.6
[982] openat /lib/x86_64-linux-gnu/libc.so.6
[983] execveat(fd=3) <memfd>
[983] execve 
[983] openat /etc/ld.so.cache
[983] openat /etc/ld.so.cache
[983] openat /lib/x86_64-linux-gnu/libc.so.6
[983] openat /lib/x86_64-linux-gnu/libc.so.6
[984] execveat(fd=3) <memfd>
[984] execve 
[984] openat /etc/ld.so.cache
[984] openat /etc/ld.so.cache
[984] openat /lib/x86_64-linux-gnu/libc.so.6
[984] openat /lib/x86_64-linux-gnu/libc.so.6
[985] execveat(fd=3) <memfd>
[985] execve 
[985] openat /etc/ld.so.cache
[985] openat /etc/ld.so.cache
[985] openat /lib/x86_64-linux-gnu/libc.so.6
[985] openat /lib/x86_64-linux-gnu/libc.so.6
[986] execveat(fd=3) <memfd>
[986] execve 
[986] openat /etc/ld.so.cache
[986] openat /etc/ld.so.cache
[986] openat /lib/x86_64-linux-gnu/libc.so.6
[986] openat /lib/x86_64-linux-gnu/libc.so.6
[987] execveat(fd=3) <memfd>
[987] execve 
[987] openat /etc/ld.so.cache
[987] openat /etc/ld.so.cache
[987] openat /lib/x86_64-linux-gnu/libc.so.6
[987] openat /lib/x86_64-linux-gnu/libc.so.6
[988] execveat(fd=3) <memfd>
[988] execve 
[988] openat /etc/ld.so.cache
[988] openat /etc/ld.so.cache
[988] openat /lib/x86_64-linux-gnu/libc.so.6
[988] openat /lib/x86_64-linux-gnu/libc.so.6
[989] execveat(fd=3) <memfd>
[989] execve 
[989] openat /etc/ld.so.cache
[989] openat /etc/ld.so.cache
[989] openat /lib/x86_64-linux-gnu/libc.so.6
[989] openat /lib/x86_64-linux-gnu/libc.so.6
[990] execveat(fd=3) <memfd>
[990] execve 
[990] openat /etc/ld.so.cache
[990] openat /etc/ld.so.cache
[990] openat /lib/x86_64-linux-gnu/libc.so.6
[990] openat /lib/x86_64-linux-gnu/libc.so.6
[991] execveat(fd=3) <memfd>
[991] execve 
[991] openat /etc/ld.so.cache
[991] openat /etc/ld.so.cache
[991] openat /lib/x86_64-linux-gnu/libc.so.6
[991] openat /lib/x86_64-linux-gnu/libc.so.6
[992] execveat(fd=3) <memfd>
[992] execve 
[992] openat /etc/ld.so.cache
[992] openat /etc/ld.so.cache
[992] openat /lib/x86_64-linux-gnu/libc.so.6
[992] openat /lib/x86_64-linux-gnu/libc.so.6
[993] execveat(fd=3) <memfd>
[993] execve 
[993] openat /etc/ld.so.cache
[993] openat /etc/ld.so.cache
[993] openat /lib/x86_64-linux-gnu/libc.so.6
[993] openat /lib/x86_64-linux-gnu/libc.so.6
[994] execveat(fd=3) <memfd>
[994] execve 
[994] openat /etc/ld.so.cache
[994] openat /etc/ld.so.cache
[994] openat /lib/x86_64-linux-gnu/libc.so.6
[994] openat /lib/x86_64-linux-gnu/libc.so.6
[995] execveat(fd=3) <memfd>
[995] execve 
[995] openat /etc/ld.so.cache
[995] openat /etc/ld.so.cache
[995] openat /lib/x86_64-linux-gnu/libc.so.6
[995] openat /lib/x86_64-linux-gnu/libc.so.6
[996] execveat(fd=3) <memfd>
[996] execve 
[996] openat /etc/ld.so.cache
[996] openat /etc/ld.so.cache
[996] openat /lib/x86_64-linux-gnu/libc.so.6
[996] openat /lib/x86_64-linux-gnu/libc.so.6
[997] execveat(fd=3) <memfd>
[997] execve 
[997] openat /etc/ld.so.cache
[997] openat /etc/ld.so.cache
[997] openat /lib/x86_64-linux-gnu/libc.so.6
[997] openat /lib/x86_64-linux-gnu/libc.so.6
[998] execveat(fd=3) <memfd>
[998] execve 
[998] openat /etc/ld.so.cache
[998] openat /etc/ld.so.cache
[998] openat /lib/x86_64-linux-gnu/libc.so.6
[998] openat /lib/x86_64-linux-gnu/libc.so.6
[999] execveat(fd=3) <memfd>
[999] execve 
[999] openat /etc/ld.so.cache
[999] openat /etc/ld.so.cache
[999] openat /lib/x86_64-linux-gnu/libc.so.6
[999] openat /lib/x86_64-linux-gnu/libc.so.6
[1000] execveat(fd=3) <memfd>
[1000] execve 
[1000] openat /etc/ld.so.cache
[1000] openat /etc/ld.so.cache
[1000] openat /lib/x86_64-linux-gnu/libc.so.6
[1000] openat /lib/x86_64-linux-gnu/libc.so.6
[1001] execveat(fd=3) <memfd>
[1001] execve 
[1001] openat /etc/ld.so.cache
[1001] openat /etc/ld.so.cache
[1001] openat /lib/x86_64-linux-gnu/libc.so.6
[1001] openat /lib/x86_64-linux-gnu/libc.so.6
[1002] execveat(fd=3) <memfd>
[1002] execve 
[1002] openat /etc/ld.so.cache
[1002] openat /etc/ld.so.cache
[1002] openat /lib/x86_64-linux-gnu/libc.so.6
[1002] openat /lib/x86_64-linux-gnu/libc.so.6
[1003] execveat(fd=3) <memfd>
[1003] execve 
[1003] openat /etc/ld.so.cache
[1003] openat /etc/ld.so.cache
[1003] openat /lib/x86_64-linux-gnu/libc.so.6
[1003] openat /lib/x86_64-linux-gnu/libc.so.6
[1004] execveat(fd=3) <memfd>
[1004] execve 
[1004] openat /etc/ld.so.cache
[1004] openat /etc/ld.so.cache
[1004] openat /lib/x86_64-linux-gnu/libc.so.6
[1004] openat /lib/x86_64-linux-gnu/libc.so.6
[1005] execveat(fd=3) <memfd>
[1005] execve 
[1005] openat /etc/ld.so.cache
[1005] openat /etc/ld.so.cache
[1005] openat /lib/x86_64-linux-gnu/libc.so.6
[1005] openat /lib/x86_64-linux-gnu/libc.so.6
