13351107745057973627348627499586095359449891601692693781338983601984825938135402140582799506590968575871278337391302757256585108089485513086289931104379495751998896004779986193208098883320973542971691836262780370300162105288558713461023001800263610838968327745087008501888661651204990860395985714413420838623 57040039322691433292668444599678723330549194839397059530506310130941734175977648147619218460697833447805344245873976201603810031184213261353093574006712238749138731005122257752529578798670838882882250461710478438661193353091039141089385490398617061424764907153031062949030593364700745467061471958719572218681
65308137562293541138090893539707660821013686404540287314704774844758343799913260791826003905139249079017389612301407145068621291060653781932503917394586858179650988042255459583391984598290783134657330481745865675867063222353493479613718926562528284526473405770244615793733257456455969578328855322905735500966 79510658111452439368134631839780550016469343200675129070448584793761906871974650661879556684737251902485559589807381516139054443128351619963398650712923521609168068805132517783912264960568914130126392498399298764932145672482247097179554585666492752548449320061638163701651587569392750598221839407532470868547
10847135119158957923335237421451122793937228012134358794299325267183589353807863575364383436158778845718046114098932512110391908765854604221173618940125372342518643064039188940946289477791892267697550631716407423196258707005689385367529603475173322767423183917561677014024433700126741959481034458188569182443 30444271120140299921245614453165462999378803283362047569940453109262991450280034594172848461069088302945000385882517587153073874625769533850071801086832001702262054840871961268445765645395890571361487194331956048765221559598982410457551642098630413376188458263944287730999865309806195763655641139901727581437
37490186630636011496293623079847147805114268810448501555813525427067114351721583373757070981814999526194917768231927067441315428949003976696594605257891083499925907835065038255911449050485743053491855166277395173110367960841192158209615014024229211024832656785910470038414834134520510477914139922632418338200 40251308896475207790258704867963617146259809175098859252555052000616071956025233160947813792958420467800976531271042250992041866204885759803852509516492028305323886105171305626629922347827119104678980778201098982664858930850387091642951413175215467902131226857117204039548694954994320213908825671665817257449
28234199734412231115267023219718908375845365110159751101368720508421494705647461111322050314115374394243774436928032754865573527631268105557094918032755968241774954876753523786663614448868019671373478503002484852157927241839702692702217549682472571576671219204474804155236318069856751402943805769310956058089 50942076505494923143884635002376889604376761281924849461746449334344495620909674755524802770205123991555152078042769564979759961318080918002974529556044701757901932806619249129512000559488121910314757810889402963487970982188861344016371570426229201128213934117001451804945597311706725747540279722366310034297
13710014270836972195800144415933862847272983859106594837164591312359719116672012257291354281432633029092646315297258084194756393577170299841788331239812610905994865746105300164134757861813489688586157417041945629853671965256251835357519134753220515646426741184645462483924849165103646812127390403672880475779 39768545586224843025789744840344203713840063591480969332490042319273993141188225306355271642850435785858249762480844903212512762816324147501606700623759675644294125701262031854149900737132870833076846037993571795006638345366591618550219417248687284622988474900406343344531639709142523213661574798425492138057
14610474357809068739850370651095499271286425377023329966646897303258413889276995481755430024042143758151967360842008090616290818910653215072284717392426037787117428172925358386926361329084961577716165549766316621834436637085426725847748937694982925155633528542748940493228775486820092721575492674777347346247 46792285951539757481131596168259385642133427912313309773946035518324153695501259231298545357956248152941355018314395302842533276824534519974755230783819533412815293017578916583195094732169391974756233105823435747564185884612894628101248515140127202803168628237785474458048687354633415804260675799434954916219
38239154680482559661566474428061406859640787052447297732815364377330109662890620983420654293054017761493725302700855665409489878872861447482813362350374162362273091866688101883844733927869744912987295021756783672220712878979865095124201158599839412211458433664430858723132314594994449166421498983770991750566 85838949322380436019648597814778091379073723073174201049343402182873221107879407836904566679638054751626832311874119962423637645903962402278510668406056845330882392176349236035357561649570083961483833875638946647460787154820115700581860851273779669116993173505300402707145269732267383935492409177069145655943
16149189735179912256727683814241805928115985239460277732805536443896475852221409931160553975562538222326805420978814601482300744654253202365008590231439207122521445572053673782225098484372458960403708986429043692503631614759175632262131642711036868267664008824318110725067194625214541950510805393296144826745 39643789617470197078473567396959070672198083243760147091130274908394660120992846753040440345318752095541463626283275025160865880029575750511052835852776000717357899210515687259499721499443027511547738803708644772401748798590219283832530347952992654241880945269048781928656455202206574248558180593893903493883
30649791490787175286651724289945914439486862566881847500674449339100656576496134510478482378068339755413195583341549137864090407378588604402458860313858405468533995486176528941904444928031493828113368474253698310376457615932637526770549968364914356609086554598471333073985657342867115315426234706256696000888 35337520118421690873471943030949083974783493110444870476252444563218148709593975234259624498613217304425041605637472630668456464872537610607509512428330048933675623350316409673203664184101643765513417730125699837449688575917071069565433600158991096545934388949272395263847063176791680474154548282793643665237
32046361948793320374128269513018383973614599264941994625425520466168650107488501568251309001520289370639731716576787986679846397177594561056204609770494140895472963326221829283688320546540144400232306164110128384366600204026976170781944452039310424141452594090647481560095957022125971795525176323503692226994 105661658003640471159556457846243866204750909008666563273802372778321520386908117536490201612648357163621508816093197794986631510728044657527266064009370697987170537291461433602214974243684388148576438340041672497111872950324919772403230880352208722085107921590413422248960652239960738034633456930213428095129
62147690536802706526998850044667304606853381004922826868929083834904483158282787120297602963591913147899555083022966274484869561748285075448485015757580945464921229046180530424350262499972840412850463597313898652214402959414769612758018872540825129666758941384933228866627541979455234408443207160284109466783 80347859731905847363789296410646335180509741135744528301740689544746166895127828573350897656436174053602142514786966906208100848177138966159944574370197892145650606705501385787596273472506581496804115115354631314113078887965200837880369986302850223458049353761965965943931396282211390721962223548408381106417
39046690313993123925297227713328486121404331992940548717819912632133672384170115912778295646747198017645263037326901831355155324775859954244947339435847764506939310766004572390372135396860207906935431859194272585755568564441636796258754180600978224779796169080727237065119730765360600775191120027924247524668 51885209333147618684761656298929419880449502818900800839157660043410603128867057011431104805017617389590867918312725548122058819705226263769025170901750986951136999074418462604876352228197622047435617932990794040497854003819910018406175181340735149726347341051890510402198313100101337112543121936944917000431
13454886680838088493103643459193454504607974452799393505336938413294322854067147783192217614779972945712762037466334930822587375485916205134085497664437343784341072042590556367131807780526124048961900190308194085043850709224395732478809445204476651890052587917506643331206857241937718588236891510825520196259 49959707639418837168378526165127349055848832909907115990704605115520822865262091521242135734920295992536625763917232348576414665143127884821484929820125661034046389350421885580336539646852496405070942230668861506190828483700734041343268576850689348065074850167536251815022893775426219267291193137840968533189
47912722826858848220978937752921413781476226279666946449277496463538627708690578692118131583337134920574421415704881626832561485043194422582599067936710377413267910866478121380862823517689971753005792469200140600527938129404647007954617355956391483879025980456466422162770690095269813405276146441398387809071 77371817365003293218207373775092332792892474261806208733733341975126707124430206874650357039837029760451500653481070790190408153759264203985256092622858133228520219442438635054060419863807111665222800544521784627941776936650273399668669934834629935181941835450446631604075995045399159447222753255481135398079
32387434426756408360276371978936828889763495263415652510971918573401249730972961572156853191265551153479595473582917428412689001178626541872115127684927967746850468272319444180053400352138146237646461709058638217037509472427311624014201667875162001946110025721437860346169249210545948931463575237390116438656 39576763224958065573562363442872055272713671182524389879954972705625136754776941752772594945701587227903565708861349849247326771784815872492477969659924024891500145303110455719768253364846384482515836868172057006078293729151769220901167676737534409687952782692608922023165712678306927904252859213161930394527
21360373119941593207259333594750059239171510189211658233637869314681562394341073900523750070090599711077966003574556222157523072953233878440792532124001204121618246812844083034458092138393327345779186055679285580836173555503261622353198446930576334744985642349282425048266159095335900827117853235214403948771 23775158413746244745843419801286882835015986354752871462371208924182609517162148026790602053286613504065984098905488719116766587161309732384001796547354150016841748842251703183174102612003855137244763596699790158127956403081110141809350641566983851664327284355323082934441744072490395915335416276855917091751
29013669662200187335944463576857522566960575886477519539458431635508321155298119891049680227427357050939298504566366442712013895066910978763151562932170812731913063305065489858980410186808824624017205810853937767498967542829390537165830375534357137288184302583756435148675255666999521636250333040332926495543 42179808785959307722467837106339158911816316710555810411135122763561302147260630956332019278330761594480728052464162746489723099769493473120402024565316839204716794183540874663499072533327630556849415212978728446845622837638605554522277173911873991762141458056509550439675299256349852696543801231836791979073
42731657271770217186646788961615423950863979628979721656475364373265947781000778880043384946743596097630554759746000012844828262989944685879578258536074870318058129707374397566974526626967622564408813383173042050494596407770868282159863889397859570563235207213350857234036154516623501325507182497395423555973 115109736532983981469258752209933168696502249827187506504403335345535060723621726642009106316864618178999646087990174767646236491370319322104451896416651666825057759048382474758230315605755444384840741369370448580468694422244686468887533795587964699697945699872994409507369928018890271377744653015974060406611
28081786225500722898759812525468446318083225617261499410190742093911423677699776092373535991559645957748620858440148316897855088258033264129455070243674000478844477444500286049519909169482901913434841382044468863038516984714282506758712641012551992162494140987748345482450762136441662312647777069739960282520 89740867083427080775866597816169849699272471168847304469505334949286506917620460459461501863410090467710059647596878320105698032642261328662689628604027454441341467181686236433989995232476963049829955098538281889048295036127233597092091946558726039617946011508856859493086387393541851026992945035765412912119
57475789619526425934571651057024486984288510758419930985770714089214677180263493772281863458625672026556150330334729610090991170703597639179958557512216244222509814017811953275927070141178964641439821589368816327126274437633581516944469285239397140650144495721083375546571692016210226283399795208420475239813 89655760221936201164165458411129713130295824527408124591719119515437492324287631806960900092916380924225811402649148083084423614756076619044389151652670845598291630664657457608087401950225643321865534354421023760924646282508043980492997261095257298065154203009832231566576397855954296231683854179149409181769
19323536943944151465348950311680666942696308010842764754437140042915633384772445359968860479524356193881989935140053996944953184886584921474565954506033592085921365153575477499776695444227231677856628734734589478123042043263146112799999096033214060929338737342920637478409217231728994412220390956498818779198 127484252856596477352527458561196902699829111994868337441935434074737786124294628393315650927097147100726475152532261442793346054621218224435795343617977804209014082179208681713982583874305397714439411759168054182307528323847636741531057665422492071449909460189448376570207390415983240527294689788167909649421
75361427322239941715879072852792062226846129194526807923740392994793495016709187453448159994731198594419384072557682540924666215381781331606073557782704351067681429658653432638337809779481222654038951017150707129207276928154904591978918235527511255678641608847943198971981927459087732799545642339190811062908 85067766292613097773495679785242727809918807969086426235205225812163142266702036818902107922522654010422692496134606666111403870163051505797867779266615858581249849919452258709442588080409804944282797807843019406378259042165085723801986180320561588068774630470271369837487342622215725428991623185089116841453
18355047856407541677935418355618709512058212521354892249644597357529818029256277330996404321917074161939994541026153105117036345356792793697744454556859992447247425056179791702245772090211117506611474197188463133927114330408063487211186834290498655341218149340663093552424452763998657420124823644601018939860 46269882587540064460631797463875005785705816754742901183633292438534835049366838413100422151013422293460665664705153757473696276340606834955776644877527436007412290996781341661413602400311342130066451415866308672904559750840229782482651826301075432629545696526969946455018553067417259054939818387344579471593
22382039552968500752042982634599583858752440258951262250597258139067596761857575733128629166469979778186708509143288101014438385562684427278826947404418955622296303976577898471579703281860320267418389394534547885210750124662563651219574683696958210033590470259366728751454626021930525790200208843666068772038 30632413683589368983131212815339190541930797753755302145029193055262762201899093006182684727773142420309068380627858480884540317995644949976575794228182991658157900931400124849794740888693158901536818590933573651962114700022050397663869235717571388521487302476980007942290700006705684752188837888301760147453
25066134708803332702812396955157270576187528784599004713173909928851152436391783840718712253993258525140888834921684044367105587503773718960653639316480978844879764871601636465671422203976949902731955437809666477941653842538503487904768198589577042302647179805061909394423224892803265784847060008191151005275 33002165892129594649752908848202549980032386017910443973390058642191745846337729417196732816105770909749268548700253265222102769011462439940747342282840967192166614484034741722191760758532924791838290228720918038132395441283808940997132242126544369978395522484336212000672380820165964488246173782665008488473
75117851732229032127266520747451504868228498084075655629934250612825190451544558599273555907555410609778996954828683316414747688894779384471840714228378346140317516124091413465483434411920239496087997698607272958730373900538410602852565599217156113480303387651146332951186786846111569521907434293155993222567 112354873158756107417634398621372540135061349594247757244311528687043371863195966318819103144052191426483427608342360497527348330810344321984758860150945540440387287570065432672765586600502932942859190515645799143955892202148150801854596316799961068481212717431491192525986471189453864425053819316163780736261
13776153653743892322834753544846130414926075351904407900403555623177547876525982245329121593720667726934295606404441255166151956642311579755076782409165256774787201774148502783744075352074171116137307944849004551916035583106189463170805207474986345554907998333893854517965896086316958388271302796888607489598 40076121651720576477229678566966786271913211375591379296873502720016479136482606346819696662664008816329436820022688439117144385681348887896203879386731738648980244272631147641636210003349888271640169127114361310069175742468485989966567315157665965569568587300805114608788625860114160911324837614666996246149
11560532954472119342373762456873019108429352020781299455593991567153092248342756756707363531332502912483259508305265019316816050141930916251277072575754235766231914176835004404211665934776693569236598970309225489114939465587431769998357546684988695081076732637200546224849280614374097046284650878845798448828 25126175807352115441264459344515610694835370015177974305841108150827744755764045399383193615179162499400698400159108877947860240771760168733419727387420081202841437680725311850114123364664047519726447097552088381975743209309948952332016445324913777935491024666433634971302063763149348954984790750029825789869
82755955403706287398015237370839242836920064980744850317191839385943895369739579813620742303726963524522887144575170299948488496887700908150597538267316562463856418571561925457419545109012728634834996301843123393872740077147127060108763836680606627177847396445480427778580543597571317892434708556769297340299 91113682949533128582801876801329658490583666532213609253429250743802613132962516372233439533486336479327662069280247194924239166027843711382678957575396451240861108932880155072150555034710932710389374595332493613766121741298485126909184511725486386074990476336240445870159259163934673146705515207179835012457
46937705961446890502020283538314332729992141478734080004341698674385996590255428127207815382298345489684467644261997016773331091397312162350629429459291584336950125481485692076091155362252323118001305891978982304416930405011197507893344026488458324204249630429301774919222549284255751119416335688614053030415 80742938392640486905974341422744741051392367252242968574257654491017578391378129776373702945541968931409820453222789425437596007536015399022323286618581829232960016264006344248810568534734058986431920250051930798639760847222200622141906591327186499461327254961583003810202050336728643761843137273716959254687
78431013693406620322279826399372200169152951862775692386089680004442076654917497171554496311770592897705138201163601478300751005367709366862808965410267778441215486444026711952224305321242824433746638797340236897152130384047546205005432930505164809313661395798527332947572460633674300202038756792849571362629 83686998501885771704390121269701511972362015756927034081484928777612705123566127293801250748080336996834773493076461214484615083285184223216128261409321588503068481407526817281573774385224859913123839963842388031340048910886533913951134241532734173153085894831283276071465751113511470813740611686839125528157
11937643856117974106846562449357289047147532090919105951799079712852234685621884037424829491602665418678159943331215370942618222147762135071866199858204893295076523765044053204276036258873616113744046321047580621134252175992202371305238843892654151447976679818296771187216034088035575541531191627306301050712 59029555338866417980718641147214833802765714270977274218144335133259111033466832625936747202931036825331749163785594119782490182603448904940648668098693320084931365624508510626320260999051986522964652123296095389889080688983324768900650231675089365988016990443936497067845360366519085554597051162015001259589
38103596281678521547109765484650661781891395234520327347822630341084726251418735317283057071934808929096235804182895891846036569833952496351292228565538763129079900392679136960519727271256067920736340851575898336926152153932532763099157784281049395824942583182264414900054821395369653466840010358685338454011 57683186333413577153764639651848845586836182536544683046042717966828114683720846399365458477866836229426955364301058049295678585167933608025408279859482302001900531592815117317450170199950666278098441065920719885932094507926324590289458348012675600130403731592063512381621600569761962203037344633517950730997
26818968135929954052557304244615605717283719537499323689814537595208028723010707268663159687648958121623396013345601528238824814062726685181432687695993781491809983454359585408582523860426516018827704739721962878703260496244548240864963116296405404131545231361533530078676159357153085606084662360461571966812 49111271068276472857503167748310427375798707331804899377948419789752996562867281512885793997266241726957774033574944341768710928838734548595497087405061444953965965330142919510403024150804473940680293677654010174955043835390719793402149951566001265885628276957295385787154333735545433047980576623030843404631
25767201532040418983349714516098170783259314497785625753246212923275543224735158182610760354603730895661689994375554542299033687776475557767565847205392682620159907906283532310618639780010233931850167415905154479269357112369491364627683065054849293533063603488649341431306801757745714985980164972439895984380 31304115572994651289816180476449455474724960339096951641858466598172067187968912619141100668896236797843393994903864261350969706554689846133964160709091053209910101734322282100095439022110092595554739645926301311532385875827710774195797158134641663764748441179472452258121364372283877574703353428900386878447
67429261462024613578534956719986961059733309407742899559359017402652402965793545154947559809358030611894118696128632232445362634780992730637211310428669291322285849560963241391802337692000138173528802096319949163707836993513466687615522407246392960583315946525032239013200993238468976866747278939251299456992 92363720245629944649409571935907944675809730002104769734124464475643971261025180036650876065523219549270682756697631362745797945693777467836482728496728237422466900236634272579090987089221648962666190983450159068304489736812287842082679143550767670116926102033898418809810444557226196049264807909787376936641
4729482220014372855538251725286571433221383660790138137988074582070785507508377064416155619829938377903246157253769429906549379027658491463017425776092256300075835400692811992446826503638400353613855767992224132684055024930241554072326283032230320374235910331246591179058245231324692294114100182957882256263 51743356137882862810413120017481091638567238721734853874681590352612512330336595897284580648975453700876089574617521914748251582095563682186531106487647900697314077268003778300093634211630417303195654527477445689974356376761079846307356220887737046498348571285079346617152633978976557088393944912736114960951
41433325824080256176273306894277018499673147756843807569083730940627721546370456828013224434782085005127946590330634705525030431183319269716789750832340174851906733054933521429560922386202218070591843120073878467878825469196665702841481435915914349338632964202984411096092864344871571777039040260740929721176 66184140223838095173027076253842578688852502469740389508845245467742927278799260173194086599316110127579746031532899853813757639871585236963241514005331308736641964976811048403220246514278551581984753721049244508361290428503948850224986832596435769288529754438507492231803305233648170032761737832108071030849
47593675600150270411644171945479489491190238081099999159342472728664067960585885222857453364397003376120069819922507146477637054693012387029026046458344025117524409433124330743465455039373519919598696013132166029848380496049816011165500722716595170098739901417106217769124520089994354646464784415153706043626 57402941443414289916552595895983540374959762525128300209188307223994021608560650406771767583504722284462787201181747219635604827741859736486350506142131685941531753630431657560294234744790241339863118067172666727566828230822961606560323443820362201677282263161790230548199864324788920777533064812767070656827
22942751684705111063687877993714217958017235454796155499342626342155980005344728296941877952565259431262122255863349943112755654076825559621794750799629787368575080565895213554706837265103452101436554972114237765582133273716239653978933133231350826095580897854711386118057388214059912156628128070893154151060 67404851602162928072312378763445217544156119847560065040783899324728241012827961488661391214795321592361599013643845907537450503367502151294730991411437129445077850570399405468285802559035550008524861648870487122861797127780872158464240023539124738865041515839271354764696644454985727357701211066218329470127
951027317021076337689797210535768798680285994924610089134103991768454254688020756607919860226973605027536330782089379334986494403752824067633090000658332663207128173547179920972059604520482292524614585245589017333479053277789211884955720510898907481962461984521117537028283886146060237351106758546026074379 33222242342330541488449280498630058080206654854771597582980527923958698970403529870054350942230504720884558111088277096057536983429681531586132317767716536123710687755814241501918504754280852579847041535744168708620885367490898957182770418360388547225819110645556330207705554289526344490478317853862500086729
20257784390278395701310703892968792813695280400875052159240325766128612058394517528199556463903727874333791544463625099702127863345568501959045633260661811471400735698330160530136453536982267398603754305766942524001684522213809889146445349385339089926520360774140316780438410818558621851604511176924819189872 21845944781604303458017619689771229662728228984765515265642584139079925415852385296277996437688046531393252249519208054578190910606054959299407858873874582576251960848431432702159600858238750405711891538769705273094421627625371882344072367029527178401017106426406387093115126909024644444080593820019635734093
16787485355656547578715863422250776197936116267784323340063283808659418616680811725071594472954614917122917277994125357676642466828899390234256363988977601714152709459293259380488927221812580445323861595433135501596858975384994998067699582106065115708817804561878012463054482850306228821072880632104687955890 61131681956323468703438932073327343663020022131962023552564705403689221775136819378468934709510923425692980105517716690576722300992419452048063762294736284640311253140887061913620811413921492504238423671310310351785978430956893967418417954810437813804073747747025877103117978829394403919171576680871686226477
76283190327765271914379129892769215639523901802975801253168457177360978325559084571134384466561459500222723181385769216831269168240344820695572487012892444893149929182928357805847614623362395406719974728406701403292765978155944149720141044210626045638611645870333672989707296368359090712292031439067231395916 94329570377093599365189611264882394260235859620279749337945805582935975088553923367877798959662099878966830298416891259374941806830658487593066776934847590218092532174079216921013237432578794314382516637897563031685066703708313165009425366470443296528509831641859294641065904350395812569484976557559290211049
7910031610342401741541716539920964224720778592880042831898288925098173274333714419669818307224230288080817178865661934065307721021789556499742596986114100512768712915415731212578711779602592544630776979867972468700912461325252547508394488141531972145759627687080186968332312928096498376949638050251761646607 24166262428214075591782679362892015410743515639543463758141741215657814572543185609626223391955536550449632749321843435488732343774528493198407809898815644414842585695907203292804883356094617588062019507140233379739372868028145315472294540514686636547217610662112012990071171197343477726132539094462608369091
31267873095605269777971873130257798585347241562607458745074501183022711185678851468586595650968779919473581490512219118005152497923168017981196048868382315377398721144720469349150656413469511973686897375461833494384873698526830460867296436511334893818632382811119560716893532395279409469213544828474732724106 46899856511137222677247869772269448172143999371569720475282088905489594839241412116496392743316851419341251141526317950840194981233512011930845745324242735993639923605880948479501340649452295245169460038749785672195566478791318860829270063743820308975337570312469955516990072640251617450933180579244007999371
23111359677636915830827098828096474058725428438295789085522067828136245902770024298538986653830080445409682344221801276546256465631135927173673211792731704990284051461035770725791772885178397612151033680147971204203709357555782175506377757296044398340990328133581114475123991750346279807925660548853266746378 28374459054204261285179599874869822708283942824291075678089577675208950017557269832964259560108674911919242895197467218414055110730785969508622639539465576378199083175924928120810345217036439473948003177319732128341117701581495111183494503079991099654273167614743198103822638268446178441918817909459754020639
9708139894879143964771468920327222630097976313785239457864395816180625753505440032520828269389697592531547417071864941253005171582028035127999191340387503217597469651028506537227663951126167392638577472761923484045841762137755451279458502207900034817411745548445030207263370237795873467005285400479022843785 21162801664450479293387220929195598999809553827798365879988547116884120365615108549746487569063332402910385742120015627476180615594148781304218544769504131176486550945634384861914538319097512594895053656318712135233961931511301571105019188534067817017059030273539135005096588855616032949387234791166518302851
47787498800469521624840204712254084716537899390634304284278744991202891951745475805629874803553917726369320963915314598400489516455506656508204493683345240419435469920670641011902822429013571548629944629188046730199560101491862338321631567010234015419025565530213001984285521959628891581910779509810420807909 48008143902312075973278204655499742455512771937117506458262107716524561860391094254368188380799935322918145451878416712346469957573725085592138000278856963150784444165454981243785623650438245450170811980508212182161841776378070280740357609240584584645564400542509900264029356611190140710974730044391524062003
47014888134385213623486026180327238152646145274685303020243477832364486949809195087151613430850315232612299866202695220436265208108505360193856520685457571622574245774133529396096486032080319002200213105086530209641554429646758532580320349584542657755810707490588818045536651297014823261303478618864173750334 66069119865272426133214488233939066591897968597637197864254407345169904603325992906805614723019276717789461954381444990923764133827193740172471590032243189436644218959188212528987207551256875981205227467270218439269515085295918717591874147127838212823984122925275550219211031726659182481962398112815886879337
20820985634506689539119606611483729830777135372217020141188252217379135938972253181681573390466039888514024148122837106495466611505125755531412875818044528022304718782430595861096993990479922751912827409471423561371186915381946773836526809657160481171386602693271898801726989706564088595968310853929730161990 57713057061358282503153259251083223667941610054573227833166744542047653929088465611535412992528998676893907704857195341389910801382027345321753724462636175784571112284179227911993097013317905733455250057836131636033909829359742498798654267583667652015646972997684717595225714922696081936762924979922308048597
32159596554215521130865325116041159873201811359699360913851383616820543694426294396713474625201668402655161507726668720003338609474886447748253761784633753345847800462186540410372974305764063760756305670191972613104034633619943887606984285090114710533369886346320233584750545631223963901928551219865968980816 57120497596365571058004381228281117571691908036706866866400735346476155363836066297002945179478790156889339880988051254213069238135060365397575833726671529682154190163431795209892543840512806448881270917286631624020036851075217159789850734119073609022584207310158521067784775005537301474410446261977448490201
8732951249107648117403076713743225842615115646294348842663773847641548072578334695105530748490646102457813950936743375307985524439674481090215775344768782737514002721442337764923073190472709721428357239663257432988706155344287669236775136582891839697051754982096723107434779040463481834102691676221352790162 40514151390964158470215192189380236487839332308230103352549540827872309256639565642872426215398406958546741611810740984545832101513021099288194515404940615497469972508424876965890165402670782002401078564968475125563530862666755555604599962219342136210793677814394637953198029258167305729787378432378249983003
30696288356431346987863672814696996740127611330875643178276823900721447375778311045060528605309736283790000896117683017189759674338622049221958819891183895735138384622178150568096027766978595742193653537999378841567862297021219667565538971788152181901117490363779322374223703539732583352510209795320317781949 44546651693404696778066079864461150866430202336873835598039278999905684721718739964277907919794752882876995672037556611770494026475285235520402156248138522771693098478309946171172177527971612403277998522775605907811930044357845758621787792269789353314513376031070559955751396776984651862639609721197132428241
24341798570040137042657507304225404621527490871251611963063120445728900125794604550490308163755125001985798328491601849463911346423587576299572174694445295961781490838557417869281656057910163865352708959877047822071320832123129353145548454245041685147313711415309561073925940762814106372422463303425064351680 52295126270009674078227206934526252882018734132449374698969329271397486290951099000814560481276778908613063923239042190454456871343144094183606383875274508128793419153530328365506963391563880896009346276835874524095017544411675385450360702939832196815550418240018932949742114630038551719463673152120027437563
67997412653947474856418545780952537037478576780905304635739874581296322083053658140317345569606727455023986758716273319219293407737569284326799204669197089888532416677827691229355889652163454944758681163420480254188185045586260638068143529782425607855902084340031124703144941028070787494402878830733856757921 69742576729699004692487925283314192614125773131340441029602193182990593942212805782847490540936895789230302404630487150720723181005507012522425317143284751860982926308947814317032600732615391703095224600299983047205218469929648341750599311767169908418814102613994051065121326403080468262795142299431344776887
18380704189933020386107752452137482778317718369109490943422740297505606335520144106526889174435785582283919626576277113550688044937371579110875036750559963072835735631523948903305247553801509705961465675033908536194251102546508308525169271062776090234491739762776910605804922630889716489998582711821254345944 39015135676974744560733108990984083300915903747779580587371033648068923803453407847219638383408620162369048002894363496605728913428903487612950513109399866697433179655432743741539740739088224630956959090367664193008471202374847952374266398134572235658738111978216692569276544706194943942651691674890910375631
34998280383529902216581959591590140955520396164571951392016471603086981023842831553137862447047278004046909682306373425142859710257269196180378790686432847352045509053771674570644767755062547508263875741200279943575488215461990520851951091623750921996824391320161075208545425120335026920598884182571856406337 40912697433790717172630623023982612139974535857482299653275247513201092097592967956063636279149608013052029545992161882311224508683376107107471471019239497498530587727163338048175960366574849309787208361562652145905463212593937378741446337929965064867262220653754261942465144574457726430724714801569105426987
43651585828918943424312877705480101741841787401271727101252554189159303924563679036322660090149805018549482860112950589265675543638894711634783525402747753891890435623521197002346336737770267675281273106017692850632887359382215851983368171874570567849067337471714882300446854567199007844139558090313810165477 51655547653957220373671405462485974683655928469751648886442296049732400468701544480734783977349606810311235976042596004096613669975189384017213931913418303828148478048036391705038822500409201530292551342386417312402508724634880521312000527940102053608176269997797233140650909891053294859909193250127895232511
29576593118465159156172577817282753522906580948465169874425820710061257070763527218404149886839064661237660143053128453240746477877072810336025895695952353551587678923622083659272785152580374816233247832623707660148247533693300760830357042896223963894719742490726279281377947746363304115344228522304539229593 42202940322342040925406066756511658766088794056819247389514208303118971130088596185682512339726551801841274960272540852777554482611409051082699609844412101196107393939071050784948604472080060851017201764750193921597298105959746999406493781966901915190670301161232367016816352192357046132898128189650637911627
11071789492539402922337885318628580090317685166232583366039662047457753321910790264824758899260301856361972298734098635827819995864807681227936235631129118737922179171406874523857902032806133804578902241225155802139415128658015656533356383928110187045661939268247396331007746632541863329589767022900923534945 105894424272107938412158053549878873595390161602157443142919834436250281905157648577106299232111130287081633403883174212412885008969641473081794823204206682037277425209845096296338658621117663583860650465382957757361199349059004910584128681692817458774834873258738503825825578566597030176920016453255211294863
46148909884206164566014524022103332667048000499492888376696524933381004357128711321501563087154850003261776613274669657368833225784114999462369556995024908591539134380781027437155846731328332984703900540367665396183899044372680938237905848926359602580380971165727647040647833793885459494027067369735365592626 61187908346639156074500590243106286267796501740467154351938071619375935091305967822602597851006201250968414890641272073830450088628325719591137082560165334451124351291505351885490612372356517654551138890099711131975743163553772918782647106169259401977581218749132495889641083509163765519562603972137127703391
88420674556215049844104116693982011302060146238623332766766369996737835284603671295322000389243696508812036051022866353817602495446506514556512087216760157673872643490043766647891059780102343950891112797747254608913783028660450458489761622447296384257578160769029269261169535262979093449135256620226384064537 89693826409639319871219602480321218947754619304258488978567225639614783416678519647391481638740442754748120773865317542408470579311241283802568038336281259223690327860127904375889669981440966558675360617965814507804780492717693602885166717219207721039895585137659686234215473438953384794036107605337758694533
51284183357108306132594564956389061749935527947216517197394408585167820887139641863892533096937991218572468885999270144250827129857554090797290892151310719372579860583015260324753158706946135562940248041359939109411387567358307885437880307662755450062163208584553302049481618501168245994478757477518200157035 88222676347774842961001927301820653424039623028337800073098752725252780763086959175598915229669526738162277535267292890256856118632640693157513487658914982353051295593643729339260972579587104407311504958536719082700235712128783358315516162825782249810633514954404353470059141798153119783287359409128018563343
66056673995456340757021693900879552790712047855429657260757258557139632703295999492303876545403961325903848388015228036413805621962930053112530892580899734425367898661060911488843571983953249559239945465599369463829716758013236867473219801494627447341003180500755545465669162068791263196408119773251322220653 75092141579816049789702725997960980731266699017017972871881688711083563691845871408599183304247368976801145460489942689238957570144663369329176966737054281942157899583435961761619311825383170978386724736140362949512354133982240507231742418085473777726508242649742016406639011410233496682061713564067859327043
10334661324740004657487701784020704217461324072886083923419669364858247656514719339764435793815952906553716637284249741021435908971890684759903707984943418421014285060241349107904755369977586102145325798116588618915467481538941830264656204106624610885879174855069030045817187311393746446761815446069302983378 61456353031801005254568550727739492321898167087558575071493577407210006050756299223673937138280817707414731312167500765715619869935765603324288929434547939897640276787111336118635749663276793585125697228614320176921672319205077913206292504410869091821916741948366595333666075012315370942011735795806674412473
23153525040101709945074380441018772886005460822893306453363332608430198328318396528699718695994299593556815073853432624052171644319235562934088567111953041102549380551828320649094571384587016508546824320508685185570324390427049257054396571818776066439617924735838708124787966139323025084106111115526653365211 30710308668872442059833599305189681667705432359880597637913968459006700632349547081211236993180901407176270251329225147800434001863340856483377229942280464513993118867405408815234884948343795816092345046104654226543694536682239163715174883109207228030251373271325251041178810980002587724348157438461187564967
47105158085750031994312578062575041660860417549360399338218698045705403402654423227156594464364094738325487255228659777788371298978888621330614266334031971430389224516097860759405553101953453641087402626924334642721535205926216575908101985405670864135586811540696801655731726133161062334525668173805170802873 51995240653568868268069773567378712487282953793660348809529498686686387683591663668155677310873389356090989758140984835529777581655139483341020619292796067600389147354733744054709052157554406621778023566852297173627443868542464087110986115088330723318576316174021726357499482136727960558664173890075703806181
19982165774101054839423181199085461658353083705061013950441211471707636156461866786465122147172619527076525762640402631265965536536774416804450487279778589753505706480003815251840777047866505506943289318526786856840169159866216143450892765125922122852093485927690612968572997921482126890807951841483147279140 63928820372608221257040405940782472868358275403411825176086628901248067188430168713918900396988364877002882254176153076140464873320357895591674928292715711751487646461945230315867043563695085320091580582195364731251425733676354004840033548019318499173961108113988804372875779636897583772856222406959992335611
34584495308090728150267104767830362829146475595516638155004130291599275776910868204542941160039915711465010447794971307728853542370181713630685092632333464235535072543717488413095603032202477081954863886790827772439326020755524171169908648934222011172972150144378520888485672024100318336554647809863473422969 52332331553784621665595386195922165330228899794911712763266347590205330023183208826405899041938227851836942576790369731131153416710685874116003235322863547812942528141567377273225995177293090091363864742811347842198744860579868708983997978776550984542279328326746242833623536297900274770313604766360396161343
16299366080983231962967703719803676118588976186988125077620288966917631892891283239771699428370299714305118308287591167963790004287030286999449853032044731324576737403670656532468451036432203567078634516105163718878836336878147639092053944691499357264421996054240810478818245240280752427648367960212376876604 70176030014971152969045280094055977590312180663696237517319373745036940316235339281365646112310163487303783454365980277738336974548726308010294834972361419050360418927089574088571017688122889844158731304182738361921156613200964309927261941032671065185620725258193910060446155441624266091000104891773932740103
20331781825690483622230072681655559161707860426535397230603929370402357430032540310488784930820499378072496409139879924721224627284917671934302984600754625683478567101633742958470956039888967738718953518868289584883355273085800826157801026335542552767706251476870232863577068662095280867570423090812793725224 107286904349637673191230539451697570946383526468753432625866976731765816597204020750382128108183320757213733369511854021543351556571917713089937806330229104297029337299478405337349610420288771894696566579725083650863890822418832581096661021271905919127731558287552081120203581079149637922586320207068289677997
55213818680171885983210581249941184448503970049608536373797702440049502474271582713329188826696023823044976159673632566913380683467893171322425523948806562981901626018737036488484896806098895903716721348220918881857531914457703667001365073345081892933213682733348055298047272135370651984078746201424384273469 69274048983080905920128862015726904994422978644057829071000043351631208332938941153890770758008803639501448287976099526761252947986426377949854099728625019119232716855832821098778837927381118174833719682013511572918590082745569721576935852091443266921465918825268531655744653480112801858543854898605936981761
38295028168779983306978805446031683714080967781327372677538565627749706773627275794891018245212028424354413674739072353188459077845214511978964392874082760712233244439970850661164925731499859621213540551990460372202426302536422533772854525611984004634616044916368617806900421020630625906860533545895415725948 48739259531623838731321224857155421770980096608628376878589482463425117484808736776541249454138332416693119134082774435849269638729580305252038134122516445890920555548426708047730607299969707768100536221636358608755199713349455703072374643855354583527351082291775698405107082499918928695053465021193633782699
25674864449903349028612091033976185209536436550970036173147543272934385319200552582695839013829348396811456068187246406740994789968342435968286716475648708579530976236507851128189755129346226185200871460301300604899597859105267042419008930413530461906558951047234682985673203047961259512991389998607352246118 84315883872642472389548462152751039030185698866082668945628239649016226640069288531076904727832423914136080068977281921881555178846750468376002396465719342915921925521850331441859111089620643838028542414344901735059260793354970424475720490975752617004373197109690582197931495570362203137748178936753119697247
18091482354528248772215327125652201980628440013029596142155762887626755574942061227012844296176067890153252110716520471269302455206606397144857662273148209575387769901808470017096161067594248879140909852180708101704839411212071112573243000729238163578842204989271102414311014975796965680098450600612645801526 33583186506303007355750190486101339635789590248861782778655137810299498526096992598557297930984243816661671235582821322848739991720435709080219749345351042571515984438269406076348753471729382157356976714362057887771065169240446183613896324917759441742731389322666060288229072019987066266784247587902860101827
54659593681378539288471493121602991271814534516194615526345637846435645975142843813775129159171906864035867099445715633693179666421278813196273544671724807015448445307070671125791236527999651755424887609228712648470467806892039478752212416924487031463595736742900323997056298067090906338794701813686694863024 76849924348391397538185791217676136536909959026678777324116369593678529531170148789449623667328209193673141314662679008951752734200776117504045686394228889197422160240868038517732218002212166377249390036934038817430271232806262387319305731114722460583161448353164552615879707732104534797186401066246878521879
12126235916934773653027022134491693401188339669609369313516374163345233614330321997210858026707125426930567284186934810912168815114433049230042060346417887669772779471911410312380950842143299870163691207914440416680954902250207121799429726265629724869464987187026450989810706327442210780379703898305236668978 39759600663711128407289758974871559423663248559630685730210516086509717699160164797348483349437864906030440936576305602275544413528238863303651790183972214849831758010371317272478024237418703974755339184812580090537172020654000388400555543261036287187174850460335389659220714727920459638614781831032970261549
26036599745930754066013124203205041010088340530798125525235592056265276189395138098836260079308532297279330427946806843470296744465217111173441885684748216377921976419207698508960168289351012012657008281519587521172265445925905819388162656852471092311669256470522147768240539696917340621073237189025135777125 35230361074358745254469667773735938320261989461383579813536722755787626139726374035724176500452916977394892858302034713712412422895634662338122491945383667126082610999509342204525023852850707839801672762069603865556292656127259662407078283505697838226516010952285565335383500974355603016435210818506089446487
48732085135334720216888283563464438257149142936716511190463880033442411867467693862649258911344173953126829242161591969665373437947145551306907645257629041709082910820673096100527570154588377584979898675605438069661598779968870605458287002011632735927673786932315652235335258255006922867342465571283232282411 69222386180434543334422008957942350346144970982648159543911965157298570412486202383897320433710466342849299500260360835183784438656991625094365159983916185898504604284881148422665720506345252550843053524395903457184467678716341645538387583812242944840538221736103328454679799893125313472048167283269484963743
34777935008832967522758136551429146029752350504025652997618816362290740921434556031366445483446034742856239353051705673113714324139027133311900993975760692676917166391797589322281979178581781463278099693383409058278594106144832528736912587909400013390248527440582038069950982314961463090599187653762127224368 61358474801581927476994455404045054823024015744959645759149352950112458479238782508835382129586762624677764555630402405547442318431969494037634472559498232455259622455634604479199247437243145304063134458681861838263733888998074695242391858228162639179865021961338077360888748573404264742812489517831851711601
20172987051775546925205800916150859194941535691084773717282627072461709610775357669366148263086472132548920818313846825246924182308234187640571236645697099426866842165287227832185613586665782687375303417084171514235230209497008855737346203090429445462188741051451601920490487863323368975650541209045331475250 39362684519942054000411266189581614387616987248178085160573491587236732597941135756148839815906702546377987349335028158655753410950329290261168896877524009567224176269656143805365114364033520701751382328851572574059243581879638527820429217774579021939220015688562335322376982443400009973230995248268719180631
4697411740996872877893097793839909187024660312046796791042333798922805002280835639654334659708930458790432214671044051530740751382158505509559022875604486592653331790497392258697200046681802099552293973094189550464235426189829964210898087241688893275382408772403055840632169277845533060163761080110850688855 48792912229488377527584425820116133891884222833867899924767176578354883851022459179799740596018397205202832399233860635480813695585358655109279873201018808598635149541231430657032605293613865736901789477624375339445562561492399718277809616544916971328237518561927579512448879982497846876893409201075176320167
46092337641428749641427930619492638306288773672673408579233114752148841679130063795900994799840332825643128478155763050356926087435635901978299283200628700529441924237915090530779295927180444144495313917826081316885196104176946496598501879445162182204390833205271724350143429153825975606374726627688436452781 48525330606158620580931398000813557404181553543539263681745301375200474988261940829016577922789889072687701185636832705246759698383473863745929049041422051973853515702012460696450707665452166888965567748523111898240506970797785397541445065501138764481907735362964847913702318463743438824632064780978765040267
69482415496909031553229116614387180680044306365235707117436795060109006244492011716236841655773162484314873570193426771332113230478210094962863623017950098732160039702108253992602412029134561208849458975154462273077945000323277676814866932852726383861769323247550035710904903470796342876782603872908934508612 84831504996597625143369453564247292612799246720249801134219026159416550354841404876466969887021784051895422811901698471437531488821093266403831843656875451116668826541779272797969077791159724496998427474701628365378717806272478466212419442249940971959075352536865664181174705061883449915930073419126509202083
1065736127442804269700777698410758419309252392229203245980007713770371171649994154061630562426842834068939337062616741033386286895867035530908067890924297638271904733652351466653150108687478235334754142133412675209363841701297327233358458529279230779823701385817050971535334002857234694417567783436871406850 48315689264937265163768368619475185438189283023070775014447770271115085707934453968939988828820158568551198388023048820853640073406115000886611446276167358168593607257055272312637975447762635557096894453782130527399802060033739003289032085011580558972451142311444263328678650692980861383519314321139841983381
31657737997437685612426853755130486886869577771312850553332438010315474373957583309254046355782315766695677494845913285662745826572797537044069601230928056322257469060389632946936491740933181844384253792066678840381069269490532328268339702558335727245258756947852805071287577261263070641315358604612628072191 54689328280766450202547219403069732827275205032492503777886192732219727600899859252930747155824721808286723273340004362048488349130729005713736667645083242672435386712813060031294591952262785247043322237968495513879452391750516224179368803137768480429703343212375206988020792506548295423511894934279487803927
8032542673926668858281919358599937904151236800893086178961337789624547140563091179846364424738369899453207474476713338518138204746398391451371704222693370782310917011021913810873472259203924194537374550042992421366269357528039124692767432664761475934833710902419316528918584293670050727222424752441028511373 44803925784452636259230226597308066926109686106725768567761006590350903147461085340046071816771012905305110507371178923426653491997159961617954395981881911276387027266194197085123608214969115481643493613064699412640459709857880162698940560129813409056382636265491755716188300378538067368099403537357918501187
50095498436848828782806421598224486216133630295764375973177302361077640758064167313895003389631506932781078168212464695738889894178717263868131537927257745994180189647875376151034411682805494864521467611818013779561160498833614120027865604444758477491597443342273429355321656542633607444886669520229175097689 51582568440872470003888312849821907804342747995663385532873450499847427053102942542177195383320121232485255610291406624598867147442097389829397643864692464922761621624968540124071308504821042434332782577038423524560122753043753065378308322086839078366076909059167605969973452511643748744963178343289975447649
3240559495247003434827918986108372714567106993805140397900211984498955303875995020636964963748502830976214982387313181268537610602579045522501251422470641701214531154220715631894234036139547909162756796171845304043077349646747474724452764882552472135024863908456751124852541186000714207417199138201415453381 76277174759570049254164418842078830088479926543912958574484417070444039656456481324297564213295461574396415598923274700734271841838046833619088799463301917282703259022417804872312289238588217808621591230581087842629932345201223246903041940572086200519702647823563933418645919897654935912603639456314127224951
7177378337169101870609217949553964829110777677402458026326115133049746688923444611788871396950795920812300444453965916222935631240701555601457409776043869661175891939909498873340007026166668677274736548626589129590915706854897336373009135632700437915941537289310299674208512218402510836072062259039692990871 56899690089858944165362393875808474358478954063244226706378214013458146884427502907039787708861584417953845722018522816292307332290230203189985838122842472760196659995778941242508440489499503955524433361599791559716440865291040845828235833007572991886616757291758773843621001524042132141316883661101707670681
46085835152270382006281061344705932559288050560901752200980074308440747704771108388341862251641439488534400808078119910409802773162924383806895170024474832018843419111118236252573416992513116216226905575314902781802109857188432774211997409479304696059257286654080377214994129234514750454714673790190754873864 76247742636935346814782595811757794649917501341204701020208393080885101325998483373042914046337126296385944007682804315605721052917874930587590139092745262654849058443462161579291337019122182530500025698717263152424993968739821272389234666381772914818123923531700447981401060029814174706949728899977950106943
12742116752825197339275182260070809932782202600402551785253768671443467869657431107635309177497723957358818585166966591086779447250240050287059962874131059552962364111785103106331778315757223441205590412307000866090598319799839042401845842805441542265548124612368527297129302297879692774240970702648123756969 33676823267974766360116392468669259167006302765736414633746251555588034015508977558587133591647610248866763136901110018805206884432281568942274190377128126375975069212084578374449917529753386909937271132039107164988005134256860399892919248006048849814223960265694875153981795476152011827205164779873040826887
26166297108860265561153108793054420791356877814250433927562380816154499704557027922054158465467186633223587867594788843743424875157564082722117723165289888443316593425579770417934973365908669671093052120080758055743650332730727428136268478918560828069335591652336062455896699195340257350202712483926230968136 48077647392957458079031436988292536666630886293112609555047585106895902336871420438114978331374795679241801769424197301268691528516342111958355528049900169528862003588885720610424512445643931824024844838779659643051726982975609257020229198786795282697892678196744351582488992268122301504716724118934677070181
951443340149611431311532820062170505192881295653151760851454157339742617414191644443385109385295158987841673806005863723578986878297596508066412706296587539849217421604338045218357770669366276736569979002356253073684037769600648342409513764666850873482624307516368327859146513600729689558009200187449898997 26477953641360602271152734859957449602415142732104720688003714133831936621806556354043965288393148121233018773963431618315683228217857317489627207126277054714118929747205912739457193817619497089955865108576995224822872603248389521426054514085352358977383727803052146408785006296291925642060717955026863501379
4440162409381496100077698979633354265227290911959885477936945647441216481314991087905717382704429914494471407981781482594472242045832656073601628169484940979263920710942445405283948780404918513404033890066317204984875827109382298043361421464377865585815092385263811763826212237841157270976330587794145952527 64028863588934116791970119233866522906511562194200715994222346261702537507426715647660474703024125809633431871882118089129969958766011828281748700234178029965566321745344715098339773203771207143575873313130360203379542661514999227099297695784631095076329457703154425494908827312803863755172851942205779769181
21399152437678658560418034554890013609755555048840954930090022708201612867808364790130133912719371796008902793219844541078136103702426780865751495205430312809917938731868328844001265327039282860696537227197416664179295508035864707680561729936994868495086224705164965533377037139548344299902835518732926630139 64276930521426972502832302879265374767302128326647134286138921831207691596584635912499222593952601970888779932063312894575638037878987343680970556826647546613958791844605135359278059541464747967675202954403679388516828029964561213993301141768408809625866686449064603940195428693349760083943943874421844382187
45993852968286319697794490781451945253380137947853374568417448971632441387684875528939114317201497082909626997620197208395361913507436382553723220032482492526486543874300850625550711132369896726145608300321298566909595825082776966969794042653701265348155703977226807378229309603901920691133890646227806847925 50332793228263534627170611027436990305270997895545759036830169081801710614117780494447966285072783195728146700793628623474563511605470535501560658360466690315079599088077418174666241321428878482484987637799147360151412173981515768189343169504757176220716839530176598252975376565560674027489507801565011900017
34517910706417858837407023419889993352916314879748004303985960760735479048629211495478016679923747841519101025384173107640761494940997365870530682865194398639037544758915964879191049928403637545979525629806263694498283931079134838282504716082002207784143744839095319801919741324067344068837512719674318480198 54863282777369059900615799853627356108095041977001951409201608016507979816082059740032696073296266108308665051323446516267491604917836309199642838613439966898549077102823316724881077848718747746320965176045507168778139768541202312100588515472245961481899852033338722227711191207794137707838767592229945279703
30621654572951114103543174451531809800501955862869966026601337229258230956391045365637900763303709048130767281061878127695383647534783880087712298211437364672368557429012594263407505224105529539177588486863333275734117058600265077847597595826722335303698573507193085505662038452858138845292029558753593576580 106654304814408470004594090000791202459940646818891185477716563481457944706475384551925771887820900018477270496433855146594911549262877284150561097801919138147498394502777467682764708783657414543520789915949257165732727502451238500275071800593501153420508308071851202396842445634101586184862179877837913876413
2875205413526871263121116677736963287588412006912797072677720344670684577096739901422688537590794056491299074454286202187009758318019314233472734100563237421307826387028788437794185793133421258611005132304387733679243243046401772602786772839790015384549510122927700498277540452268552847484901686359420902106 63403224062412879526308055033044187000275204834143136596643534503190357185691530377566083886851810467246637526548320548572952616514986470708024206395025399269775364679852679867514456700563483126047706058287476062470327201990397931503315515097504296316897123897799134100927448574093190179163077712206774721141
20050890205947917103198460758687111672447309074841303973184377376729018355189000164173297665607600991493199567659136026481891694129383634437482139139244057156570813282997512420624052851206299581034531323718903129629204049382883450446455639445704461705817465894149682428633196587153857913144093554419979850970 25994342897349749203069297242931656540314680961385969249080524250958617405174871855044646809130286166927445902114819391644242187545189823944160896150345291937391284758628720076854162660605219073167586265601336467703949164191396711758801895373997715602830450382909024846420420294247608551052495491281547343983
56970460325543851862351739403542596212005029844061690038313518874726858250884092532241431061488781154480389928703781828483689970426639126271220352397466872093421615664641862568604919411908430090537157330613074314393351269257988923417375087490876874681952723370949881809155273982157968635902935704764105950581 92707776968185260856117522982884051256335646529259431275783919430515147779532407346903245071663132808514023549386889764128559115696435435015474623992712255521387717675263158626325321614546380540052530212486431587688769195131905541309499568034772596576370425680532441163081283514250904492560525982043861035059
82581688412776663966103992888880910270640276338103948687832003814767840586279491092332297390764078470499578136332240206162659442052212721628263823839646176749583828771644290136509411392028926800599955303481718796477227541837794168982138401567484320206686478242009616957674022099860535231476670244343450800413 85144142283735997518173961527694427789925154830767018529557282970192947461523285614087650077884862692787597029724177194591425162330588788623332870202974146595036314174992141852326998255068536091056335940893590704716397559882404167285861145347087825946485771458991343026307304751755897700169411332356502000879
12130581321616752983925427834958764817324756429061485370842801012136536909594938416955890489155156226219123469554533243164358684080010513819827190302739838688756654550874898857211816828516840811141099830023085053320218443060650049978996915727876400743322193728307200498254948898847184321230721304603241931620 63373114572479349539644084235724579520097271417781850421293763962139128595885507616714606587729892690332881025985640352453105787872792257181530645234374974434991987996476562827404548733852972743770828202646760226984629057695859232254834662960967316308100999589905802548493138946124861685600991166133748467847
65150053133973815132169713073735381001068600066070140673033538627532723496819860757033579500300413464854809114215539120930987304691700985571931730284176763848994535745111199794643766860182129545789856450523544115380280674882863417503895730679353278228767638492209722898981643495882332718362739952317361397518 74822642712974984446083555184843252564955335134248373570291581918503807710425619941306072763197918445962632996639755862757163629238556577399902739511307996897560634123659765523613708098090659264973582008373754666047934345555073210029794100460369570647002775826779330024045752319454543633926148680436145628497
1098065065303800444712781823451512003441787082554297272439062778778103566580333683009703590846650113369633321618019009284160554123618703627243182654799236270002401722263280071399851742086112830403756983238905753135519291096566228972391528559284483169031278076773940758311175349982038484153865478080604117011 31546953583532691247285179394417212095668388528180040102307075609274995870903048724698891359329495220999571668094524852799084773105588909146453433099467314733585638433212208731365740583704648579958751555488598138148151769115916311689755178679458015601985714391327324000874095772550381793233906910021246735313
25438889468348298705371299117582459062487583006834001933752687997414360253461475508016266016390580415732001309713373841778916292809769142820116713220520795878901233368701149122236147923039076237690619313357952209470363185091062989287329956158746795005353094532257922698573980382131812987441690048926115344615 30467011179579428510692530714866003682841359524926904466928743378625225491324324085605660050593300008543283476145879720626040466742936596236268646607438413712793812264841158766892709323021408410471054620494983100933264066852907154640819575847193839795972420444755469889600713443068553289268232749324932592901
17422099458941142096291429376750365408620405876827122418402463027955396209115499961204474037109991377851686987339782406653950419500181776882884566697772980905302188188744307656478532309044224752648708990853119984312888144810708362880352730374413637981125326190391673179540634890056542924091807491371402709736 73509017565938128205893707652395028599125877163908794436719565871574663334729825592141706275160826743398284825613104995707267312928632557736231708618010911218846659975808099793402396519497942239314540669524146243962518560380376147221970301765423175609282062985745426514782672148490869350567680727771965846741
25439350840270857904755436442767379039370506314490198516620986541812442278431449467556816326762787651948900278684298749880437533956088096550029717042637027827290188676356931137014274131235096489924032672862364095923006418573759715964140441899059805945900441043555270845346287041772880218982666000369456355577 31647425642738959623911513704411125752302660069056829611349231176330442423240603372123649003511645593426128353920074247309869898924656360403803134901628116576991752429686352456624888889264442333281203699004183112915858122588451791895656324113646845832351926425876522866156170137031931726627188351199804415817
7612019116280692964337801201764126463822606357239473925635356682011520915281802830807929651531907451031339318469313088116777070588789136893499337126786834529878662747521650478169516366059577359022703265497769276400219191162760829538452400141375065961499540370879293498992051615714399871888860854587255679282 61739952375555492169169611505563048973924989000795845942187407186406474189838507626506744476421084041485729724611380393706598570562701223782513510858344286215280590920996884772410547337786965634442279547121369620140100227781265888324611020503972760436521789630629508627217103144841252859206663820805870103839
2022762780773169149045288879697249419184485661985545531305982985992324127690396208811016021807103607718902292500508963791190652752042972153403990197851441353306206695164777517051909038316118854703491793102866079412759178597206804070636804227820273251948309671921201335237500250815744442742177867468407827181 45934170508472046842239212292629061181406392126552892999913316051719669360296837892736143169036704254074144344066434411836139503942117176547285412803695571797863771841562084661043113530458195346327558248005467171345314765404612889791506776966022725684193841330545003293150977585763819188215198858295763191251
35756602460881488971860501519329749663551584690013871506214698912836934345173163652373654742067434095526388850407844285710805055950688286588911920524977150822542100903886850697228821662327697341912490950529504235654731396446030226914747054740361835072549037117814176602104071670629573570267015753977683023439 63177147136215452657615883125913810573699217301905726253332823003983423222547768242340771824879190018966631882831201094867855112925421641618631267889655187542857307615175812374705742938600147340795100509348279761732989705856924194851235450847491068131287910609478676507759418355787150244577340231466475193621
27558827386785575637074672511013439450436808024329987171785986805684838214259422414684199688467910876621198722434508504003513839224910569241594036866805407700592549197476721490847960810353256432365514075494690678456560070568246934707880756945480241364271626257234032641743479324895092238763127478286550508962 29110852726485862574960683842271838325297904372541858878095329556723655391390561842622707832690962067414867463819193748333259921395236205950796086159504057152975633158632378304322379329271656570858025007015136688148818787943278578857526525249786589974039962579797804273744472651489839931916154868390122674823
23093627869164095587273448853156231450638141482103326460434395104540911412312289393434022962283275557145200685048501024818148569293406430731827527659465174116960764644002723446484963882909847706310919645159062102413749268813899302392866853526479722497391938913206763276554218485035200944708786861557430533332 90705125514086736328536215431567158347935238780708883564752997074113233406492630525033220548504981796488261290441568592106479490252565419222851214894066653052768152104385384455984153422635695375790277906416815943395076182491352741817421553505823579831666523063866892204085213307850321491116361666165350108567
1077196582181109756005928688112652680866445887417029296554451531412647580733244774523136962656849672161578913704997584909701548998612108755138786920616211563344268408886875360240850323067107102500535543800034105538783205849583137196230068600809563375862405845196299450665822357477573343776241089424779519505 57726624751586928248657357557112654067860721481075534632083098143989520466718847108560295447316920245410250728446292761080322775232118783556005637259839792566810308061394829914927825319213153499563898868224670529417183541807695116510741718059572750779566227741075066058470600954849449464633497582733837770581
17902147478316893324191405169824916245408652282084105145285752837566840474907822481352607800278738983284121895409677408102461525356521301616472683516799546833309514073645874397330866659950249373455316823018810659764132769792385761418958154109258564707898872772456141426966499367421045531853534615669470401137 74179749048581749511726910177172283414366639143321520200871581095689060635603632814987058761615808866189331342257746164709407119466322975794372575943458536612929436326654289286521633135199378384729402900216302141155543768453008127508296477552877465446956673396941897287335893924320843856980951758645081139749
7909102341513628714832810926696596327774901282633502545699837633394933967435419764649808577982571190194378879997566522315949268492527113991324194144325127045028632791022920770350202124278724437446366727963046470825772178863822485182683542907745063547527414656684881268217497853367923446483662573814652584556 60117480903169539997126322214882216861681072366202341639497560101749753209784299577026612684633978961191627510044157039005775300473376220852871766848988349155843355020959531563687566379026291280769695437269395935757244229668893529549030310234109689779345548685217143292258432540558682538904778456136503400037
45231674597958012668061325857506001738861102843178802715315824612784040360928861561115573146763688362911878205638499303596272095807875984074633837635617834428487877585596210787871987901418303071199118317909522346757428780873370108448344597861968215214527311225508684165875225335103780251830344712697950372854 71955474291217580702740890033160399831359786068903237930495420044928814196941847724670881427335152650574981985132037106648421085410638866458343585620934240601500105437565921643189259410229988313548539198059159905953577538837474307506830445090963332921560686582857479417132821599355952299531949430429457071053
61276309304716357787622480970340707559562160612026589388109832288402703379797246716957852913264574022237892735488697787905536968261187493342806339083164972834494918419635106810055084418780417857166038591887425710087638281871469199585400339673350524856844327733709934238847855420568182620296781308708288641195 89212921639553452564691055122221213236825536441521353421681761880094874528752205001870241783025492838869575169791983388744685134881511801844514152687169579632272446546450130404372247508873456563862161332584114212229721592768678634002747395838426170349111855159027214141248421175775030878212380148506721007477
4509905378105977949653513021883042270664635937224451641422633239193874591090345345733525021985370525950781137180546709778176840841431004708154195500220901109814230857767458933871377827294557723826848609324494265074684888885529313648615086117161903635701891396775414432733700447740092376157857314783621576096 38809977925697136952654473088997677457399600782766458444708522238280249156323323311224108558970786740502281679116698519642586089436553150899941938399336776208153726162496622400071568592242318412394403361858075112343968153911342725397073562154197648342828583337833905797549188918723113928360173114542616167527
13055035389202425769784564688025389888444372476648618143573862550382546606315604712244805166929794599027915943318061151659299801442255631094949977398517926377649358561205213789007763385973645081642492007196015139140975145781775661778972632907150902221317249822560555695781108711803695312016878336525688917281 21011561000899654900884594413871065264195979617985896594749713402293794594435760394875478641514666992601120595710239538869809531046986110374902205155765079691134791384812597407187075491080165448047861283271675446855765098024792268054468810009921120027343815198633929446565918954867306772043275120796787834757
75834871352451637625095335967571158389487199308636210321023948802329442310838056817732317238550698840196917029170367176899889990249579585068795120913242673577931325163669512350018266444909571306834851205061208451629542064107810678058118593189816096550490314229645628662918768499446411772721942773581751159812 97804589425215224391175675144971754344660078053385422326478595178632421528307448911441845292396345805685493521204630345923670847574214461704833148807905956056122866370802428943695050931534127659865597488477096881410344634969977401203720795442091982480968731720974462081640950358057753561822465088266099136409
39372225997002152279788562826873894356852590137326373085904429245711931095230297484629102178145561918561849714786768140651153203221404266270261120624912182006661319131100019228245957892713152148783188209813577561636261800381239229586587962255461827693549511969326731186981145651350219961825902382176879413165 59585725188224742229523263511874647476830116684857328923403552468838024135297827162234757448499926169442861528322596744313792667381953895538083825097833671772388101180859443551392670235409073865154173760708024211544175209790692514745185184236093374252171543977242073805346677288514020940820911057082830300443
52023827567705768697398963912217488391052908441230781275829518810200146161035544333244697352241638200373082120034897799145041846953353439425623347620139175184281079479905282378698114941330893964322915043179280045491001579468412221034098769195543926589221162309920770494197179546927440932730581958146102259390 54411667253062764588030325425119914340706041318436972806742376737618590078344748668065856200048550042890627738954904029936149972867947965984518815987357588034811073094056562474904216152904549768832276443056659442593065338735327593871219800989245250021703241125162100993071980440924431456004157368140045569839
37349176456652337896987044929223957511882182312092785374403425527696728557319834119692707289939017601794543265889150945790255292491475183701509299342974253768572756077111413639911797402581810952672730977801847128479100781458430080530319246331885158877046256063223956470729903969100595379153816847341986749478 55830152279233869168278358163010962332893950350106565469779040703258561687101712902024036060701174766615867854090725029048563604681680334062832569565773481996215599772445595122808205545908854849566316465013385406933641276726080536216930554557393693277182800674436910099360868112441972945951790057968761541659
8630349521576783694234802699057851510514143743975596057124385617006268523958802429593119249564581675282646467152719504716075778529905302577669619577987468582407619852471842326382400277185559409454096594218823320484976945081869436374594548145662143153408149864156727785195825291409893254771330052127171455299 54700271512438920411812769023432191890937802778838102758010583402309480193501060167143764452144004594318220224377249249402678533963454540649551860785039310317616645035709508191958633493342005792843244058359265615818847468864491145658851341785107446332039618595858543972370927117368678601658523434473309275653
7277693588667512835272639472598143134169395801243785982957357072689566333117699778175300920534716142511250683602113160075190366061601336330354560200867024250845489596789302894830670081046516589051361651886229129218854296679329920350850060543727468305056200506419235478008795288952916708515715144272706542577 27769064019788386056401102220757285295099026764835455958830272252837268634688428444292367719032691560716800411493378686737202086141454870529536739570961923417539443440309354145854799935326353044822314750697834532000423192259582619933519742282319583947712901852433702063925451839267506841902852531310874166011
2428936679269662679672485763143745053768168308567318541358277964586487914472720844900470621550391149392027670138000429418233881290931562378832529114447949359829740216858753470456833889650083589980471082952489256910151854261144044800322118372297302108506741427991566204603630892376368596122060964996859306684 46122690605733135703921499655316133846275126971289032555556574023302986669200604699646648400654853400731159249732362404842509089118954396150972384558507542923201819098891618502500858529220760765199081692493339205594059888389608815718862671154940508823183984858571103499382863680645573281204280742147547269987
45010867851974973147897192765653046194950890435243312657888105409714606692229562711824458190309723647242068118701046209803068389815474553344235258264124435693468595953872030008981192476188915251221630244733136722752436341251024676633580484378068587798069542300991078712826102827464252649262830719936232163832 54230295528096313923272434745666153238706256597082963722718553826700982837581225620632366021067584257213746501948458453562507941737681635520467293659876812821249576824425935952132692904585793715738376660195204270965527956117063946246636087724325490876548706643407749571927409701438780143071386762448072911287
37378130636960213185494603654236133424445506060439138584565109235981618583631323272003833813977720978293091812538174587408472971056813888499865071351345752050485809479493438555710916984844516412887429901212412817843400932821736523129768525093926584909367975881945451110668090019637209104684969427329424032129 40876736849931756453033988934554979787362200248519798536397667317137219522737226935848493191242676517070184006606988389175336570526501521265502834246956360565465493696166682001176467658213116488314299219078188811910620564670160205880826515947744669390588475734499925088660223845130264190270721475141512039987
28386294215334358890546936592301071022905040649088255776319417608671845064288243443693861889339682964863020802740257139810785871067008315937023190157355909179716589344588802309230231058885242558374234637525847442730409535504522816456060862542236252960864167690088442754784569211544093808354830761581493506048 31835547357728837760777701083724200740964833780695701182181320925500362518872975196003847920821068168006118526170281888114607907900194065012661647511197765209693828307946968069773642089606461999538611334049108966916386735099470099761719767363885264578894381330120246824595825153689994356413226445543620806169
43490826662121187970211374898200132867511848183513075022662007426515702360435229640881498322377564947528079972485584972820826893784917437264791744083989687527615709290408428206426464341840673904835386552495406040306287661323484040518897922720002926983977175188573271064757109985522130521203082153610879424523 71859871934083879749540280686852069000741676838476881299037591263742677189044369207720502736462508110896533701341876344197038279034775115178028838013451173409369546430487310363867692050726157181083209059812242623834891883826933959017616728693418782224630077856899403654355407255207638745855454904408523197257
21001924144910644581900564409386570638530122500004523253976249919147130534731117037350942786422051565864850548377440347299420857285823789625534933185807448048037820598833846929084708550718030495351948290782284119601025405580675115134573645256214804046630139500298624696385177051550831820522094793315912278473 100885183043586835353518165797402058271648880272278099022592530450915807272023371019601264843234202080533257818624747844507997620209507326916144236526446686304991614209483404888181693911680771956790482715108660732467847152986229353911155816538358804378227002549654209639599523244426722613763120201137234273289
93243449616996136278750832614800368890852899987070600400718519693704558710618241497708087700100435325050944557835882722926456149532822745104229024193626473841006529040733532893133260634549761521788398706411818910433281955582375061864029687042692808626506281241819931160833797987105117395072606825277323411755 122534720155000745647908598088728110467205239809120246825944894298763911087523605871383783969042485321633909695904506171056089264092559325791354034661935833992278618667864739453357298039654373581446479050494829218808394682921612331361967040711646993957260202753103981788625142093898998659452349125925578507393
4424736904359875787700254584123594537562796201425246515933517392717754365773129369519879140659493073938042731752068876987468035266710863765779835868998624672418263579031773258804272873254240515038680675482989586615973648257605352864791926025700652873689659104805470742074053259893735884655445533051396679958 64424655409237583204489340413998738509332509341660663262225260461042551221819581839708566679320663207992244071001605042549645708856177276221555717409375985777034823128330738926845835819879807527020361358958174314813567374746734550940063699963389823441518292701715461666673009285553968704627784950328528069569
17538254291325167305359843497421012711372309200737075263096001017560853990139374393249480044201674971765686614669419345424680545783144438865055685944111903236535052095267043920265762175903654953827436587756175701463437384805235489555052146254118748191109037737076665053058379440008653923232258740116307717930 86559880846899833949719088495866036872009358347060481737892985607053548363169850089308968151630638025244298846058583457820585318882500292024112018561823091854129032555128033148996403176886718848374154468455016206239147211024124444625538965537403718766800964369516956807402065411680647502793767255279925616621
26472112212504870970405020547805285463913640814077222045973161447191005980586359710614785991141532221619866953491001879804746528826674301575630899254056533445425908919177146897358455852919896814165314035776629054153824382954217236576746084189371321410276986144760728273936251470220629014264795814367576612181 46491770683723554485767336744263218083926462102739443392083510496352962356026523961345702226296309255988835956237383195295569490666887679694014648115316380433087159214487593779498412474995254420205757617895876615440700425867604163815683683471759515986722745971570317572978632658412458116088397733130320478933
51823101262161168196253014736030456914708983403534937496644287562315157806926014065025689525900223711868330974411238734692744458882139121586584937695585767934860945637541578575881900917324761484294019250990995132256838817434727609821109326101415932681335475511982521606838873196337498648349457028763102730756 61538881893303560866602355616739365609980085766100253003033368510549583046494134220750917506976764327035544275894658859582019141486701159417959161305311115668201526280218228180994516489431517763462441608477344865709419476982367172242613867684291884876585332778892825335005628946950214729006220290633069841717
71342077145454088137500449214594642054244796876285020054239625262352262209291166296877146834129918565098657806983070169449420129841748304274586650963974631638742718352299281211545493170124581136865949894252982006727165438724784513157941281598389529175809071906629091983961363361503269283491046269334244483322 73511679679058361429281597186561089759387574923698281003271167156286438397957316642813006690732964450992813883841744908186476829431223752278245050026772432995551734115619813269820730773828204953517368046360469016928246234352743219696372932095271146620591756242387386797163560134940548416176165434413629193377
10208437056140951122624380837682356746816067570734798904677170120074825946887352562734481589159446530445512681133940013443316145234774134194100146597692915304556507678400573650603481644724802230726639418393739336009627956830011897403302737601266999093991161149520344131933271110962874336620309787800785693891 42202909854486231411912124488067636272546875772842577970624108099070807538189325830151385688569796451883955314576124272143285725663017342545479857821256294306040317816581993664111973623873331611756986932380100648474147754438750814864899372919460104370240103277444810776469229421152217646870279022733265768741
64569244601864569082565907234416779390887906153380153120290973332538682055665460293004717712119218285842707629634099300266769016697819083212143701248928577663460357486087733823839262771240867846297397372930942534436874739583148752233637875880101053951818656470378970109864689635222277328392249815869915700757 71850723837654350642306367512105208885692697923967567398371861019609199775037380097638320820645878521946593159915952944741082419598735994439416372040063543247671024143290113421544484052271848392635653965090086182554542257392751220210369177343300320095661645275146182387421739188032698513248157681550347684113
29742067569014059232548465942675454727703943359563769474215136682733387457671384254262457341925429000944255363913292913775838146510514905331385184298268001663532616227682940062431137478101818924967549500208171032219405504823482584579244222128947706407093769877774445126820402650576751007471840759841149185392 42049490647726182088109959490193934276883515796976247843582373229123138076213656680142114122777134184599426016148276100167701192443113396174633309720412895904497491643937331599985263497087181741243640631337940883424787816693540896322832379862345478362214391733251687940354361421700591660130435402794363703323
55176369853480272080343100880891846706665445642721916095713375243719800201290718579931071679992333597724168134421238802851895157536868354251107326786014894079525752824899942116080742366895683695413221581342021356336643876059880811028672283338630527411857705730308353376175774667726285463016015913867926704057 55523305862697897633706122285843416015630196254496139428396282311946843858270892278490576151803306423129586380975562335189033842753691083808431891498909285827243214512511482836369605397340568469183453456058061726849927360717465002297128096949162237095784720519057798057599735569485821548353959302266962263581
35019923917174182571298656967569569388619606582297186032091950035653768433471707121755822802160601294363197279685883075676271493162786647608596433903211840988984167389322626075980118175879187350599955836648379719154172979057244499333988347823102297357224049112923854832275123083983534806681416741839799018713 51225083332178188233139443687838420648311774391500509102263405458112032655993502502922951741162479848848374927939506232625013578539094193631571595546490638991918763154533791353155107238333993706790427636537848754607055990199281542852071790581749703417178943315907121678324177181994071461677597602620699254847
11433848103154492678673448681595673393960268376212290356951230556943406780129418648569154400220094518182917992835060046629221686035382673174597882502759496619365878084200089704161344709725166488139802253288718489452532449576966799835779342282292650851905728545926850709383825256520534869042088584618772289511 43564463914002415525911571950531426705354300733936689164863604587702698505167342256868725839933276471005375057923915866710952149783179370459670330941590621509498580423712163970234426422496175472607926952106724498075010101373517379055721520594190282213980656688944230051894424687499923203167790089579680634553
18020404699851309928239474289326978234897241807371424579361289453128758082047803453565452693828898077402987454324169722921554334955920975362057453906352040266995851730257034616332431898674209016224418262749459567262911693467105931967148489072035220893302074633397102791113622766789775227675763893880249133224 72687366795432250012302280014806707159877030351802376060158031566731574324022658815764731035994121601451822100551445443139132336801543495490862023075555765164060282023991123650123555133066458519198032333080442917578609453254444537415972688026511691250043568153500888140425522576505388699956386100220557145229
25785187454768142200494706625102253584598369419012007684988689955082810766920466587804580593403950682321616507081924100565180275409442132796260474208591721199996540215974462395712949265519652790503231155310717315337414020304412758095089450563135643462814793146225266333092982240800930881162338114454357008087 36651689885921338398993012462041690257093020837449683478201772045136421875192809311579080409351126126524708528890919749002408736487895823860269157048108069065712972167471553672652085438814346625687211729046749012444386939467509503148033250634882313522534325215662079674820566657658945012646404452988257000627
39758335266777372383445446615773415904120778456813215815385916404361085569893151794477777376502172967766882747704496739800469457330209694576733282990782339272755281777250397253721325767065824040900899631603425840387422730122964520574962160385997570038545416389175444037773290972754177510516937223203829891560 42006824122875863758219058316557853106077956009080220572076909221554914564153694892960942957327778689310060740278662590861382206646405086126473557256754128267280853010864027218683064729625419730193557134846155917864714084103166329741777148347681962939428019607813945049380114022972345824026346827156426551641
7914850932020863896072905307880650956437042193149913680202994585430501296172146789521954314330492105387841873205631479658141021064197607665915372905341407220776654449409399227083026569362381888163599115309658171069391083713088548249932255677226000657088815956198546580399688145039803553524114834215241740906 49298460919294273403802086992272627042119086721242779709010279773528589181071264368185386776441385511864718396958238997835522403658480627543171212655026306948500466535232664071232142368092952158789938309579730369066516752908132893223763063066110323666157726083269450369865652625884698337964548123164086714541
28915771311800802310506624418400922150091973383081412269374192754773473661776236727272107970284242674034953671981288890835272715630137999789475512358341456132830797551160817741947471724810999788802262939384752285455459071126701851281708078618286295598972082752326189154997962898849186879102473681695935725958 42394119891161786432322625084335019157222190968440552902582746971487790851830554378996820031940648701212645179196554989582602445993974871385375411694729321798036066801307981628811401888753577042383221402452847254692298154768212311652890106533163636890599207008080802780653378967300717854456507506225997233809
42467004246321210392541034268735248571478311474929701146214488556585770949884235570160020249058316488595108595370728930646341418728928620276836819030433441536934544238319445758770651240155807293672739820916622199980470397909804084089528367238507239018547805078721058168982463890729087020362276839076426447669 68133682089053897896671586958064410694043097341851349451494872827747558973696562180076919660573637667931526764250858868662529472069095719885003578945335703717171205949715419758916860323682603006411583674397286953665264410782203233574719553366477154373486370913848247472066515207894617030937874563858480735687
45199772796399152153717828040858109564661994930044473626940847505741033909462383342056326363204397044792572728989247536601794737013640502437901592514386985721008479338444689130937050897099373093623332040995392431802269770148266402019128058532649478467022289599674817186326893804870377772535717318344373861154 81972804565567912679024479111826779263676500478293048558371977549070134121063133135710256970943521180739571333758442606681503445992570979742402297546278272566332766177374422414992854178309227161817640884859069263406555711269523239368431784449493779532771282554305234659578812857879398581004224177569554987921
20490195630186268599282950393374183746855284367352555371547308330141686657943288862670696719641362174021341430169461612762197930106099428244344063390011265555080905394395730707389147523641927668229191637857627066995888107972485506768491851187456895003285617324718093388165246888364744410386994627536623449117 27483161831386709468641427001916310748462461865875712919541422813526583370542104995978552525039155477121112860551625068656918143377123372595285459500280257327779640562503050148246711286201096787864212290968705923621860007551333909088910939939370197011245006541990634004324869042937020779221469835007464222557
43648484867098455749648453978723447038695190728249892779496057191557314671189375095489010186240685081704511695655982624980995465841969742977457823793019892548339241284456897435381230336193642414314977934895148682624513387009756664277543903771421733631666892870536859408545680889103298477306391148284032343106 83946907319434984641235304187008083979180960715300738527891660229228317169144839470671689758086426497905467911674738889228379225015741192984365065658293634483126899939801643086176021796060085273116694080563402263058709788265884977818934979171667559952740890944633607998275736538793351902887397501466880952721
118372330654608702093805037844432159215433115532451525580864147056915712928901923782611191088803918468031907391754326708482211508406051940423822625796359638495536309714637889862467421679032902740699158105844748258187907305613061887018381428052988918301366487568307304075989048034437648710515561146056430611162 146052782151015843698279503585140701773918517488263362485802066456018560885660022158330501665916092313401093858107145337205332148757521866715967675283239391087161720990386769689920534534160414908453441751600833822501558274912048227246766700745702693358563970816016015051887434955201238332363971792183446538613
54239462852698978423563683728203910981907867770869612098415656531644035209694531343299238895395287291896441233986692543264262168239696844541061721437424901076828848900371581383745922156873681640149029816234783714836460829814264977251324667875971636134028206786667509345247920198132022971399455064990282940097 56492669094808348554449239650744354903179111684918572324545546159114638551076070073640830584690229994853544590957314057543733943145993418918612653325755053745737725510112400806779977867653338180880184996989404555759043568477081086951128332652474274713826722567673433825030537437395549954612627665777542185071
3513547580033936447790702305821391681050846611336446880001829240206276341686856033350038038439237283651914537912571216413043706645216623148972178676715513724668202414333779414065534024881217980553621998224442978183218269546378758474148718142456588919865048404251750002040966394751987457043521442320980680952 64259433279902548946932264261444790817607760005153003510262392909040882521969979269446020991171698307357952063411708232703280940473556847066075424536523747494964484839772001497970257350375319278450841990946400137998953451959254039082135270492435896517635834236878100012755380440718802879975417648235595411793
38445734845434922755753880366617662331554639907533655578485250605299824350634635852409090744816947211736436042454424326011612557177182020456121812680030744310806039947817071288274276999478707303513951461373292180356780634728412980290470346794396383948307289075767542993939547125339014255420244434527804132017 63764578768735439655203100200177827658163932551406889808859592600636547114915030058285583373120696968219058464302643765520621098536135687602381642722136922703866306819319212627726178014499170797971176915266828621656882866175179654893176652725295041096425226171114420890796066033560144875011427310985894215119
28517405936916634245721434658159152811818062121402708510272997760135610878635745475854714324324801717102254138963237014620938097094711140551166339591384325068544691494954974989029524891909521541372793077158028854906107451583447727005685591621743847374613743097515258629922645952755568573740686770212104143904 43750589962299045294234521388587109312244750754903931462763617501457588259364844765082440838600252113842715041378189156443090146880352071935173961759143031678072913465219306736229103594950047931803933640591236480712070931426240941567546267074628553919134369504066863434727731599831580246796579130070657298633
38415994200986364841293300900004968275208087988786698163358359523072506911956854900421368873300059440045395609256684593771336149544706247722102773996633862697242049067771930817611326110590278085206820514532613970798499718049527724533295759540734825755144194814757437139965348264793437530908066354656258115692 46716957465126059222538100738781985530231892889282273033010367197046156652140424714798699394307557724951013432338361807477803841094743756896316236314382112086915514875881446099862860546883534420357980211860156656970768267422818348129188358226134348649568978282726654030865113086930057819601696898500060213759
35194700359396147622199822894112403307752746654877363587892834827650612491092711062781751447056167052475050925847442520247912074195604571538857200905323918215734388264551032002320845737777664265108527768939148059711705579979899156521809694003100644711132580382238610715005348284479905947554462402077918676093 53120575314487656709785518310233410732137845026853380902577035243879375140132915687383541211524698436118416719860069430607223896477804346182657013366676277215915910247578470492307019587692478661041215554727190761684482177368370766669294533846172098447568722386339418079866639902279705507549037541114568781619
29589823833170175293739709964661392643749861157852502494055937489644150343687297825219442143147591316332207568606588344242243189547776041247338070477793578040444711664859940220180319040496321367428868051527829337185979013843545552442940631085823343843749057040140169314630997510508485520852184352733498728047 59696933796169738634461732568366000114003513865169095772959465035980110798797371890945304636673913399778244757962837175295372541438927875035955429692803979306705162588815086472261441232606924159179964528196603629030002432216446840479547908703052679679493168866202814513158264398387978775090650382278637003879
6978224157821659551605157546217748965070290866545072569281251686246797725017522001339244703055348872976616510141330673675855908937191372411399145522241569520538960903637957812097233462715327259588584641744895180517509359447068770699739620295219761461890364151094096669705223759068810666080419074033015714727 39718659741131174020631731040043240652260924458737947478659020426998829662175388724172034374608089852919205057786273557378450671635447903269271266945795046332246762040318784527652422160084944962248174106841983107120235230937292281793512726671164944331103802282495757309380756385956222032754767158535419605307
75768729665372913927009058909013029281532672223579441710825811315592840646483998569466585212310683113550008333980159708923188509766762410045551309543199850367145508915611105059627356491073113916301492939163759419490603797577367273740078833676999800606943738034668083406001641360651862159352698175692290992621 85079370623161728241232559324214789982268680713909923218803981196269124703487695380324395514009407276855198559937244847949432903919425578430112071740470226198669184687508169203307058252258332302469415348528543013743094947638016961763224332989116277332533375938722935477579256315661765872028054105371255293673
81356879343383003294743166331161319954398029163043061210529598380009289257523221357158459376249178281277843319901043965821902545474703020715723806132953696808433563900906502768890791313869203206386302490040329978355244413996150156005009854816535199197181276788356457796583461422813240007516321729922061531572 98576326232372778599178002828323768108916102513528077461853497492041088983913655292612099210599053498531251394261995697838803750973421641497005414339057274262151986814578573803751957262670610370604397003053047041349104719499284269589663284853772501414903518491704560147565996274048792612641312231702246502539
38291318683710016891609268779516580632601793156184154870908901918041648335833583785841735008108826924035539965274316075228005406416848951797234682329137498057255684936096261381831243362739381015584933666129769869411631308269204970827294461933389119308932408313711813385065017455705432907232889852982646178404 60541919641867543811008654693434312703447380866591336033673163709812559451156819819782534505670649632518220552615384893501169588267622082889221377597663116622008738696037189563760260804946798349757108738318907437347884923334795972863164384568402948637960102131981418911745707555946922987560839495589871958271
17083434990849357150186805154495228395720212513019273130092471515893088875563972435602009230183306670170413033879654984527629647553853025342575047895601700419059369877693288234993853687345913268221310903603127528767992526839995313510050547724907975679938241508307092982325727205396572268776929039130795552347 30578767145373024818842222973700378956522455217150071409389103519822222992110464353246952233835224101529374357627921655270720563001394666124661500308614859052102035659451549893528723091740696385101393735624902110495416271518767568245977925886136253802259154937865054445628099268355556735188763178952989403589
28333617069719621197088276632417383677705848086578466957996129536308900217465986793869001315171339172648641038234772781224576279814464170964796567115799323321278451481817614662119962929372255470749200874896228276249401975678436353625953685018724536887735625932337372725263766945850181941057609320007769943380 83248365093218792145631942906096597641591985768036413836900733692713491669967942278791538634464705626954514300871094648806281010627039100125015832042865477130971396693571164050722472734675630913384216012806531184364941957617998494184840542724641884333358387634259406063721906411191805850850367507009167667403
46005722494962057258041804954852016826230644940773873807520108681662976976877484766590091858921749427508701261947907150034202907709203951024217411628541769304480016179425751803630228143832955145961594388898312688967942698360619846401166421135179517799080126138859263116274441354222163572593730288524916435785 56878053153059526756797666887821918317299830840621764571385570628479660238840796562187346284443025014686309613349573063138861377728342019012910747307642131708524684647797688741756492595705822375373173501941695182923638688516153554004898837361033709091499764445158687285713620278425237276471118019806624942723
55603696509319256355895321502324978179551980480995971811185109559675994028741595543811740780822188781572528549876405286128782321746471934184874413588646104756025919165130754610535730066181527957239584029005952210506324066337685808389233349340930408512484924419664082352871051510884610909427421005594475773174 89982751932179365744263695674665327906894645760779859459967828079458387183374322331002550718360082393255051460634445242203614145981174216197574973291610208336163935875613388271649331088047700853726653121399682498618462781904632607802888759939517895661389279958685377257063170171536877273062011231211339805347
17901802200712246023234272023556518731728658661928202160321205420174881706124722992810458670355105638606623880309736652911871226106453092095994726608763631957796148335432287421070695891777154676892131684348492133254455883309298314728093393999664247618880923207353242068344631281109070326170857198328575918713 50054271106961886459846263352623224885709978048737517659283242357560184530177188804371593456826137278993949075133285143725617021283418279108787634624632185511710195392268839950398749616846562919354296099984244382195445191716250986361343140682506700542202239310091120655705337057545607574852031501645175624379
4315726756703011722126483208823292722301884571748486782726212762252496118032980386694921477775895053624016028993954444070573429886118859520268540851695281114053388062432570227483894960305309521291836327663071179108445704420537359100513404669019481763851507340870684352368207210839421422410379395691602966629 95862355605431006918438980782273039872271519167706350856688758602099209940667430227175611033148509419883373336219479890382973515296378460159630861185034490704332516612408315305683970559826518493536446561558284746238392368980305762259657420364845899688015088728029138751818087948935690418831600361583885100281
46200637500986489540103647122851995351512800634110711833274333312823092432181671830534559073690460511942818230817229585687426188529126025678734541820763331112328042542756717662990460809707231450234986027062294162846893280815160024648785033973643415351025192239390984053024841337262414196648917987364728446582 62565058998575907258385971684978646913170746328965197428551325931100722929706996663707740201523391628689386893445165732909037030253817776173169126433312602111883276937599165368187489911949652831547566363226778973996165930088549927330570254361139796177367645140292259706777157516523410436527490096706052594731
48717629770900564728839139794479784679949463976929897082975810764348575325981682837515571128373014284793730896731435277051213914979221457460953320412363330288098346303541073827991643835709810966763672613199225430267151808663689044147378491853660291467738336275977123467755096710769375714368020705520161612833 77369017431717073012436739485429190947989166288375488029646295487686489575720795794559983033555719589645483889189388315196755518771134958938807719846585654357872619711745219769420656167584316588412741558848042703161415528990363568042857127614540835509921186907323226178486464092544386643689252763919782606777
19517788329755609254290706398376009791106913501330110990387960614977820884292363023642314859634898047443400654537403794602964590376650257138768054133827080225758848397629742594887899178309881713282564377125955628968125811796422392434244476745839022313209458067173792505737770352657841118435089915442147252213 31846771111973409246404464350760846852808601333703739171808868970779680898022100544031960265321556295935063879070574869833524637090238334833734630125247737006297614574473552331306174076913976215799671612008361968351324951746026197661283373533524486768103072204692379091938382034484787419585447081036835206503
35616871440904994474296604270870186805831002475408255851416765715766269333254347271661454401901463690975882763154370557840183751935849253467871721703726256869502858728543601254226146838267434449583843048988627731157056668270660467472073497589993504638970823041790072902798027450239483574096167963000638655552 47216443843998697595595606979582040189259275896897114126084577041195101552308697164160647701973634806875777429049483459539692065921951998690245060200249025042782733685826388558700273058883013013575227387814367048004157659114714995347082173151229652186305437371600023539228920392812430801152471341271809614371
19179508261119357060544581926973397070373738372601859368148770981065107787827864434140540142143893459057882817982687678605179079733310811817743356643321804295478214518166394306840838773236650775931601789453002533523794020513846760725713003512727401243062848465963144250043087175265219769216108830986815219382 38956308902360684695800668329954681737986963946021427131200061692573426683249000996320589359538233851810568252225292036440009263209916463732137713563035427379884289530689728778025456695022413240786011273319240255160539790280570093677216537674970555417086610574358399335421852070837144636266721866311217593249
12470779176641452110492251570448014373158634657283531372749782431590900768780210824002625083164251791712481400745841237279131506877029646881442052160784468326290196136966593918930683593290671826612039527633444586360843471812530435953019931675873291599072271625966872247826676012754259832011736537702350445924 73105708238662721036772333713422637622166247458172129527615866772654402751374235716918983430593202913180147025889710814564936873130860270193962419304373005332904781048310394053711484036997336714707480724094676194276276142800882981750866164298333054361703645956738655719253189181436933674904132792562999543567
45621051185979090188118350445073283429769141419121834020157300646664603568727792178109041189809720403582927157429849536732273045220206521714066714007391970225129382167462846411172188946254135815328352534522539409445152776529607037212167818060404289037314903812605389583781550692415342196123950891465713678649 50019235058021839349754649549150996793357977671717424085851526631059594586719293650721535679854153079397505734051617998290125138196968657025587299407627958749500466276963150312428048976247639941205516937419848340888428733944768100799695416762883957191942218073038678221111977684053214899491102673926955485237
89860025027805946782367206942329226989638287115953177857209151279381519936984907461733254390727216250353998392881217956262951055671075077594365700712968895917070909870489519444563446059147701266929792128571670790080814680180415719346281223669175855463106926972728666893989977646603148995316046040667065539485 103986830139805488722874680569942394906685455440408779734764226625381754292414104838760612422266327034436905221471193614190660707078168161803844777000206981108572576326859428438722328031724730791127926164559901568237769140629177731611713271451469750047297525221544302798158132997109800693326695011012285712521
55841465592243618308584213347296447929805993156192711588514734819286900783283890130920182055011695995291481121348708180904261125472016973376842076552333579961452716609102673989890893420027695212450958794500563045168092195184049398131999174807710655341345603330445676410181336427483388521859025895754920187118 57100978838963433538903012520381711027949740385453273487717361501497583863250451557448991634840928468401551612634053420182009381351690908375825871596801218341075214913653204263807389243885481209369870243477393249752042496340244251165565765425247215084983207103547634655832948821274328855624391241323405966757
13723901984844240037791254314120948174838757146413182517627019834800169818477821192790729703358583822347892500812777689434632308734897762395426855243552284653945464051903217559826971435044426994730709323965522802231492454704477842765220502739930481786031230456571700027255314414488941775982559409947870330878 52022747314076312164957196800248992515532827783767992250912853856919878336632115556199531154564846696350832164725672220943258950551198610099429591472692216891134450398192477358463032120578178683933138749697544992614904967202293070008062345476703165503418030616934493110883641779025374092635790761222954019693
51783714803031762713153727233178572595755664651848415712306859251432611686900468189403881701364372222434381624144213568397886976542907862109198608058334069588632140075122611859857445157941755722886278725439841965767445293231109899418135251463776649457043601707756295667289876933550247988810395089882328980284 75442047422238238254312414476508552255053520159267762855606760744737716181293716740851309418441538742805365956113664945580000524864873669835679363747830449060956020220886018151806143497740860033347706893786417161996441023679409487970963078424529323832842614240475444784833939212121078316665962894680005006351
6771128305676823802844116176887099884749513187264425137683287897427838935525222882985090059108151866321913583676920279931127984837872397477497675268811867391925656985092694505287659033607085458057867447801654946146922049584651158370450386485268046474467497909006144317314070728347278856167341931333112093047 68388258462558058005349678423665275856157057530098648153991142517688718543845699652242440700229776580288523388928393056980159368071503972321886521304293304896017336821281428028255753241237455943618195444253326499739671777846550363066579536839413905913446616963634522929357836586565194295102028854478969147123
18271025618434119892529634319326108711401978020495218891539546833559980495885583274713473648465290323151376093838051106563981557913752065017539128244252199995275043067735089073516692748722803353556361664457287362248501036310835665120275732091412832400747164130605653575868910228144611573623339414453682059168 55533722066962348382828151273031954018260020243865593112523825082681508503393237407076609945245993095165730955833906508325950621381109875294151935263445200916549189150213071539602262929933732276184515895912598907747824861681622774539163168475688446133467896288159898516372330577726042088829100279435279636339
3218904244152337705796332361303370447497623929731026869019689349671423364896827516022642346725146433399058188493009292036658370130226039973964914894701217106286923089330354242202643292288204900492332518900834939996841444843559427011777703135834072847370896176759756930254193313253454899207251365174815993395 53564067374113301733275510289278423398957233999680222931539995191920169162441673774427539000947111070740862920523542760224804598787972585952216786386521312307988769290449345116541508608363762219679756634265948204535928504751348685640919906122005379019528552455943459627433698412654070088637305053435019557733
6859607963823523140859242534978763530104036296880347409486047517463659700669558265802341234780904046205774028910710037508969818523257638579804703026826951139336163654067807915785547181113370218587000751482090505639123645428978318355974662419073258055221991965081086879774541221996491458607212749243109249681 42423213581256947172689433960324434260453117846843164494418177855441155919187272688304571201073115530881688095625549539588180648502133212001098671632303250249748644353409098514322784260377581253661953562968574480111743219979124495481210415431743893369284293093373121661803787457794560267986496950774364542761
73467335179272985048878985403168008278697278161119759869569119515961719513271746178051561112869760636368314960907111185081827084872636902537045672701122582039004979532158553853414188629252366390666970483573561974050240054460930872267815719360147319796578918900761014697103867146200399127150415755575270883903 94170770491121877733524833045409686292260667333931477420978655079118902239108029066931503405722484530197364658539589910643603809604457756890620694133241091027849537541457197085619619805012694095722438066071016078754412818713516883415503663607846587900473178074620725328748231228867464597488587258029252818507
18864214568751536106231320844668444363993265075945820931929230192612414084725962299956237747306583571274862137033688244981142799746587624130081746987623886297791610076517207716037207298072130588586611402265116324112909688940523881199359895364227773037361381615068255499183779876907191459669037127371163368412 73792137761443728143003245012690820941927201863590118183384671067157446739969438718713370697470105504526730122040133857787475947969189629914701947757429845729165923556133061614146398762591565097248653205814361908575621342044319145256191399394022598192161592991061252953271561647065775892731668415442443386971
20480332798598364564564007339204535080215405985494636009643114045199318015374503475708202504998607032545410741885817446584274523985206106440570729752280085850815974337547152016495467243668955205895204950086520741061546422941397610794722150031960603912083067943342376643463065997617837788957694983989552215470 40572118920747940347988727052776925830635073915145423544284722420358362237828007755123213621272207635845068081505430897866300081748843476707717390170513567379133269833742329665330133293698504562631382123598304867244817404085164627015105396703526238748015877725037815583749622761177752298581188742377498944413
46060569414340718252826738090775043591073221304824254394555435792446767752587493686473062460490653669569201545792580484929303674973771341383183416622830040119749148422859527108760961416416825740040901560272624561436139509015148996902139237561886585269956193000831697207703483153520862881921803822211663253418 48594320189338806216814942293316388774011868494203680693599362893905174548469339646104090742044899102328025302547485908010621841940016020845549260772200104728569563793847789164920728963449413374369649333400456218136145679472725289396315015506313780267560012541009576748202293734820206938193263197191935569729
23746471993769223188881843398384826852430220572235969523375089091993253166624138518095147975945361264727449409603946060695658021219197112363024279793587299674904502457748094376782943049875559092972640180564064053398896837788194987681842186920099298370863143983310486762204011688286271279124924019316561532998 43569106674019035735416716873875819238752828006885627024352888125834909890686968513518646803840443480845092136922308005620063500466638635814798819915995163090969264441971214333002495791303716281948940730971781715369938729277585370447529468535154901986337525012864742191855396756906239034734838479708230851937
5710530864384198594350302822729663752347393921097475958434812932466625591292585269646343386406379942489980337993059721826893837774962018790899779385108418541426431086502770371663834247886876594662349259512431500064626713119852031936311097430519917710182731967419563718864388043282555733476281340896504931758 39318456883657654382010792728021444362513676047607424646938320087104347958045547079919839009729486172641756257040614655462798046308491714772630376364237416911366918659841462930995264016863318702122488656846347250122519221053049356525370460429240045996886464438632051008479033770127912234217713689753583221559
3802517146842692100577939575967234660389772785493460337828750183766052116904324674205744972357761998737651966392361177870792438610197902203236237493131673045689322051829183165695615616048947830249987411700748907706019243748987505411571601288569772263853359154758943303006434433982314281822025006139623794374 29337480920736481923090597293116807143804047401486453437920486219370396178082048688529097556732097705193332187484866931594164272269989607642164980278213465619637395137988809785411198766990833007380017203802603618248888862763490277143086534295174715436525226144725439696289607924002102272967346894241888840533
1481466742843522985847808823116011230989110632586855025117856217496612731654302260017085343623341737031256245598672761576814358794647702653856855222355487119450475679146412109348572816941157995574984087370574962784697443564713801487578899483544415649070382520005395051577208206001687132057849491298190966896 47087786390816401728956951502166403205924032719319016273445323966529054753086938675049613352033712676892562298952056463600923578841834261748562194245364957953204983763118883955729650822697737537439783239923162030037419973312798728070794322439345856925449377232922000419201377953130274351148947442581821779899
29482536078453806816559492177957220069549166747786528338893660879792625313510129320082424261745250434516175665767336826369536316220078653937537210837675199401966142465150369466597421424260188431556041919475001433359723426430777219509593732529571303692506701447026581333379580572414225775321909832708674594196 32618505114001798856171627851635464025444675507458922497785092897555099722120635275522847342737611513804695131111426589044197088820385990930343408242046319897204013610277963633136229711315288845262676826051239405172138497968918301015157977597458562915254329917135846669693432370873360314005555507980946914461
39462577532193372150061115877767940522102273935785988905160097066464908472780353822592638403725866642428299414082329928490771584878188793685818795172499551834174503545729871905902130492561972726303639413828859502443650146526203919199965416245832276299294146079093472153133570672257141416077698461888317549902 57299906689137886609638050261161172162912314948292478416470795355908797336308696492840906141185305545544414334188908217753781793621742365731393520526436745876286386455350048611249282830845301814202771848087514568657704096162950037371414528535387013777212237142656726949237445258338654857357079244159278953313
48495543044079407038997757420892105703308565139213387305471446679594540418639668494024310274276508684272608333129056734803828279281314315157114331390641947003797443953148138354931326014879743325341920426881627347780367989839098584891652611709571530690473927879492532032226626662366185678041613982827974616600 64497146595520617110250531429565964889364543370581941146868382529346256417474097596312874185514240130596444401922109382418781856540057106937891222607456692533612834731130324673074692507123167850795185813862633596072646699638045549770219124189295153072964903424537697553162055422740453240731092153534347125137
3228781723571906744456851695749720249238915226775702542961336384228349472905241794629334799133199915651101200597373700676797428829312427542540373391618822707646704970058744616781927740240353026041635322544406010043263477382553351265927727282117531877393745041542207579179867803406036496619084619418384548026 40635354327628297973018262520300825621298522374637957450628452258275696665898579563411075370992991076704344180342288314708165773654403323693554798715918776410359990907684183153877030215233159675454111315848288550730172267649252704012293107560501960812860347735403289373378043016692124504445082243927559090457
34557185713591221149442147361844588324064786944440045478353992602312027441581447534498768290367424686186057618877563877218313449445828399739533977423649569620626806804019585197342352604683602984350223411008780634714088056956716542338258954792884596798332024488426609472774829487514000483184852862223093751875 82517812706127406775249741757642122377650780412411965963306216874054841996519946263804832715441420160677894125149704709832111580751062007220364033779707434137432995193670872352780646206401959987302108682397513359561685264399527506157692782473140453037200173916489178827246013117912881624620496179831337581107
76878026564195605219966071453562853339744413682977015434369001817647462052750032363440118348433777478060129776740748868168092021645997993552619261563761409514046051547158132468471350312103562603573085275127965384912333205932741484774866953597119980464873125704745912936029196421191574973502958119034621601120 82776658779040965098140837292249861051898856341506477283283274876754263971201328609882930967148059113915774760230909534404272193029813332613081706796662519786168623041271299741359696454622781503662325312096533369927280442401577230050794446201704429002759827228927841099620196557858391119340398279694265847413
23889226563220040559765189095312937740450325529479651669302396207505070589252906696530013013552329559636373794735370304146544492705820897198036730040815167707129632430624527284183062212197461434083631600149355058939551604335223513757884960481341682097496159639303590212307920168595063907845989143250149002397 35430184712700819003054834899659449023537759633445645136386084022324869003936843499379071589384806745972876284287070735468183497190726437052597757297671272133031171193863046492607861078436254582125029759319747608484460893561312241056605151490118501419973637099581179207117245087330301244066104921807906637903
18506093887669205944354523258362843762328653511667182043579363806199226338967580557037712305830371741745655477112505363358351822575023457009952153669962116331083938026874923915779073932867513051070220656312831997371412710473665043771609876706552562229306092114242856421846899567004584654978617499225263032544 38425336844099205426685606581962448161437961903968917177340675049087003875444373783580471382007248623252080793377499136555587237876118725202383428035750877556044441760381183402270674279857668360401188432745359612003782413040147220169539426990257181833226044564359592761090260389044982573922571103293677352263
15032788274999993503851800287220737344997947340549044723956326904996639452863989386645538401919954169473475134643132716176510846555095364756904380635767799422522652924343970844921400713810128008507636811559911926298241002494747383963968358449444496103208735085211325152584320721850732800831856527982546896111 59025089880217637393480334285499290376869370357984012696436320209808145191618749070211233830553576645549514734658872281151500097149500426209391462545015822153155323750148909117606331254088146844230823528581226078977458022633635324628429156968922727651595550393008082429101383139788873120344043242978977487203
22483556660834325197996999539127747674951041625871233813476339554547438047044471181771466695933807692017366465358288023010235332644899107919128182750686818635298293122906340614670453625999842706620314585290088528139296784958054766611011512913895731601832092652970791285894821537192656102017017343396031524936 37607839148115678388952574000601249756979744698987840258373288166248902498307105801572923997176852556429896501732609748759366640533013137938284558960708176699923078710291814778119609321393198673183261752644635932391261784093898594188454303641445993214779539884151386822517237048792213907747340810136142636421
56271496108877861134878085403323371632582707659939239396295849279627958548343245827598861780503380347212820285204942682344209373050487245793885121447356591762363854382944711254745575050994633416536921112380405471408030024813524009348765323901566613806610552901996985015410633955538164179313542940850149393094 60231395927021734763045055645967057574064714772052835115648543968909488308585517001131078517231437504035578584172332031525646811956029975123883003000611790900223747740085161512012011288986199969529605566172997646433496431344802286600444168114763061343416039406914840099328874636575372654934012453053700082683
86865985838820289745482652986893593772273975340187943357422849012972820870966342906000639531892355149180129630731543267669281725003906109731632692732139617280285110149372230977009225327783085319188420490421015390609930756557977165062130719952839276879684161196893354569375946931493166543516070534295556729653 118060227718887291110085038480825105662740772059444247445361326562443421361238326211445079532480886110075509934236121267883715645123072795492218733500933315896374128700891371233942419450213754840903181825399808608051851538309866929966212092382364634730742776511883438427782453871209834408166003510113093228857
15826336625203990960927324633060459908396553611620457945081403009636330521573045194869159838919332903790927182853670039050727778625002730138076560535389087959119622134997967232100978366152867702015346727904666187700503293333029560284009270850472996258256159209365982276956802826116479075548448689541698418547 45933422392937436549460586828802435694526864153796054193394363233420432093607677631356811915587064759196178552318975551047594383123662602634655372552038066360293811205947776481129288424362433078499301385000215956916827846817441824575150732295275248593875942111389434625766551620696594731369696373652241861919
10850638823300000003132508005861384730014527387913400212907146398297741835726592193380954698474542292247068245695136307702806149699163787417987762968278441643723072681579334753525256141214522913057122775843870393306506845323145740822175934471254058707911476283632267642790459055215212260696296930817309734479 26582466575613980119210627040650495728385261607955864857530103918479711209479766217630255882121470693858968398936296671579392276841739319977985547703808449574284870415019969071056556292547162690393026339707265472290675116398839021653559810837499627752772931242992773635613780719872817146533101010669848801313
96870697014907482295292967007275747436830674705041601082844957440659721331889767652696862591940175037669041377798442277288289047059673453306163783315054133928841720918643697542412979788068090976903021013702516289408138168658334949280920747637883841242404258408005161400482965481837895331082917490660779926876 99135014768328317034311122632947116764510307478184030223142520603310279740469864873062145051658847811477428522606096865852086901342876041226937918310516454299391290073590510506555121440456361297171941004496847215938923925850904982985542560072630163560114760450734725742239709669648346559487533903150677486947
24746826789381357691700962627556824179350827858973597078630688674951145144424898113788387781223741848088905345107350158358911760915613958321398154507458540925109881206431160582973253826034927379238683595786654736946320688830576012437597971085602097742883210357752262230163606301559856745867601808602121949090 30729470431241283226146225992732327513657517485900112375171816436068597431522358073661706163822791188828316808502112774586022069071563360387365001354216750101782738954431337951244746253267176579042293295724953085806037437422500236371736045362859817617172932533813480196324298887547232008863494710426877171319
39612617082058799186017329936109665875696253435418444110109231940650688054231272823552652060361363360100680181754902695419053334387955421870054400871452441017393846106575579738070866434049669959760708398259176293374682453794095365773915782554101522628293602620648000087825064019282802068076929356796201222455 71656345295143559203739348444067644549248208908183148495949729595149553380700737701768233226563057675766601220491297707995718429820824163524759195701453544409593066815794871313148034751169830379063524799145169851171912755809028243648730554889847819315502690841641165473271071472800121772840372593556338158837
13961818208404889494215742409134219401204688649469582065411060422287017369615648177533933052200328875310114312888854247466494101307264432705409171590819153709995730468049197521978447373676557240310221767978555772405085320396684450771169859648023902820560730382625200179992074326110778083897172917726700729626 36344174373509535363445198730164936394911205121481860471840720107623595502392905464106663210894078067124827053758826499967741775268302373204029420150649104339227931736400938976996576030749595688054412785574408676317811616912256530639937099313628870891080506852551254486760712332794485791721081720822433426439
23918626137103212152138052656591197128426185825913871243631363562138757629509255944344551530477189014117185442003648295581903616522943331593048194784268960241116651147061007318259379379220443719840316901301261644110290620757884042013079526094805420888675076045870113850207323970743054102063559746178595230295 68876711221984517278553044829076437273005969134699702434319470433239521449079739641918338030635178301785145229565959355984908313237673338648871221592363155024844926796858973686647982332968096090820732598289662359874038628300323288535541920607093426452559771805549220260506021816802489603990310764924302991779
35686683577226724126070344484919699773457284119587615324525693973175018591813042502270421685839646708778020490676304157897639440419163289004814638227896891757701549124312543223028312896386020247452598437562196383358172593830429408272719443653318923104014483536490934273371305577433600521696743708549713988647 86746265236837506054869124898489247869979588550381578772231596585134812621395269876777723816269011817200379264600208266956997678518318184592888359049941594431159549932087547726840936111075974967594734408668856420081380644826107694801384093535708284945502852695000044127643358972917427310310863957190382649119
20985200299275400047168648236999681649825003645022100192468760090673363213366495703998798065446277841447908739669919513753278260930351391174626524626886343506849575734031818413253222238517307802481051970693619027163082513046025235230048544069557724968828048560893287504159651042221581043532580384506205388281 37887377596397022006857929137915235191024335545518185896421283075470153180551679081340558281486408284783328303559721719420142235191344227624510892810172254136926666889510390621616790132794517323325243016313451093081065866881064087065384371651534047920544635262587561229895348546713285243316985646923364435229
13151474573149394100368086266675751093915392184937551385594357335427575195327482024579429059647531048576057528891526416821908652061966159734782428762304083241561119334783992197332376919698533805103207822364340859988941952166175767486346597668465199010312471191865091059181805628266963675079876233465489623957 65391892586950266092988033096855062676021623031945516135263415549126077176371677147611960603035335035020592597460615214639162896047992622160159313919012064549217553581108782946827346428863978653048893754851166090465770344382340384671061579229250819530696749256205155915855827713956291915027733179078517882369
12614492481718878422544090246358783041468221369367179262601838267350555984754545129489492451899050125326308274471255462737160032323475373065038816029563351942425201601577470967033131162380285541950683755083159391711152506376199500600109705639924079226401599035135313844556031028460634810457629760780877663178 81447943872229899779386434775609038752723265339322572260138792131567372409627398656170916272786492512439088414185850361574701974606755379943259690355565465626040243075129674020375780364777763841328371260937543271646454614140062256649104367343065184529443293488885678940475913199043721240764670962125346922719
5633951412840305648985213674942728071955204813790191307849835526962887580083393308253573037302162111966261188542294567101288887449692980440728402853261171341074980157836418463030567102641863189226428046205229869009132058017337436921461154235344352297065198150742855174689960910380488783626743464471222189226 47411758373631097790107401075539210902728905104209239314902278146990975632847053187156167997980172373670016748370908256299482684106962007880832458459667715122686999689079357654604607403538484737013910736506616102021808062269765293717712047789325616162976642220146788732305701014258922829040511189244748038173
34506758532184371703032936188472377851164150661155782514703281444693730492088806223322426051742598836393884939700478728554825013896850658442655935839095759709107103332432258924322920915594034253924118238827589295178118512464546143896036465723809384257432228414917866101384065388535967452235187090986563913691 65176634036247536249121618189989986533651788188570726423174272559873677104304387689392140520786243540315705626881366388023400096688259792855605669954054719678981787199432513699825833108685042575275302003071439264040754038259648547041944011390869609266370507811307772477383797561706589791947731523487127889509
71887735690656159520145051672470089087397886421015488999075405865199515375253517243866879855820472123703759314797516448653449803469733189938676837950864133758450808218429103703928765506471068306477046466934594815597358123306531310483934693853399380339913989539557202269162576691629276468170983676667133522253 76544907650959907409366167131372710554420132114290851041287653754699771907138593628988748902957193702025288256288165408946959568495027248952939498939326398068354889072590264106491602251769643513905425364115289761299130156627139195398513085960206522473666957447997471573631296499272540353556176665717633160053
13870793961255656990385206298874297469523569337637278369442489615803948919850280929355129065045633211572899606266350714318553298877019130804318906750123363530789482517124365429605737040533523303854748177643482907701403129893329545599163966501188687638523741764608100123805996499934953665754362183881822293078 32827535238523744095140633946993666053417754917220456271759925489061011958647850487224969670520214791918191544348971571132082614411180176478721370012457683695511116941236053604060871337173556515515717047220279089749413193402481846035494581829443646710344455662930768171957895921927884406989948384733981085113
30659408327473846588930447141215607714266464639784295425787375857490413046161538385201595542668066438703469732424677011363998933822307073197217521321080385568883609373800432827979441106546655806060136611467807737303140337198164829660588231883570605378128041523523491484079677535103445115518083624111536670719 62269130407664176380366056321819239228482065645757063170472690427936588406929201658162701484656866661368756296655566264507388931073866228904172291444252527211523705960942816349144626994072318427765673605688235490953786692139717828941425816127496892104647912184785740937972697827984282988300736335267919092249
42595954855723773673000610149470257782243561665624287215491123936531677050050031388967304123804081530017181855439798810298437026829066877725482921568138143725981252374124882526968507925473999071785216402440422564321418565165977573896910536736186124025235133149505299815303242860174092842619850924311595201167 54940521883249344854906846791188192250968356770029360304001594444896602235712710718292029838815598081103181206944839693509097699783612497220788145808930120011704099695082005067672898273880949236978830226263392183192097271667332619501219246024692926301959605385408170968251209011041201420348529766924621940993
82243042559577118680998431784316553144324526613020370818286320198726097495096300757820920466509619585639257681259240848028565245642217243661529768169816875032518230520482167029990852604767732778925088797340376162792585599754446891434170185335227777408757517265742182360162209722527823566200903681023164908578 90094926600345036541193549240582461202192047722151036000123116946394989416160245584794358752077265758757636089013630075473403277055578993433128305604151342909168368186756886184313020922496944044446981421109265682994936961355158416869701497312629773281824171032212975112257908616046392370368654467016259811237
1397639192200569599390268385762886696696040470600833518796789575072371795026822613258693288563610966543839700099908085135097359309470553057889327044379595189927588844046059136683674597197490556188689019109160073438890400123345912818923523969810015655190536124278255023824824437172544492852797516090954702856 44258726671975543998929131494775033948645219007650385333398921306843100057897154203508835092153963409722606155848220239544688999093746568443426086082041308205954554609936169272439353626992059719569104731546381183151017812707358209405844363274872823633595432493397601313486894055956713966953976862121115381829
31448620115617112448940289578608731966395208190522812324309221760498956805575200199664710541418101224717795463750384381893718654599633827978335253228129954521667813006354727720197568651393011167182488136445495821863487829804016001330677470227450272582919901650606625107997959662776945384815720296904927011194 110349584880394650989828510257647755167843104408312920456419269466061525072293718295071008651308917074659930386555110302925453926461796823529592303073534689529634394776038727194097591383859390413579809924222669109125615654834615834172460735255738401994009001905436077629806629854160294240620299540153337324433
10518438099177656308167104215666314728999075349009652465208325484290570221026813865291001308318600208383727817413448390999651396587896968261445025447493723390055428241720040681408939052987397715638960047075514320156035346204084644634114885523586621378395134659894703430142617191943359134835490045605290533981 51931301569713561830142354503461349994600991774090209541766820913141522396579224025956793814185134661736797106354712455031214770050691850280801132975877536183361605720382515938929743694149633393714097785509003193496969881280562554199470963747023670903195106371005800846623336153606481234168922482039284546479
57808675888301018613772494339473582310579935997692204905951398997295917546677032522567850900555104034944407280167009097758836425363259385276235399679145119972553150517012604299979821536631354594428423092595025012951338409836363781004347456294173945121454931290980643162645283020193663219660566440522417951840 66451317988642465304688132580136479432878291018051819053740867713141017912782518175097324363657878917171464030449140490298345713621639334646558895891318604909452216575310405749426808588543748454897205580773873877809410661913648497348259217970136462906635996788083621884863828678359601946249155099177612192161
54526599111400114929550653430305851062756660289402901926284978225720174841470176454448154005803173355760098477932979722357022446214542598029106841318523237637666915762980240476037656322045838191814306655011261024909551184284209237080645259627418914904584761317064960235009369419215613722965411853025748600618 93288333464718946619718160087260164459752920053192312854918199412349405632558862852682037305072688106106655512836703056604378896188589296235936428769260482573902704857904276325221319884666893936951335492296663522626375159396752063705934212648166150321187954305203576399556502478122335790387800713538479042403
12490314040620176899245348815543466451270418644077743344014860763056092741320031784875292693070855476694732204204576631610799032207378317124657861983081596476016859969363106396675047418354222638300361922548542820608089371717326767228554324286000782312716285144266357529003278397069483754667921937908335194937 63229008201408818887216095322165241387822050214119599767757625976421950779643658940216012987673749679160670923797985656656091543021293029127900880191328897137302678783615421086595260094020054385004240585205072203899870887994221197830869077741507070822348681095791635772691732813583070248453496391714572198849
44543716716805875699372149206227454741275128601909600371554344030860302972846328394080407791873500509266548143487197726297643703022071343891701025491007891126105463542419390051709573014407044816424027104082577022544241931511572832811990860166209564462770598371183242733199375086357870724166047115374449957401 61956165457994185679520964951864158734937051931684565673911799741445141774641253023145328981796069614603737068380487565367078957066667577871722783285775409106688283144266234297858732464488561914588366416018476845345026444037565760950431808819439328005314355451711936527089528939038894811204573184713674597437
35466485825170093586487391379483695460072083321300022903848186971105622541362495440172977225381495602725276763306389178317153526620484183110491280072408467533613998942829286839150130349215213073522753214408558085425165637430654453038738535926671382302427759169028826592083389568253450999852836679288168381258 60886432237072982705896061438486314911498925902427859153437568940093110373915070187098715343606676197032209759889004368781032115948809555520334511334216244359248466833870703732835349759850717169999699204267462446722616501891520376997940715222698579144916929986747877512646500656462400706859237303007722061067
49675870194852347322505297740743066696198628333003543446206171770027636193602982944965239987754974412281725526085636837307557895463371698060251593504314528521958679695723238438778435956470020005741315243232838901368224488976892780843026858352133667081620001454694257614799269667483884040469288560852139834107 50936756039898899932113947380334214626698902304139225876653400503600004918847979260907634580446946591870479723879819102833430703457881119980154203788430398095181571304069000221153886146571527224834455675413782115887736745833833721320235695674379890511340316415043463406761685909224131246850562750937497173623
61179951002713798701250944490072256626848132958137746837634656268948806968501224688367031130156907821984454062926953092844421619924826176324066193608529499549973745665126917614931576283628519094167836849678908236321864794377490956176881040769962361620103100934174291881481693040677670452226360748461080141148 71781640203809518497641394780889356976232653889655728811654338727707130976125591755356791760259235267813017106532920869471436532929643869572650106348514124132446068487542776077040352322097936824712914219999142346007007640949073027623688960618850938855837688802287701523662213394562342728449022160748235188259
69358112844563538027922428592706850286772013838100908130541191315601379904602082170358697579076389790064556506037541242272127372913385465791489226452410693631395222240424063998469584173596897007701456571460920827793487953602791811501037030160474565034919141267192097783648018352433926879216136037810055494677 87709389570246459989014607358773459459191226130135653605362749742035597044695542670794511828835617750362868730289773518777860261616455805942029087317746051271453568356116970317402490356612385531282863233577190791742310994630349000734984681714719666568317172552512280731608454436303128026095956584845844337411
34774728309594255143580954446092013497871031923526176188439461464532366677643521882503701352287876624953581000886579023967185127579893851987296574798572856581342652366603945967078775398903670338904760496716473868633554719632930497716708735889777275232270264122787914514339180408720327105433421182382451893851 36098878954895799279274054182544174362313800473797354186117568171211307384692790431888034150698193649991372809601372745027849951215646625277053978137091855872068942942652084801093521371523418238329567238840323416247486874574663792352424410806930850751947168625321106360163034797467579083216012990321331103751
16208554530985775823536345593198579590968765992433691853295292683137338670795415670365426458530975156798432992043976339411311786892834964470920364168014360680195412970735666762547801870732901904631761264704986881635966679886459537591397341348518993627810629299286462938857750246290700755310945958302227367901 37868021178705696723724376409913925266645650932196722879948601209464135494809962372371661473117335529854982237223381585133339200714053176370664607835244375241117975217835185741301453113195599785811094103593216702372875186122576487469514429210912647211853783946777018078137455050788202281322519202224266512103
48724134881037979503338693188355127926462173312660497280549024232466045563669766159975845121503662888831482777390689795735372546932129699924797577138496325102489952790268027745980092686472412333841112755148897423455397779602160799582765413002174584732550240972277531863304934673648112907908198023848322608260 48910943700075150942952104086708977446955274683445819453552606230981460793437691081477877664933752345769604926999594728068030509057965887018249794777902995945339936936852870330679039639986070840724809673661240184552783524799757968790760707589301165735482224327296144489549275123355188882811912918750987925251
9025002738538803492775060285221555957440454348287466040061779037190545323956205400946592550965408484274624583112889860350420993685489241406973463194300195080454870487672243094616948635614960970658949754907295815814291341791881544270482217035104406426853667844993175544245452310449568118081418619461133431664 75436445086334512062209899798739199812804781556136266854583964459174019926687509295910284083438835949638212084798042752639390996894395116153688039355854683295521578976977978809253706585687511066911580906325741146616818162768678610212121675981494756249905110891704210044171225394188464627332225071398782924701
10455349749792019888495981361949988703674163000851786503279895689261489383463350418710454262568248425288528738517409566320291383386451979853258957445509755987504773868649253932944708600071056866812798936202450004782643219610511991483419540338770797028412392000475460593748520259832789630233088992913236278261 97707862254414420279993639111918375477295086987500208790008655284583586384982538218174094273308885548336234752161342424763113014201099861197724996433467908954655063805464933818779601055350965945849540948065406226161264989923389788090442321680645772955795962149459681507997906609411684010972894604488059368307
7595756291324690934600974369027437185305929404308252560413055516047293098429537999359336590048809724165292782426550283313994098551091660921672764018043186128503344609708662213033652305953835092043355541027942971517589145895052956018987518458721091120823951670177580850214134451679117646813370305678303053351 35441320423620415064823531478998603147331279684870637108838402154485171691730566106343959225702619848843930305613881801048650980853171293170032069196526099348128814895493736035120265026060988688476485328852042196800935895879362630476263765396984565733591940677672451583856319345392452064318198854372586377109
30429390096696981395328993028268506137255318986422458355687739611971677545106484676322256376548226359600795950560545641948677839894416998684270983857478031826312469828982156393278086196841779981856646551661864220861930401053950607450203124286694608849269301159712374441256533980279234494108704137215884978923 117917164362196197885012802716870299590954589708851994256172261014241388988321108068160268759676438724698031464947684169840983298678443178115960783294069134241594393901553483951676110756626070125074208394334247024480292183214457046647211491235747957318130535743988039771590465039647062422860469932532599368867
228447399503659698209983271122569196282696141770770020922011266302956391825051336087777997988997089455536596825399489642078277014612942668209543478185101084798181239868878479704716498515971063285557052997375925591223930284389794347065054746587750883503302001322208432285215210290721970753508466019553969403 71861353454176244284737971553625312858137230642029148255822844658160378343859229903080212197984740726160583905219163135415170816628125706281092881003098857235511910754156869513901765841365966350435063231039050910747330648714210031915326122440855881659298169428681312307059424202381206835782420533854765305703
10846332493991646301021403904989570419919459950551217640472779591900131430508939944913076699525088779985746498889259903217626925910901450669066591280162021841419951523789995021965382472432895914627838641319911141911694912094049322627938961944649141876691519232376152881218148214493269392207401246861961629146 18900465032022551303715551364752532463897368800049873388371401902600859479342987352370195724860318119987503756441278837783916525598033400801768089113590562749310628915605897272316079902941066104282932036946975078163598569544370390245520483267283950436751928915739926924422959155895505381202412500570036634797
4557259923804511699622911137051993180516335567215417406940277525339727468283361929328317677996586046625197263479858495180712800851632102416950518593326876798956658729583170249247604362630979019461481187592291091173585553452135155401584233099429583764861353573248095611225104502854462924932840348691668636189 28903406019376984828749935879120798818951848872217881897245699815986570549407290488148690475832361091223167787122631172139955958645803338350814164689298679120335455204877538915733436765734196884731561692616698335416514046053947909003918603240056067630130193003284148984522423935607575534956065309793561726603
66342683091392005525080194387889748124658681339139941032336955743540462964342701544063357114411046317321858723756260153601639003624491327059707057352272433071043370916691374225904256432325903366182566402480787370218055225269283458737239366462273551745766831602130875636224270146545943750510133284772898172134 88586701902560093266234718584729069604898065723311717619873087834353319114401310173299874836451095239646111863986057410095599034678360752237536260902843138126963454350958747691302548466520880587005906725855581639675575583133505154486634527318544188714708352095530344839304275237856114164738089907530940227197
4142287785658082560379329331386663745691168163630839567767732467726327369537659236506962251861168451963317938964101325422430512411313027613633763925227966036702293105208904860867127023539891979120269933522730706117414039268396214511676186985936677724369015128741203049437047906334968800462854368961778193070 60148553486044918612227926178628114367662634651546093077592419406898346343180423034171155772432051046764578495355175245051065133024302398967578500504337467427732611549644559200256953650065786400442228994835745572133933503303258355270554135734825123823454174286730443681751351740466208704278407187906498789859
50649844356047667552605076294412346295858709680964294347857387574536280202749484860138798075766242240000398272111579533640627311146861221414848630925506758914219466030873418056364071479177628790748343060996453197269296836105592001488788906454381673755244673670130768098802367614790221237191104424399451242916 50841900346027245971138478681149753516818136656582104812755876484279564335238687787571451950193425459294874754422904499911015879179200937054741609266691963217541390273435421397435788231715448684648547084655002448869563020736705828664454915902854596361134354915712294530964222144764727460370463399336290303467
48950586834451477287092256974722573323413228745799342414512576152739837553929132668417454375266455833103100170751306925808117742832009986040881147003851495506195200789870703010379538733587318628560481195605190029427413875079615701274405616781864499330105402456531917492041739142312115563130083418348002212749 71605406117450474383458758388586535805233117235134138859270928030817136800111166894903245588309658545992826420351597740658355079163179856531949740388873134269019722775582530894359864260088692006684396704071673901911470372244201891593508916441359218846399955105261386033212437060881278238369823377122552517167
10320907324071361552716095012123057658035819841536188736540002600229818860814128036475108591510191606044944624665987519625416437124794897060355652856555261287795379229016399757312958124328730768002502602247399453730998821570722734200367289048351761215927519591111134413559194530275378328832235831421180748567 64983382652678989041560228987618354748051493495721698133882941688516867160948163571076725693587198258458648827463233238971015505815585395512519359734840481422963887017984529576254890275589739245043313039668271628492658197245592974931141025040599338101914447785292573771808142642519138801063860527075636329381
3543845871890264225754712209480979097945115672732994956178324178216801797825512555324749078537729665680798716894063531179233201684676021601777686041705821769811288226013644475628768024713879968901511810343595606525905212149742888953325200187156381320013519820975135444709967026934785398597016058224798296737 42694585145697881427059597175976770277188740968353923303561019216263279330198120320986015637391384667986202755479200712101872768352412099546175315466058740256459571691039211266886685179590294234086530276269610402240833542909322975013739586975276432548629302813575162502343262735608463730615889937711020793509
46904685550560083253991650286320394652113930197672090172124235402757645229779355318556976800421450956657885235989678841210629171538267633749770408530833577612651290793998823133334930509131079291880155049776951951005658569197284217778079761257773586162535262107501030083547228150217306259676546908586047062010 51710071762311596805153271445654561007122914059402745120334772405585575532255422503201332463309910670247391538877774689556874860532037346916617417482894112012227197223079158627941758327907245746097133181982750579556147208630521342480023362042506318451455042658568434923552067806185645573179294677934921302051
7163598722698475224098609346126690380873404702989540212337294033780276749734760210440621059401362302402894704188765162004751045141625605496680072090610606079325743838593367685448592941624668274190422994203143222981744184863695331140844692024914736583545571634253857767141815636917312946565502487800071707805 62239895517981081393716269275818632317418967657698122140806676813321281424143633984250835595578070259291677665815949893423173178449772510794642879398351351206355428890469895326628872279082053000715254381840648054286312973025949700543713093938677488096034452105689922997115541129672933524846228917422164099299
31182466131396621519552365291335445437365567918509874887307400378380952588717548019376328295502258770799680592598181322841382585321611647846691148330985628993589490184224208434583439606687064683977207056776884373000873777547592576160984778490745705806791683357676169910421699951585786428763941505078606433204 50953203696679728437500342689490715148796372381551623417908063932172066522778264831780515103816827441687052560228094102347812014979812781027254156832478711215944851719490587828030935162705971436739844857960270269315315016183235975698822774117789019872727288919299206788884903609256338385072721914320076976343
7814596432750609738085479509512122480571920378501027590075538306549205553240800907977937703373235158455527072597930123878774510553849069994488541905817432931249826486867815868220510601877374505249007065816708811514420378484486994232330591277700159438218045942611049181322782622364755304593443602894402368871 34973224151708422421754174368385967444392869512409427348326186327631855683712829663269341319702408156730963018552773313411518421622344025453369518574548145091779110637524199051176442981438174894680817656459534810418100928331135868927989676709040157107970104202689053849139447592252204765006382925625318880667
26558475111991720981791044467161652752491564653826505743601758363688159239726560669308358423173196057264757498610068664263226348479849363775753063397841831273425793160536226187755134085677180719066248048708819591852619682599825256917609595494186622627979624510940133389939580865242017701438774711307997867728 27581259664430655848509471147207771673705637365522702119966078059921661575863512448236369029842397324944118765026152700276036560335403686312028126879540963497242415699401960540376525123931195184334349529081000228413479970258494465652030625332109823937469398933965804945053878276468098098649898164802534556063
21099734200996118584811356431072124835724106353995478194965873935061634219705905312833076057840703832103125787403650263098396323173929244776800690322587903121154186964496982881874026663525829565954780976431953806020197743037711037065058647687464903743836236959171769267445753649921324279016276445690386635152 44307731128073899135333738915528441458517228932383483999165180627305009851323603837654147993105341351176245210523535780792489813023278456441723247669010989197238303873305213250627706043538516409475602265675616854880456901987691288107378591702719566062471060422993135097713529622361505731003905749023432630953
28506478172911789262068218586258765567579858884547200307220122429307004158295184913991324634061079780010579098853794940199348642848455594854452364797510345099212642211306465435030527500341692245244722437148676062520960473962653138654937564432821100218219092317720192315263651602200169277022689854067788687593 83314100788043954403165301103937779140470269349671750795246091272017382090798469911798286087058317228109683190706405601609841780538338095065453964884506734707517056224117509972853648022177752138770366608741858525812606960917493964483252120666637595538633434448250372551380952550768824857049773000787299411123
22212344399047596011285427747433327930629116807574574141329219667379010509426430751123263971720063657614703572885968393533920382546845837668538545660042648020425609901890983519097256066836367632985582816286931209035284708857544075781817855695133864777933976280505947771798899088834141337103961914814059859420 61962361757313351735012467070003534432892112524805796705367345979165170094576102846377160327785532689566496627476927155268784518523655725258517606849116241076163395867155895239468145274494110072101708064915218993622033226226399411449289775913295912765415832241346666231083531480637473378726277030834159914717
60432974704265976516738139037245053106208358222530377295203227655171874068821254616620752323964025362023242075641257917795724620474651516947536030630393523100845228815932449419564184043247644733534615126694672834452862210446175577161549533327868000089322729038276269354209027751004642803964774468574021801154 83451769190935250010010692765695560947525337094137850717143613166191083382701463044557656637922594365621439623434008862384662684247808459264189743602272703710443645952859254984130675483451252480964248279263023398461485527810706151145586647323492619335012919063255092680351871453326901255487762881966591316867
7625968834204363860469291827192189261846643806945116143957336872249209650498535633130417397266202016156113614094147126487118852497173582100302911345790273988969815144589479956914439276525701277606804540929708665695797597840234944305985556818009209946045049849639246157846944736874506862885085712364469840956 58006115463108138825356546342128722079396860368976787119852621704565418100263443711215065744289541803841239628982257245811356017497510438794210101734068755357900693387598177809339716268454939235423587335572903120883202269994113896740191921794742924467012642933375010013188538699288683139643663718746736273423
20136328124997238840620569224176463305613525142864358604921566779272877088189135489643024457879122068717459864846647344556393229301374315898236423255155988827589552991109164773013548916022734911351276688794317970608738926984298102755893109225010540471792116722160995070537272404148116752510439552821480288416 26619750023519488693051768080593320503036753685852104516931660864260139092758695430108593343558415561520178418589296758406992010873636832506962799000704387208101374836031471072448007151065225144682812674818109292116972084245564261736233609581660510866488290350799028141590493661021762196919145936917197827873
32901862739169519087730333504231639770682846383353876431992212350399254179797658281963137590246597600697222094600531385906892852629579653929494194660246443004312807828315586434025043235578047873954274522093543395604591664867306087840887935128558460253895554419873389556873933565787780160049908145817646919923 37754777318279294909973600376342729055133954774305562463742160919892155389094476617070266387290144667944751222128066810802348032405065743879938457038855942307638393903319708728940886049558016115915051394542040382086912086035402881889829980204728364480244415927125070379242463444496379330798003070462858773697
35091976292356151842587995399891528683706945403063371133433441202621144397878897035111053283506743404207358959715034040658730170917299357882055259542482320934461857824772429183433875166112151890834773588577690976422935107117921635175129243620813302573420454526369084851204637725234710393711627448825124847626 94708618862234596737523926883544748783599373609265831236294682246134323117068609562672634098169335536455575821026705863733829444655139919934810585168667255953515226186023545916122586247100619132290732141395846500861577740876801197578448808405092644785467535756889414972018901878121484396643676398395051718443
38657667648949057311852043060671621377298430054141621016166743541417995591042287154679783518251637255906259932196075957904478660760866527675965441160256576471869940362384926237316586019712351529521166307844357998472945701809242474973570827639129381970402017564222208793421875731589634193964709659939037532729 48999627459281489309304090842319822107635220898798357581960120872709086848477264551625238196087206029851886127140279663840567346888238003610247544329332435545835479389430041346273309097459156274060944200076496061017735884783748046210854004631006630393798717746598108340648987619660132285240222561321265061951
23950569737686200733136376606754525359511587584389156940467545110853518970334359927704921289029352184100905582337750709753268700043922505154769621794377516678513938575109175792576177891766751932161305536080491810756944973926559492329935878132251086924011547626916016875397362002128913349399337006645686206876 37882235112676371083611865054133632724056329213287382546212138707162574743162909294350403150675371312930992170282372295611802416580232228563928777195126338917560662222009834933894792485545709926275914999405097050463996317480417761039214756529272106633972717227850722988436796379144162342562646591098885354091
29571292709101116747633662559124636888187825871113958127035969035909386918983532844484859288791383818924291342108244700824345992408075236677115781845544863057859935997946120173099084499185369195428852263041946750127879166820702691787555522452898192469891336503960424985313217978902273246958671392691743149401 31440630018700806021351830294195375578752528618960542556411169533330006800649174518119256414677654815013806359071535437773077326023133488266038434767465817284585389128856750912382723603399108479735051431945809949502866592954925997348675691993407891746812996543340110182476860218328753698066089092789232000647
6624814389298479758226348568275328360694647274428058372292406741255637341639777832603152747046841357387417332810326061566028305572977205542689238533179242813017013082902521692205098678321320086674265691822052920201302291235614639689645488299298747172248979428135000455202951147499935954340584733648890734689 43728110325668329637677013125478943098314172249135733700299563872684880991526322145520059814673957898262306265983931699490777286553548216168015166491223364775576279402099750308686883221014415589338509814877638416877705042303014468856833778666497495474897030592852181112519425201812792480172408168745339965181
46038082192652268772608122143434109463443022540116572231122384492610004599984727010055593329244303044454007682822953847275958392267664395810543031747361167070646358402310793600838725257414924360290595430130352010890426748466663383645105678289014609317069303275285413831909311200564162471510380604787611172126 59711215359981891869653901687074561794992196843405415390466685838078002905659973031001141037280305952358945125823198767364720896026666340507442518664440434315720047444110842047610830964232090903861963925362115002877405107984184398681874311190582246972976969706952636893829286053070199408041708610126599694163
612096342806881188375910831762247528151098986346150399066292658515812270267902393964545854530831446605168106404630627882051235283928592589971406266889753233201193093187587647909360590541251508568843498141255812298323115317901140248390722033938265470472888842595558171736247982253598699740041932408524259305 21126761208282371381207654051572731634146654947086426420065719141854460041393017854662535050061053290946001466410032895474239063120115202719724081086093364351950454320758033907366993480907581349722231609914104596693852593739964019864059239344365942608451997437940555980392784460360092363707769480112704175543
28868412581649712917075122794087783292958176224102246044825327577178777049601471343289008343346959289308450278784284776518052351687812090167194432254825918063021244965100579672246604869234071646628217947359532538369136690404891556611814960910532925848006229708768401735240541798513622326364012098189406661546 58007786405039036456885452529504037631125070126468465721365557400125069351015239199257982028155093093652318168864574567011241941984348765203964169951565242078904850853920915640519262353699004202341766517438699951946400909423794130142904883828077328928182506748963768447984276790458240373471848579499428499087
6719471795201092243110414175260565524757307003337879456491952727214595422788802736511060866291058944691172821578911429157945890288998542906976785925416185583854614660837585337296665918463672684599928603414190853252616822048391387470748405585058148506691743358604733042613302615683231494108157803669786942985 45298238877842654729763430476614503109078823725290814983151696777689756328518752554908569066287296921974713954384086796657628376071360521213096395877592596348028411533276141102371840757140461569060194879277876344770561147559696630624191525505440874949682985437902660478624282416779490687566771087095346461751
39642753384806548279381133199234460411404859190058098542753263512888822285571132076565526766634930505035840839516375758244497237187850990688809816578660315209242714820186981497011824751791574951870912243223179263178191517437562085877098610108034543546139752692248041772478386594028447229494496698887841205050 79736036322041340649432563444862829139898865285806854895916180247616673854778415861159655685729063419943053356260584161810099480277370320977680536994363119288451012468930980164077059868719819182600871518304675163469776818135876758075829698406541008808539317316886800551995629120039482439552784337593281506601
5296242158704216306397687136534164815625318802503477877708566054293481329438099848549741086972833812445692140987444827835366928194021418521915791268202019704756502072429321760500828795489475073747891598193259924816774314887586961975710357466806015083137838141342400774689330642486643340966783032046119856563 62807310886036694231483320146286211304864891032363265884476897251510643752659549792656022181499702509346933156069823356448790211656250866861667726944823309635647058454577524646089904828270913535592476782791373610652428716955553539954071778079718380057187333325398641381856278271554839878923166903731111088253
2108481725422681187215988175988608425694385787102818318121987320681615762123647259679428845080314810555497140333276915004225515904727506974184481323656141058245545641369236296081841534764310112452784482822021044407041845873538760419135833208437082281947113922413254239925330686053057461793788050014307346085 39619775921524554272868403917477384716507895758309167685088902254764527546862108524456624010885493405430422689209640516224658324237865314271107977896175010952920715166339262468960687953710033884200829553805845584077358884163535612367668477017679771704906252167319746625316651738364287605162283576115152871701
5144944991711094920440361255061104177693893484468237128652483287595521043263439047642825297188631008337030037332211011013310338978064907323085754780345377803420525734154343439550652375366312163135791546317154880594501169194849494017470918898145184648197468405748899878202211651395596101026890342934358701301 51988523810341315760802725030136434041681990594175152776895043564114149656298830618154799209213828372079228956617304099067756110009874134126140772894459852580173725138569579279581135106659869859717190641590277175818089641386297607696021961048458743023355575269043359602187340559920885304266636325090158599207
29005146600134254959327075816264332976245240311950984932800034836953620986124053156900396387243673801369597293335436851459975823735447358709966758792255739505544301564778749571578769794610241490371524160319806424946135790003357089875546547589305290861153794762685680261715961656116694107496715348566016923150 54049447948027679172553357260687456031646929100083697237402846977098251539711786587194882693176763561270442176587757194682012820759208891284962734288333088944241419825252894354857617269533403620578903238904552682903249288411940355565289278350476346487572450175330372903385296012112361896743545814436704299223
21017712595055806767525528315175943620017758397003354399871002659544268947070837155674122003390810750625174791442797128885331673666460158325058374542295305378626831784061497574010483240813921441169093305372055183672974811265920810497912147165338945780044183627958161265582401719497300168141848002207842869500 79097881083204022648645637598905100184155421410825546203051478997072823162660558024007028420108934553065375651967159036868821362465071456651439694407272260189540960128872179125796192065671956752668509752372707299518275300687022427903046070495161625060279183778987516058414669103091758117316174752218051601333
37125647867785678198444413811606629859614183282047616286964101934199086434376550889949857931287233494912783396822821909510839496619121288682846884182026783917764160234225518330269614968642890223781347165814300208443054514274569435021283619210856612808848311102939525349547665157723088939773964387955691527464 46915347308276236868134499482005146280423002030061423193690271465502401819961585932827573165851389993236131187252358081939730649575768707068472115581255151466482455264091447054179456250799885470573766311126224546894738165722831054564278808708481531374057945215437186328265738843624062136348896650583300307603
2060210207956644947320849901536980871142608398370532762103742194047511481135179921551060771933581218256050899797095123208372516541381845785443977795550284299471257803203586700998044430107735970689886202945920650436222099376486012678939914372474808625740733572986360598128096192794759220841404514115957667455 53057690583142786259486898149150761429542304996264403080990501664054416535127741849079937646933180768468630054523748419672524376454534774223165716805361444917187153435215680492791880367137986855477455850276467690647465793150889297075241817584175209437172764192681014687342684812401892469987641291454084648883
35956605933481269088411711331063238133005585678941479747099173766913247912333098909349458141461996737663712531834583788810029877996945688383418927136005628001415627144545144335195777952276914965253979248235207526383682061281723678149184651122075513406788612049716310470270288391155369703231371478538130094451 58934665331360697723637401536500171872856156031319511616021880568430474109391442907612131362589853831215570489114578216174752656261088039558731567088666651930039255129688038103783947200701961441215332888454104573865326157991211481116187275347415007715077961865467416849445723029038808981059623959640744341187
23535132821385096054346758875322398360003771608933502469978692614696836516167902738558212262697698649573639479995306789043570980210380224670792669848531863715387298545595835396520786333899434485931836232142311982398307142182323692835743579698945236344060361791974025824545994717296440852247132163497871782213 25746475372647176493435892913818595290734408096084302522676268709995422482006456990700854513169923992766666026887644837336826212820963887811529357479732629293800408861764667241025012175454937110529469538153288294051762513928530384184707352938314774784464261462522326393242261845913933384208621372621161597309
12645249270264492390114859599858413124329295233405984738592360629918153565548146337899386723925797922019907176217982697408492206844396361201225432350627241870727804832654148849822724321715395680671876201337901254036692575481086142871499210793428370588025650194675134932298308690121622449052061347621066575402 27720323124402250408035957882830868632176086052400035772900151703072887028730880054158822821186005965029744929452988129255558001691975886685595265089102808734863196414565036483743025166326143580375440595036781990044969554544285496884098186162852056403705690221315318971428693301443059262369470106692870386623
36667572399212658662724645324840023201223046099106596240519716295489937184052778455941079729492494808160103927652975058489418033927681478200816152234834283891524165373649731930581019697269285679083937636902371283063797171143466004454982288451649169349013256093285168203304324220430337905702680523661733836440 40732753154053832645221680313314113086105137203147828145251036877532455093757491861530565839025828070222405970097217475451685620418198076973204230837997995634263571410876082937268721061335517908934369977156825433918503148349381395241500974490686640788858671394313511462158857234710405701625077156921879440797
59057009754587204634657241016252677736140457011250007846570516366163230555477874300206994805128098001082606068391790349203886859968704007101871510370456715704582122646097927226783930458328257880299222011961280514499787491260757656626545890226694759553769086654325917973637305614652134238161685278003531595400 60265624211834239953535441696119076715958115049402215136719440814602268569979631935073135323064117968237079634771798314612460929671924078416464306870277113421874589704556909208296474441389933021628885810527417906190851358995310248555769638223643967629044493677656836729921283450430308163912367599256592999351
53382398318747574113540110544831080406113712948122472579153970690885518133128786789323909632274651981148349429176551755560439187800211110071508132474837160348824941811669103956431514429809652837738745767872922638031271934374689095682292917201431883625576644069692399692362585616025823590962072102822474478 26875928485796501906713455825308229121287884356619432577407289539260211203083203183257731953154443321499698629244250321847532063422073092306316802147057880291698555030798530247861469006648635859510026195241083381858678894894932129443379798354736212836076735665223156787704954678609352602895331240714407066287
63619623816414672705519772554879428412685200272122416453050227756256693985726892836730542317220358916032607080647226999839698331016360212026200869124496486501183103877970299236847552379807246450978787590156121695068655883909506552816200029633287729512417520842463438869766327788674764194247214288704528022759 68428638849436824386683260558870639909252725213681316017620357163365680244897699560030384485166815335719838538161059642642541038099903908402072201279849624977786882461441165166498761801825956483771407685787551671516070063831656434582909297474039276156122257863723155439367129657237383039344555344836325507921
19926010224933602611274749220730416712512512091784659970573930402459155892212489338711905371126714581121906876194113360536882686086433780705585723335024622840391112240331856151612292787271954765276175026372908224946038033784563332037166953211253303548390207035937438030958681403163623600437410353590170830882 57994086678835705727932392402614818827263913327765668009635477206634912313698233770905737358907484417985486367975924638989832521217196029507258569853116232156053986110255053269309313420354053142600057833423717654920965064420420304875644149609483432025417590031951800468419851385296927278557947786723341956813
65502682878557754766976505693141369527572548333558244182359036141488173488654925893442850563743664911959979706043285589473469152534118330599923128672948797084265427887497663674190913442911524079244747778232721958400657099839135315878436349080693762700664044249629767497517997218167665676045805445621525283213 77449094644832757666338025100343747267765924103010505505234200592102859479486484892572191269380715929492712575793292987342511218938869783090941017358406358374331627013561039584925770017936686313458064756837033312093123313064991337815844757994488774047181898404913539300064390905486024417133515263335415175031
75506372564516440205347229889614422877535469179615195846392260159958332937992598401734123173127527144044988916517367423275555248884919362382404495236605681654412973833682233300791926890919962541393866941866806334537828730346821209220345753966244741185650929009246657715577882917013576232535801464335484003592 81735274053977013490487974445636980409295297006814684615630968339080328037737643555005172738093021160911672285235932405222713144119189638213662876896714458669401294734939495590791463729465230402119568060855840097612349425338450235858304460703585544260407239114337115099532000277452866830368095087586224095103
29281635249285632174730712775993692500311073648549729529011528248568471614793119586707616034737475573637091647793555098322353974777628126057302328716307789020303777028332190642806588903702199198821929345934490626676443453213273381596141076560879295539859972842022139735117182082636008226201853067803701714734 44534557115171690983413177940228776850450382782085607173829112944534558201638788155689096128399612482550438262084919962905706783411270071385501806838017378357285330396735303382051386513273356372947965686501205708188143494747508287404739657228304861407164359278807384628920501819397587349991737737302028731281
81633907738755717170879521970560988161015506984772081227244383689944684371042577337712023296099029097360471056781683504367646602305687005740703993351597191849760610440514331277624224871845281740722574782872192084493003546197706647404182079734700139038058541099142911154369038887548471817781342414897895597392 91166276839088749812571184932524627149274965023419353698398862391757863219463402458551653109545625646697661897643220330769354679174545357937177139560140084449426258850640574671532539287965073702419373051855596717416488888989373015573842321582266708544129593372055221965009425035755534648169498119825612671731
617627681745996825952161054420583815832360475569091324285762614319850312252396916779282096341979403071979458387215975515374347930752144719694210554844609244107539883040412092219817276436327070160205497777689310911587211894977997994218334668290964495972084546089494151603644350425604730618803798356524277049 65626500217870145232023863505544757238565087203241706063004361619041067454818879034202070279354346620355944423844696857798702351226960691456432942095726669286076926891565127719554833008452909115149586295357564420408558541322928979798843973629259211511168986096845760991344611007785085884751555149539298031161
2612787535546685654890124923850414007514883918223300216415165728481886779224435833121024263273825138392562599694853301710793387863254445926492180755710964147741769072151160403099632546718514111019206611066990759715320882507947498310622276736960747431047987082041942624086738672474278962518384734168019326780 34015993627698418039634030100973771660975953186930097840284607668190814427886811270166634459304368932547309594345600851810802693696560088180174831551382854545573360369437161382294582026220039617415505931653968007575001353577188970897380505832025126858910712213977716592316079861991443548614352099830131763449
41594671918608980590832785834981378892540949583381815329072931982902277603978815733056179665588899950462208260804797150842144784803671135523132296990102045200445512883135611071182082386264486542713016809665550982894469179034594698529756299113612691397027446542885113560409904035475499174553619574832994075808 53139682578581688320899472924305631007331205408265939623937249205486484044563208612011723658085474355381513773987223878644172168321178926935758820922602747773294249787711075017512217070157442977327134787854773324796566858647535615040917859986148764108369367039256489993031008399624137102261288704673118239469
29738659012223443811647697169276182910410126793326526560566656997591391389867459596399242119077439804604159312982817299685380713687108024937307421149219673555807438037958373171095793652557654605785701609270595064705283943647895968853492714710562330742415613065032248543465459413953718024476025007685867346170 118068370439035667679881545540992061199498538649685397718430794694345582319748718435109006966176348045225922789044358203590154649765178449091326239689287537180430198665308077971308490364949223146189500650715597636522951631310780337475466318054333195425204781267046840641090190755519155113468205302447458484297
72405022906698163049336595348537506021072299018114221549840087501391034507947561456142351569062510529212745784797125327872908758197870276382645390650389145003746869686261495119274421808110946089996384542964384336883351457112083738201915368224768791283567004180554186392330971148666336776358036193565805891704 76027576348721117125101130663069698761256200804641278911267462369260122363825949604741750133051953485926087750387431591839151313472134536599552486425109790679627772742267236378744286147309418673397078506694432255139579144347650975269047074046148149158484236007794634928907988182608460185912877305316966798997
33085371677898727771347946983439516153184104161149612036519940395257826531984712171385618826080917178389986494475446067276504961251368301026217045839817282884863623487684174806243331497787906612619984752199513865152009934279227678825064079533869483333646366081509318725869572265989033815194575278350121949259 43261804428443597505471077171953989414233669658444422426971387094039400294171051101184734266686716132286579567343088629289971556545551608658934745408584130976410431009182761402981500476190798186536138141666195120390502685223375264621271204116396580492671770392752199341704185037741988637139540869678696995139
54219508344479661539304367623809263790861710436514190844987649476782865324547981346013373215100718716664436795009635409443968196889560006793285570637222249470951424133185312781579394226010960615151722192517958419845788077167884189849883710155182095783640619345007743561470307511282414660688754359230061522035 55299153359844815942432679464360980484116357120217558882386759721426795721388371935189542224654609631040050843576437791649539905779055637174951117222248754866041712559928006331988743029359903208086992709120382144244820651914777139954473577532604846900798813170768600050692157706853098688303322716249451694637
31203225763253299935160825178759605743190579916440685038407026601291588352158869300798571369977806257974259231427281738633862107765340686355562185200737525863354076794105096621072703754273297743523765369914252481007159990198751189344240508659227025126996262713849859257022377565374849073172093888348423844470 54453820372457668824403995507424339371774970265140126201846471945441137086700603138354211878348325586709247418674257752207590803810449639209979727788802127314504474432481312551037186294738621942847754484725310628928699133522630733623247203509338417405038268854450146617342735308802238887176130895884654525639
57126903496679286148661840686640972732868663811389642034297678453718818814082433913956961518321094295086165094376805681855550110131874677357356040444682211098820532501364927484460243588033510701850095590977813407456387427376956793388384898969160148116402972057919525621857318851508802520768551085200815951732 68377331224057186790061270914390796318609222729708120629501790535357095694412262607320612457574386205723215512227120783544282293441240277796628433762134324405307416969236362937540643045676190330184880739114555476801965315817258728205975935348212524380972637613922523744150727901779199790111982313538535159951
51500709559734281338113693107658340452723624412212635765960865773148911192892657270436521853689116061231430203604697005161627415184874529843314738335240352615733046450556122290406389651431628140542609049388519583666641821988215036941028152761798102667649278237764356957960164091945537652200294004487415157221 55102134462400299867673828436910046778064548184447844354283607475367530609602025616449318900905357581096851045257842075837999387705818112547313203689380405926578710937062672329536668046827123714202495765981149263490804486046059009382757942393444257536325432597728232925517597647596111023061579309162665497749
26806361963904045946038187850826252688229378745223225903132307377567397674634562194292367193611603230674633219990377729264113760551531404185582665084651408899909577902005040296649204321818325222333188163117385826234100875212974315646777640915175068672622373916450890057233249993944225913241444730897569013253 36134204794777741268485847155209769478280297909387954967005011952453046423546095717332666781858958899519068371635577491746094349255334137769049916612350993275900299787540843656841132716074136965959430133006474836616866451718556446561751314594454963215966042267476106924741485413081987403690822587819829493597
63843197088314304994890222236322020837846441793975982275165192995793889339809125670046772044244627474795726283216485371188243411309073533909945629038900539957913661711603351827055086185989819639542559428393932702735141587207037208139688244752984244647436063831698884087265445347010314200373252732556092666443 91844979496209234904059300820437844050649772008564929039112338943056038855544599582814260617180863224380844428119660753410608735864617088757876739683827765244080937359174894309356514684059735530424979222294576667697997279597509512194877456220289706283697551812978338656866346414676192268009042561028628776023
3440953814930128802823951285544602686478357826328662001278036201532695303118937822411636667195584539364256927070354455095309046713758902820832144227130659985503793975484833114026191166567980207596158297572196488755931618517600418875890185540042494511984831604238504440587701427223140973986296750582939835841 120468074739250888204033157773525676027508492775147269609729674035174856290014744147265330427564437631080297952522725313243651524469844913242912171832862815873819875223754258838127809561676233430341632303845197569502937601329904466146219788701083542461924185386742854531105859877971984048573773572647753194019
43031832285973839508816056652849033324811105422236754019536078173553401323403704648352148552655445496903916050768771734879092500762112006709222792801120282546725311000915947879087822111654306709009783338465326254253646782926470043320931842841551066065536792373476692240545879858727891211256849767509624439579 50420967838095441209181527468921228510972857032459700409404581590257362841841769482391311075708269784622198919732003145666984672603889091619200001350395885104533551870345384544769944948569173742014010659632165450279178304990800192711776409449539537525311915306397238932912283778348354808352545085396286471657
26561264376876890032588235600856073642052965178781173491734919313882381275371218660175028477504613792481449903657126733784131940472277497783693675485088021897835736936508077646312064031640501460422575344039958365474353928216445536289190873743081174655261183339666354163313863071355754390959903155460332129525 48491294015118993302846068464518270338905696460912907387414447073450037247119140107787293257472226131653401089449305076872839037519930216686036460033506455173816087900261475554360504472323436061051673208643808216211922010383723072574267925999308695164077173980332104697233385442041003887332763591780445124991
39881172331773205755792881252543306401239227602810375548668133488631838552372681600946184586342644862387139611361511933912062479115634626887184043201720273882808646301696942716970560172982101315935226817972647539359206651296943014254364842815841885055907628226684542561239881996996744791106723863952578207825 63248118216039813062032417917386718431407827377370122721212766856257097293267105046185491550903488969237090786560384921659915670585139416953115646157546516302291069431824032830255159371313809278281151209038848904184265185504334658312168170644104164374591170547532767547091974160539717388597893240604260920013
45508883183268668809076594425304874750154508386552259855377062494305005695422404107756633302875780923494217938386697091523172978808968598347805076287395243389553709054751363390814172356551847672990556525388348732994783696129196798508820339810227762357032723243415381998537346769084681326668025336267199185053 63730751531531292246533846296409862855034362254962024999797914298597584015163602709122837082849809171957912732634874410967873685351003350874758883693231760913361955448259807950374072458687187920469056060197639767966162317983924855722039472145440949707112422129180576994154649007555217206220849619919772512573
31606291487088311207198838158856190035075080463718112205028359277288254338391046328208304763481113436243709644816927530493035752371706340675186847554884425230767363090396688762945694820498038971137644598401619789706299676248261526606990340517965869208843688713657553117362213677300211904797482087920662487990 44175892080480290872612117875516519906220375146460348846825981006030184975077535271240066270228381887484400256487989306871443708105477417872728371068992540742150372342123940116321552519149689754980016007402856587399343840514206596828445997427574819509771854484355892805016815692383392647883937699963174156957
8437830543175962552085092148692568868794975743989153145383423079955915792135047422786185028070971475872123838110129069802171963223208380168040350336131209485044685300780091385589268421836219288564251770349279649749272621144330417731985025598716271869703159004279402239688582827395585621103447068319938609680 27092918594116655720317961383610622494443271475102637324948080100302291275034539991114734346538421244082255934646340707645363473536206600921186224799305243378503391269541553007551244880329603456581220116694372496348507796340349796356264063180942412399223385386662201287699812968333133722027241376412703970053
101977464661174742544011984033560024700714044660353445465181970130115402237897200705297433221683031223170317185582538766364368916162069914001235222084793312341328277261451931430634951560060221729698427426957219287770691060691969499892055120163536022698412947419780355312614486968811066951655964176177606964249 119873568775474041083334640196865263224184240239011514884571999978107559860128400415441862569747553093040294229461068819193917466329890942278722404845303361524099203512697198103924518028053975660293866325837771498924773002028666489460156313330302289219582088888919310121117130486342338008091154868910870375077
3523145545128751424203122478036256165961482635306142352785186851881745818236005648194569275583711637772797091923061008059110527793446151750265943046842216392170635787150349533594098751300952324652855623804963393616928897682713725957743982279408623823709973721586919481182595346772286008913466214151347835622 31376689806731275712923308896162056639112555942180723175434401228860797349303643129844875847662327456280571729519841571916915602062962447011944880773960860384796334396054749511026247156557898906705423573311227524028218335941138878581543521378956373742767763490681195747210091705892001419614265365643868411423
14921570769277330824552589472227981089268857961578455120929860820159857477392842886105180810855158249685456185404153793806707999155175607949337650817628786913286205413262791804758294090654615067002122775103904700696852658097140447389341679187786733079131617059484849867937291941457875829569335657279473406763 27995881432117001177771978798204146358882904373772893334420446493887862495950183662819498896843290431320272017420942122295504406702517646333203384203265910756352744078422198344727147352726064159548705888051183652937899433297296641354833529626454814552897383751888940693447785109161982925350143578411024810229
29226071413393242583823444626550326316263609922715433865093634478350334094872043097601151126851973817787604695845566291611302651956069667509541788190499839188703968239727963516394752167434394665789003481508412010627416399571049819052548337385848033353040102120526796839766940500976724488491777899213725325631 30809723618297697586031281954338747068477493939404965010213180980459465623855145991547342821631194533547103228821022077917770195746984776252130848243488226607332217798792610139100228401015000852264294552370956175921713339949303181938199021799635512502842115017743034409843400892087513747469536609947630413181
49850599328967708910454635475753107985015267786784941174289793335111141456385822086226539974600348768415284807041946594862921522262115892155453981104725226096160157757902753911629961767434494583540101071217861425490764645439953403952941935390270356099223121934833910751181539409537747019647620329462960391379 61113945760120170705285862173981694917934278511618989533005875346191413110912331645174505751428334515851067224420778401152929569261049876237593937489235185903155075717719471340972854254937064207575034613600941900974285429780711060911296467329605562515944350164664970054519450803227455447570109847532802691947
7810393283742706012024144292373844379556727257078752601758161176220229357445365794128630269755024527820313194366960265577854244686335549057956800717478637665812820312447042986290219101862833203582236278579080510114772833529117663652782832203756744198816481159199217109818730401844093230861742010321400395365 54588306124027684192295323095243652286830357241926012998286740942417867594409422968111410462503929467422241689228219281735213326233052851072823697554264835315976426829984613972759731663134404250235351934968921306526732049408635353059957951746397960606416644635378260526067819157603772260600047333839742556171
14861276475709509631798343391680976550062709029672097875871378499505981596791155693704129203552445490212482328571341015108629262430288673176166474885442463322506963050536238715805944057729606524833259945169091682857743676040999764506729452780267691251908065671692455679589037058364877873229723887492865337617 27022832257926955669231162003613288774894733075720600100232309569304316237385292475517729050621280336074537668472316796991770553407692044648343066660304790572273242933426233060951769327504023265155507063298510830959705564469783404788165448866706740926148817796573526826684730668673833239095996086409588838541
35517825193316731385023111148003403442189942953103333572692609747859767786554259898067194934143994842989215662250568726035621817402915385634524619004428454073810318381797143687265267667387244528431100694030781039581772222153364378764771130482583776750179270590701255030622931427611899493999236658136424328308 39820164692397548372660086765088319984662983897982889999480750488864779813562731813814780513248612978541209344907729404176334355926300051980538196964472133252192994700757285779035116890337342152327125698492318204336881130979824569187579762833150717519898508755528368909711267451875110232385568101994927987129
735759306504838727818180066358617692241433846505251882647018984853174340326614015686423134007366337875781790836611277991708917845703365123542154461112893806899345537775524795108419106976743697304763523658272640087726366574150509590455344652794537668348021023588987623580448121901312572384410617078202731414 37629144944926610685041646339700511742786459203543545535981658754185370557600292101382424286250131759638903866352939850091059875072756494774060875748322094004691849660613323525057047150670939619280785500544470047426866685064300573622438196235907721470495455267831667345031732916958195868271970800120329468709
27548089005594276232967660033251721573296313298872525268033806029138570024668706488610474524788645749723574696127921393828628628102980771210012127429230879023901514725999615076204466283654364549446605145311894647098629116564211607828978364928256575460907192786516289248994293886063925187797038391400301525216 60903215500880563895434689126818177772965006220235010973053556424041106173181170325885562100877308908040991658366771558310168926884107335422838429927800949451594431216021723178477722825010180709245138811934210623958176780010462712229484379451297641540867433804938356030452765103905962191313325345673393005163
29805823376980029309931849180689466072616099141886433838421093792174842623267009786535698909109077882987792571545896652915436369140788176730584319342444579739654553885066908090528642359326251743990204553085481947425266297481348508474086343279624653033255105540051358520931078351957001821568820626671936580979 68000856120795969961343362935171716996149408794879514104477967924267184111266409440997973633530991481290527056416549738081217005176505052968684157922362620153316995500762809271446457292436617056700612697550704032311464101599136114696340374239317643790715653001788261916993825087089054761014377520103904428129
34428678557294835474945539291037845836441734175880890660479941796737933005687930840681133044076928827192713646136360970000092166925164232703380084745286515116031999882176914032528457428065491456253708261673335456670791612406729858219628767444446676823754014751914782617518248663288237445088305202696078354640 86839151458963527523168950056031574065013685383263182081186892549660288586995739121860426358569446263309489678355105007606762473612299378227961525542426680185756901554446843136451987807654024135817495831456770669527141650343036613397778173284767781369962498513706161979343624281417989349132549082270232744909
22122817608895985827958344722659795457593773768012155851411397569519960625995125019047791387858208056989938088877363958471910537448049365006856954651816598079736079249797292903320301074174042488510786241319394830462758112199146682076505365393955789687204839945845972590095750777337098023338873182615619963431 68076951479603789476422005318865597996471860579909668208566101407495155926168349779845191897302040453249778964284785867107032622671568797894911466150379506966169135955642290900849121563994925860392426359713076749363698541943166787340434439841220209440937832376756257001167780192657303271861751694718104350647
9096964628775403483357633940105368740854023935889519422276076146713946137229892609929923699279192074648610008575678450899163889424839342895424677921503409366428776994119035331550259941869077792593173797353997525351237177360679946020113631125925996799730391544312985780139323214288860093993679177140242506339 30909000308176680936525249279466744463993542240803228137207782022279342389611022094934904876600481649689844841243993421130576768908012770683807030085626376762581751875142035073172568905511923122899903917270284430414493747796173934946008910058830970672523072186333556019021838230598381476022254713564457758393
34383055752253116624669015277824070981086305694016521383434919884958190562341568915112332741991488714605215942672963276633790133493744735098390861714184354008631610798406032076562930222589640639395138056804469816010083123373019736790215306204734957176082392634271150959473934034246878409425689956800714364518 49767101232135862400690907395089304199511696038204098150768083599464781222007283422590422779354380094398210546229426025931761138578038993130798789603652711139920265754380367513948534605216004934113867414629262741704365730781870357661571800995034140187051939236190995560903628992486348677533004461955404065653
23248425044879636653693835739792477026160815239683030988509530612510802431233120004892243568794930944882084016417980739444599512223975687926568624366739811531131723507160758451141272623548238875915759156827910023108438013470049968657813599916271061721331278150723780374861607045865440916431345128300064248966 65555611664995952096608136256612191367772659977003219689139788782728336770450549412906713460634855231489380739094921214664403422363348852848943137148315462774350977146112694547962968636892936054921374212571639162633000805755233415418014061312968384837494179046140548291324217262823109586550237108623646258489
66097972652012001179773292441548447989906489351401916437213929458889340528191092656443154277752338437708385120780572962927057151939946962511603728315630393979659445230569127287430491950300382656256390220470094161718767918944835432347328973813262421091317701996910129884046120149127098293496055764895275614949 100530976149093150883955099307338654697402450561655259472096073746822391745898256507883676075615798913048468977456975377709892959493297426512194852843032294316740787713217258701774596765694750246880912632351058778486642117856751132907025793630476763199597085612615323002754867800547568034181452579439636011183
6357136478493879140556590706683552023230812765854502302443866178826836907944469748329691911296945249269400873340862226903536228960094441596278202489759151837458268251617680928215294332731397202216842386261045652647847485755113999969061368554387926010359343089049074977686901444678951452142842752762858187213 26186682094732106724617596136225521372306911885880986910106981495987069526482297234328506039638614731025874356069977005930344482632539215294725952481171668320677804507039977693835506885908546958645149738108807875438362013640404640477388051397727764481234279217856308313411623418489648251366380355166353742209
10633763511528012549423779115010556146950467839754787447152752652677774834463733166434345941684470506136076109211213063375533034750306762954706334706667268659632966242503893479104682793064712138779557460998040124726610921780319118390016671293916400479661995351453177727734526597134903175171810131095213392053 50629239996842083805442703794445405273651725503596150202606970931137848310427836749645830757939121945808505177372618766981441686096026940841210304363009516745094759281917116518039202581530258964838251421827878764682184974872393928271535465941375019653658723816076658055830767242483218721614753776459001639983
13325966566427795359484477960304504367661415685104848116792534146034971596146172486959739467079898491045343643400512334378380442190208109240569331209157565104571605335455946652028996595636739649417455598908173259963415469628863587693463254336852839264720711846816451053037828973920374106205680051885724347955 95877254115942150446393977702411060971180753038834370897712651352673219792777050262256322746319672418103453525787595775850182885482393769708031717061160430979493550307211741638335847881477405546805396363121681994774206832305245476875196289360204684657913975485962940808828178435674019358265508857742596752709
39081394399785554716974540808893535421085807313268362936790119227749643126854242476254749698110672867096799619200425998738599675032257352396156944670646513546806065787531251246785802615352407999876013668430565656114020685589476521817080214123482462285030978513186990166319971565311719981030584048444824456860 85493932651204261323698945792216757519784211407124418594276655154370079482132256991986395077518191734883606411389471476178657563614057816132100641143026839403164767253389754498634868157218264634104096422806399571113126332947268040371249297073770633657090923885708134174528191518905287269368332217690499346851
46561022591420914541023888027183990043942845186025633945826652762306972126279913545494944130536129757460240291790042074091941484211209904773935008515426048063986710887839779990177779055831506858554319839136075112524681591518847935435465337870709819349954139964371894550941051122742692248895796699379579987934 57622191632427212188035527520064419547557819202074059303509107604401765599415330889596385599229194520952783574542063292112574397461282826825062154213767777621117896534364330536256770009857704297852328368519321659582335678598242100281498246051569381712630443417776502249499070471927626824734164375909281511407
24431168104863220211629502699002171886870869651844981474384492826230545088306659018376240012157064972248314785599721668003761663321947371011579902347468908463653548179854493933718185727063275138041548171853089458519957910175372108150491160132628172987557070819695157672081473170036829607765399414093391688958 25265225448371344866170640969706304168160070673443903830827312581043506877155737962186568028752023747359682848446239954240519603269549538199388610547023242444665218202932353704387495847631923858533814152419080187890338741925439529146651174428300229388458038828399849014441185620668087422926460519831877930227
62733167508816222312529804038937096163156442837764216430798403112021661968819518286355292083659049444060119655848362111628791782670972171771986744147072712657020170880888560135780235032938855330271665613201136653611277412527800764848684898123008925070172658647739949073360871087616768876217756438720917339086 66926360533128647161226208862246341482358130941736802150085424461298944404476997209378985979560362504058387611544863685742030791417540026602926900285473818893151896154352131294734114847780158530369703990475345700260755593613298235612126110990802372431427854526373703523290087440832403407762876434774283480421
68938661580108565043363107367653091521802727679132628362079902733628774828509495115452195171162402782817639537999068466358722046712442349485974642312942254011978847677473047494072310228663014327460665108154235755688065092521516329184606026745450633663120023245592028026769179868336679328514834339697877195228 76825528855328890580589133426460945346673052980562300129810902588028885709218540839865807620819893316214875945509256576824761311240505599393286428736128985752896935346383455394653998135925413879653494227447030405306100517521375559150332885051124134560247192505159527852312357855579616170908176074730812392523
28272205378414440910539122161796229826755585865832162083751248076658123719266463787647752957217291520832088592008164472835896654064209333086344434435445461704419445177691263874908111314050487467192068881556973362754137834850632000337561572366116194555899063194270457139151846985660711315018792847921614810485 29803066796985736323533822091642992457699184607985926013201638654290893516380952846493437322483235992046390277971178221894566361472755993993011920023354320065876688398621779023604279892701800361316151602160999252005455576154354625680319960721248803723695671212063428436033566297312332269953597368229689696829
9070198225226306482637661818221695184168574859788679350676699864252063108882290026661216892628407164459286828463724647617741963726340065228436360826484791799463566079485244790784042452930076868040890626484899372130365056250758511582347496839096916842602508617845183390245397242100484159878519661671649605601 48282884699694626908147013765285530645089439462716785550628401418150243023850826085452957903133525845564425305627923274289869674643861815114889801888293731258414834313758208377504198054465062757756314768716674527925259442245562797394001928283190850546666490559309235699808695482135516661220745186285036729589
56540569344938391880622984765128322101706504628073403159208714887135887236680270766626704358719041792316272810627051389972415468176991494168803555310493579412966290172820100904698261488737350979870435651499359228241913234693105240479581458658947931462515702887085369072046481907606073651936741875793233490023 66955143148893780177670075009582694697155877807484913976838804569409364260692024827757447546633927487654141078605805014548302523025444633316087224030551604508990141539892602406948569565566272535573572991994230429931519704950342626026594990523982192702820415188630286024590083652848768867101110011061151091699
60835687663379555444935421170854013958125109370711440895431561631840192796495980767969706366331925765234385879676243676848217665309919205524794204769086564845444549650157383848463214710218473504884770272845727009484538490876659843213697851724546313204942308081707904113035820038777795241586769742408838540023 69826956609629425233915823469825247591670366253416535091394846131100017123183791871015835151867250108885909732532628676848019728626409413020662394265852736626469516960012458789693270589826882682564480390091830819969356983813831007192891817176117778305942722158384352075800135955354450065469062155055922420501
15229671228774255519489013059962670977289502196169812591475459689805953743370105573687938149226619473080602773628004086544569069455240465286752235989611103900147500407367944521128354829062612961695300628408769831674172769862089884111500349292044998302769479526668046776694162402675075943423110390318245011867 117315006828154090874023461239369961425649796121289749782458094060462374863440393087754158496476175390958475948478604127613262555329780139544070671295875738869974376768748975664192523038428244598031639339554069031778256738387308154453994653842419105866381116023112466870659806881802533471307542641366302245731
57753526159341539764100188861131485311593923754413144879302798498373672047225944401300838364241910821860070348783580473768597940651887177422373764157775490132875930568181636835585210880779922953923564644997520782279925857944170578909367697916698568882876222991084888660703162709428099595982131021864460292230 58591226465933512258573868000087312667166583975171117910833318800692454361109301918875451577223867019371462544949905235535531632340101066070779423378484365657149821493311725719394134928577922010120180898995127862653926561479232712479513609286983654149972996723343827740587002189958902928146848454140740090093
59150072393451259800518028165481217395095287566408572978681187287502474454839841996798615625829736960053973725472137061462270223094207088943501057591836585251523155326554667815729888885411728799526837676782034463191199165987360436724164489341994251395670017229628397429597861098771217341818458213615174141995 60344724138627636574632453182732293174332288292812449008419231253613721459513650677359379521974509502500486302258229084421905058547210294568652017414527924137221564147938405420860852271943846162062391526457754427870103758248078041558343847076645486727343731775403454292884567583221904368004987279643849846337
104850219826538815089345543528978924843328486534519797684390584265439218863546949002612160112122860899953539657886593238934853386913604104363015552101641874482504863198721163116936615107735285383190418966738914428978662623951081235328337623291588655987585608151115631856967700453000409462899568679991024206410 131911457238001686814014012672093894679463816915550096852381125249461374762884395891095090417752010840378406204260932951574525883211698909961677197712572703739428068765356734272325857695589778303186048161235281442637620885222956885485963314078532209163572996191392066232744734706989986760491213849778550078953
70167810804988879794243613958585891470684119285545469123042143716185923390844519925009175545361040273328972886699872468148505206029682201014032639834325662982013481857134101122344432392968987984465651601488029787000050661338009934335708823091269782216395498739394893743951783812989205036367680371304604499799 78897348799870227036967250107983845594147246462133364047631400994464017409049543874377541423068828021696096034667469321661618532662506923837579674895711321504605809028132147623219600921097919879929885900879537177000783290238882962810111210843558963492203331872307486579918021858803469919879486420215657467501
2396032714355128092903531720897195570345709630778442436597693790485225538046088548776083979787455418246930434109436577694085571432001224564524881476008634575443141678430689005528234625338115997110786269231612942035394741199813981390603579866053077780013452574919903313134548341281514699295262214702111239300 36819670858949740050092844928050996978609283736514801430396627590047635298504721762774892241208559637817821388432088688022381583447072378834729035321033416896609668252176747128896116064558004145127556019449279579531039696106708284604034514502015788147657134941542888789208291839519453971569539934682026405747
29024677760622070888932410377100641968145670823494185421589622292524447356003369855331673730973666471466122510567953979894566420692344541975395912166161322841489631790428891188023789701270925698939954372161704162302610683382231369649724470010403665285857689900941381452701916750450359482813336917112544550727 54019462896280015978506397825807572945088418718423365924637050115148815143312157856538519481084156526652796409895277853357303267984340839436477865220056008215510904386825173144426973942287728127620774194005857859049472928620899135095026584974798324207005877784999990888336715219599979174141669200477598669053
25319648766699792873997187972503343544948525573559804816356837491678947146406035120334208481266271349631532969170571150889252662553515246078733994409434909553511204080024557748165731541636277534325275676733837850220158497098905875545823799956249203116952538802764084863558323093482621834254963924696696536658 25569575204937952682243950892679805160852962438413566688995156038609329276339235206635437550105188105512018463329449512486101393493973215433377715221195349348783643789276529528162018153819279574198207974016383240308055966512728632392776742244569446724632478945189074639184143903292334049704416344242274358091
54279434832614095746999099931293124062648397164867866471698981194833595353497772830993175638504530861273692092849965522677019040906190294947504870724268969533992458379995365615290878187290547651966866898492564813473934069226819027965770548814804744052154216813912957655865278773868050947842894047773463243757 55216624886226894429075247728621036768628068953572485068925259093265529688438822150950701033587638556430555381434614332319549324985060556217778720641135121063488280287557179591182261804066038018582576066867217570586170366960579189866659760204079240641185209615591401662519082891397290178469178232215242826929
38159634531229304980341683255073575722470048200892850032176723038240006741344563677037303909450260906836224817776148062534763643717783145783611405696771397685947259217307732755069885492031643448847466605394133918726044368274247956021377677105992268728086975530483262014674698816705053671120319311977155035240 63703104020438521878614784505910234353410318080775530153628284087365908774749766926353172962632317055147031919004331530589305469352005175858674539492944491359256169698745940971054630685935350145260702681182140584994974121459607683363388738528853015662008278898063275273058077509724752299911358442685650736177
17647766500417392901872070697092733215322908323657523774460317138058661687280074094047587111630527098906574456751561356410892344344204980767104842668914583989782316472920424028607397148045467748782139531073523154772592708643302715653614004257135013978602191788227700063004538410942174919424271146624745385903 30675304572721989833141197135493636280719719382432375958190047734619036179133107056444864375319315108173093483327903315823397791251964558775801159959827318824243642678120330163000412871750867826251083025234928676984672596350820250040133805150232659013799021454867878637694577161405635130212933116104464902429
16151496763347990349555795677153125290469338019803240566960308867158194020278183362684565975216944920420436975021506681153276936756899212338507072859345039678206781416425927518921867917005093035478283865973456238018403461226761010091579827691926425680453916764114779241266703866830564826314520578230719355731 78867823501727410064261790833941725454714085129465555709121122037431998398552115287346486960015451006200828864727279950175902782680616102931050536265583624503870900151262329655719892562172775088712103925850102419048190625769603115837516500638115958117383060442485377745393204548066466656575613556674642189919
26743393994157813684176435678644982849464805430531482860893589874873076013959717030779448453885592010731543994641852026107036205442897756533983081236757817105306017660675452784633159235225597992261279520855187982348927333305758568474845574180608022322603224703358180370519811977637721112830093512888756519170 59855653125455264256257294484418980672245533674685454920738305647703575236169418661984699533423166186207582924519506981516503229622517739107127450654879586706563738416999016922760149255746804953928159052248237231677181476799952043572927169187316731862607406145974056829153558913324625041912587543647396282269
1388718702535764226840110466116703569831398999077695735145317032876378384404281603102403702774315359985830094396033765087049713355785583295293723868437924838162964298437905922438664678108478124558626410458290695921520017353813547932640761254467664727040587183450152254357876092447301187544659119205019821388 49390780737180116847747094900555797259017468663526262065416796156071446962815383056745297812425209601277947401212254142029334339390717417311293897375677782328832045465156849708935779318925124934255763918081074246427551456402767969699319621146425022244417874195929856481195854378152061252330524444564002635483
20457996835687788582977713175197135925180962773033448164362074642955445178887483204529974174057295488743594977243766327023159811675971337816410351836813367169531556202240968289542182140749035571739378387477085441173276389889931822559980576957925643007523521330470758272410034547698129800721357943844692730049 75597626492686013320922951152729687113016646129048690579048968080281825167956871151632109791247702575145416607803888972401084601702156092432653377033140601470430742517711807637120555472466323674047335740943776656160303575497724860052806055132244001483498979080570185468333378386588183179356127144629361790193
11321838985390416418657109762094288423146669849928513942171231909066041463482340459719813407731170564241737213214618660097213015570336214516699418658254497706267076507478633508859696577667182265231701838613346161979997790987237625702153692652475352111066486722892797678040149355112030865372881932056016652799 43628832686567271286131092869009156803187975661276535775750594035458759795342507065501773415476218588647739521370173961149749289718937584709547938127620089100615850052844903249039966189093218516564599846339094805662699256200931952509526745993842645978410256792518365881895835745597719815984953930136275787761
18102612885890026897282344741416655421420810331439679165711617144911371872203370475763716211329066397889180061643836806602272355958098635217171363082028599412123430912867074396152860831765404702975270166417848019277477001485847610426169505897897487921968535476709428920139757472469698236439141482427712482605 39922455279769599150344461031600324108211523108021767923305606808425496015102111392730886008986868231496138322701727792648513499281309707233775067613682849298269068695171084423497303304010898938495809727107995730878899566420671027740258010077364028796250027092552817470724128454509822691494044874189861147237
35364501632500123891562541288882159289686771774661300967135241801439103521622943575865575391791429372574488435020340667113342552962607647838796579374554265148694639429447373226565722121165032177924843387265008394858193198160676569372042865681829318225157435305837837222833761298544210883499766339999828695012 53201051747547269994631391513739620598720166511774141451846028284762734712848430449366168856314861301554358887570550990287242892906988482226935482872223108916392620161594328361487405939183741723172507170512650964783460427501892251794992405483877600320275710173555122114733599987899319807280746060965375327009
31389831280124344940111964152998023391425850388207603364410462301968812320839906889404246415121583997584626763584843098811741908569544672637354260545253829068221845345363777465319271877901067033494478207735172243467436872519305860575648430944025523798790581052480755177251484836225855332177056763109582686377 48689490141193645240714817750398162169892011841455830085847855040457858163791058732598844524069492357120245181607561881922962520814524017636864972350336129016536059416473795456053634904251022871906914821074284614640222365453128493669469097030989567742840347049394260560931028623495226925159337210337558943021
35229118235252881717717033083911174114251590825143724672025684220283362265696723385135912640997128091239736384651340705983603879640979558832169173693586720659514465458910690790538719934250734051149530840000124151869846040505881629451210381405528493851681257884429731267188091974601911988719911700256115442781 55755769412183325548649488573194587718006624539626322711599587734926709055735930020733191417415901210401865321871984122553979963800079366419173822872132806179328230969389828924412103832175191584298045189290374945448738683093862833802431462387181527706613443032155930011909405676814003001198154108894775475433
14769383861471360441716584943205833268475004340659006708634921855663078513748579400120127791666685085325058599094395998244825122107850951280899262347337626270357823592865934278486104346542826745292125172159997617593031633236799770220088775449284720435118581875318964388131483496417039407505125662432459941101 56627193541085680626007383815775639010626673998353448481942835101506609914122990203214704262544928537046076873161569285617767547395962346050734128175282184391005775393974208688830673770747429987668003358824210767099494716332016977428183837367335225142339554615847271290657243792102439353928899807196074607611
68883106051585529312563739049531955605236403172758430756022990118770390082896644473098572190332777421030823818615860448773815186294738109191038717229884883234435068203391953342637943882849102845069393439179550754301241855436245110561895470328940479250283679978474964682115391963234015773283120613620774969926 84989310197797536155130491021389507651413703129909496642617900589919288754747620407538458904614901478724932050191964867633207798612457142038535445216279048389876693673341219169351490720422851558554732256838519557594930136137329440666385734240476877396809266735913905131491922089569920208399161070056904228933
58020548176178808644732880431698755164897452109220217831896219160681092377344268723120768665757241813076061862162745465890216233184632026285200824580035143745933248328902208039966825853176522186762384650841770850996160404922983773133764689310585676817920959417888109646778679539191021496236960274541794721623 60271912787037673903782936558172128609961188315576081269809812111906763457332194850346414314596104424152019754995644890981147335305985425553039692477577505121845059226362440513604561157544784195888152125790941699932505570316009122580844352788003208733956363178953385144201547430933853920423472955261308090339
27251855021816508263739152430535459141138821610843489076407326495927956635886835886655680788042882342849926263695340080118734660790902002411541183201526044817790002909771579776202844068672387288569579550257526711140981398917462981455207291176227824409176566057351506609249918307424355261412755402765650331127 54146061407931795967903258830360211140277222584361607826345021048925765267393733410597225313887925221671134415299692907215330077669087486981768639158782949133544000775589753147224023693811333407423231479840278400900589210595437959702079072409310765197172223947912818294516581534005221372733040928166198988579
14525091920047254909828183754460231461117936224343730339198299648960965287008975059470325679627175762626409682284928714521023977630558180281048933706291046702687233455331527543137019271216739196461120489617756453300739770762316588672217705863582628996608494043867130179124724312155556666535686322772176005638 54568846859280878088639685059642340598522150383601974954270422437894038995279061895283454250431978748086922215638368718816483401262435986425170108264608126115499884029688791539878487686957634584173083877810707656703766768873457317788903670520515642444721439170152284518195567418046745081522407340189577708399
33662394601961626245484159942640643914376963262606629881204979300062749283802326353817063817532327940744166994388138948098313594559584194755885437285369445403842984926279345942355803857373985849721099528312747087111967508499829444738352159468695284702180720581978347522820918765185999587161751120135859059569 59293869364623550766895897843611731516692459202999031191107901544201600462565232646847297569893590374793427804496365619563153311870369992716507930702865855008201346410039498743869271039591102878078272426445467938504605116214923241781513608104028115916847939222954393988122224257994280533439421193453433690597
18877015959453654066515315553191583593379131614337638325938084093056204180866305656801591845223114186261312072458295513234945245562886378094347901863862423371958316654828464608916061485081659467055613097971990295469627440614779309120984165970253303575603785612159284340421644443900189053287005859424552971868 21666836137830894771334114595157148625899332530361402942433885512940546129058289931427628671807061795500169337915931326467383300279919424329078216043376313619648875938225321349868428972037917265792426791207168422811591490013296714600268657224935556605751538188866977372212728553010052975943074911423279617157
29539829411245161601560850942909451874258890215107997608136598715450185479904902430498452226703058027158612118589699953750156742919557729454429144745161556033812757986558259073327555223828305299735597787059244957673728316040125664416761890366436058408074470415588712875622460076332179436199563894965613514644 41678192294575089056654859549588284644356341531568501668566405363180492159722737847634613448229655404579319066759926014133685285296013915755453443174211117304258264486964930708509547694663451418223292630069220848037069868947257086689508568146012333938089679085518772183294159262752583223192729703367403092993
24797900156702284069795588530113600406612135023452885357798209982545265840131725088419422733039791258654768484237387448909171499486287771598061596704089834861051009374197983940541470798286750953358921721196946048509851329061596963609315920443084933162711142683454156871671427272690862876189372159886259506851 64671292305248483736167854780708883706394114402332166976439385691494305573400526356168844161116224606774134074152978247797638941249941798317540032450361690653949353022071477614349924484469095248443685367012618578629477368766061959121598225003410807734820109784072943272381481837749334271301138251741473536887
15644641731624990476616101338544812125983692892646896563032730808847726811359664465829188490139187695486310230000124712029514076836196406949191185940405979222595667807744195195674285199994316607484466162225627221108918555589916333912405213821540571205851489508548067947173388098876654763295445446010607454698 36429871508742458814702252897875071592149274140436676676712341586792681296451110852433084119132621347429918940549312462873396780434523472836413599826008344368576193078417336967280029183211267046407795794376961146362823333222001742728954075814022576911411275615633795653284354376276629186662914818484186942287
34134040209662880874055840644218038484219249653034084970826261711796711169822283667310237665711430338913955018898058941463411754157562217465588036309550069537179100173818482727736909097468598656456195210256176081189351358974591320004682548984830058124258349881867481726995541084784579890983795137297489840414 37517348578767179721809979882151078953932470943568453879147924990041607913217487832175249067599177151353384896822821216204169238859073423344538240849536098410790817174765363745879235815760881437536962757455629233073667425086459600598776712566407320862087780606342333710774505092930348434298591515680422020543
5487422670459803539084175423881310215809177406163448765585019092317952726963891533243644285289149809644985652072320974681149209768083375305919851993796485101457498838289836697595947732018002094270806672616745719950587169116775004245168616210639053402172458630342707271861872810013075962892054432494908255543 64958034769638032846530359110715719850634017447611675039125713900569661427276282656540550490863774879819490488553353834743738701089420254025595330750731166636498057279123968527132491171984628786789587660889172535435229745594458272778267776878715212973591407201115075526644785865836457056335299973372143193917
67926351277503031671994727391800723346284550576178210311317172619146757052729382573561339260416382373914373864911490919721363645796610598192348210280868810187875153887480036178404137661178029319634276050988433612360678312625271502152459275877222514080326631832150077727888068649592742531147078141109469756634 68993133124708850172438783016543290705842405667581906567402064537555135484292625843657360467477553950037093095379462021503714195970401643935896756217028572388292562266428054754440466729307553337739878527207181564045388022006236340263637156930859302682166776527975885231874236009608879772049285229329257549599
71173425047976628332108496509427003822602710561374582349905347574883704108971883908416152575276693681765341374713043035762563058097001534480287806619408070764661556211897368427511066536234669251785769083567375223816826219209435394533919518737020621916388385300989796917901545049073711361480101640892547991844 87490141026611666769221759388143110220621668975645314859569684547465509591461018387807744839461379011511909171747744295483509194017976208813976909773025103369639917918823086050846027010336311865825172774615670429204709044322442289519031043626046184182363795038307055442899744520283821815147392971977223702221
4511797116113139547670360080254699705443514825759406698846607013807215396451033969833678755976648916021220274826672758539701879524656592224067829320396062980665978337350217406853852650302912053988725099357593480787285996365624890551412973770319260799797775810619580620412429502832284377964760652573324972418 29568900003010743928709052831115317806732075552292399665942858524157103235900367952401757821417728667450964275832799937921438000782669266882735267442516444133939839693276561041546437543406295597511296259315687377440939286352531539794513368522125644335833379951830010556552276686022932072482154688045402036371
63533841310596047847919343179739232015062643357849020080764096686494404829496164730703382977940667314991440296376269055837758705777302436632963903691405806510089252644512153458063557375906551018888211376463392782679633370644520701863842347196178388007876772939812278247243236848994134899356846492777462952719 74872988218876050800013003137734827164380944982448619433872730803241496114493470036039385719710655117899862659705822029701365333116648954359401309024188816257902807465078250552524898541976751946999714194537173347522099377423338817939550844605784669898848888128427263925440374523614877814810167909265027642789
31360230337682810140541638248837325883843822729009796635601882211669341579946165901240880865030556577318133357448464867229750826223274087403597571060168793383598720291561590930786997702988734323417505974288865188824194034045708745765133804866205766416479782078772064525817756961037670392967656950875318932887 58746172136304165903999889779456303492826699416324318712108012178473739568364453947561422451581957782748672376517686845708062293459414408535933355374885614858211121595895325283228708436917464616886056793735387762933599674972549639566244268784915360554537252426984643618060381787533052218731334858626323254441
33580768007371613335302035510467102073973364864720850356190126871611436059902031700503620786938624926624407480339733241081679435417737079045172412580865199463254045829520246378022243854471868016255563289674254151887742737068871109900086806520960628369351430234325208473094183912337100754554691002488759468894 87722737296433682708286660156574218250198988876188095912472569736266442366799751037214985039438935643698678910573110604445280163243287655282277337440646030102703607131466671658757001757173562392568688845736722719116927312890150373858470306729492093858083592847597671381331464275695085762787355764528197830579
8987170045367294767929221804041657056829270755192099707177966675811242865402957981755820647731218370800438449677094781794867512174897068239299901902630903133583016519377322008487931865341137107595042641956510117149170980546890509297790544177272771749114648856123710813186444107468267199857044316934949022707 31359439558246653265562240759423321190771059965291434317541522066754331166523762109407514463629775128047969401837579777698378062373457011155771951385827588448327301160673938680674724342375158243939892356328665668095811225762753879701733899313703848142529733163430191072293664710416988879442121084837311058043
45972479413586771391745899245958954951666375966411628223083343735069095584675053982416312173160382775952043003823877331199581286556923924359623204970507121115931118338051842620787812284107176990442673715453800531960888092705701692248507434142100488803937228473066073119376600497523638573911151980242387173592 61858977750634516666975447272032907105675902650058615795019254140830175263787725360894682574779378427173082367611875980773647610890373549285866835374507345099188756147203744408124957775482228649442239857181526090674394593999658924423140915320930669244824703221091196423863128585306246980524102816656071014897
48017211003784210204528541527139372644960938929720579641126838738812516069827735696848687443483698028638262998805306351590036966328292823534258864576496838596795818307688549653247250047180954295854211881303050717001601214242177501626158399412720700469518077678822920482575975948994658899304500575405940998362 50468649338308585473026100506884940034450827198415017739076727402209653170901855279861119943457119941345696149239114040239356489619948460642185234902295311207854073258084654384766652488554359552917897420015406124566364654811430783449098052079210816666197059143051939955601946028960714322787393372172047473421
34231478763914490839575566174826778459577163233770434237617049077057262214315363369898352925260339520639833827924946564322565388000154419569650730328567278051072137383107314993168506707453508468564165687321687541228247431989404932575931378211296699553665901296313111633986318513424033329158850363737614302552 70833550134978011166159111302030379947534348889337408736018709531356045346884375840394603166386325415262007585644948109179541689941316303858220010767220652391944899704800077454693872759630738729139286886606405787580625454248231647017224307269416339266711972208040988599694518772691258617842044493868236031811
46157489946012910403667118451980803990190758567417270265665153106361503353011727886397363431887140037557267860684809810001102957197984458497714975772525785125776429801479561563635740524434242887548345379948561634636710365204372181094649551785289176072223511724523996540785580976773572543998644229819240114659 56546943946951868502112861436331320624803490283131799716813912763902337842650148997911184922682738163107697016786481573073889517608652936495114882527203070429752608819982483479352682528465935872117050876915287210188646667110336885799812775080354118187512701558449811722378616366580727122974935933357898044543
33941063149008915024557421977906128530222445836607892626847615096208163588036576442815554122055847193680306050524935966797275183555754586486046596673299784186483828952103671471039839724730514803561308080644245142972664390011676311311208793626825030800116271993053220505466432863218768381447492236490499848298 63185770558734901267046151748215906649938983452534792516763777558286977181505593391927504080591719265538752885433666045430612296670551766459549246915620857564935497424783346465851152659921678170631197748114742499614158694991172068694549237067863784704251795197017426791783164443174366156053001653024307099851
5948382605595678146540745712497708798048884955063832344969963128341426016310907050821063459318170678182086220281012563951405904708598127338546155720126038216668856881445759651536645383422409243035228498222695747446570914433270251383405917758987669294888169232024459435630486624102954176256289974308473057192 62136759185746732970309518098533686373852988072161612224222793364197790676804432576337094447742098367452878297484762374398908002557942504922385477998136984725256466011364723033657529804606252907559150317452463733232627081685904471075069637500858103906746670207959137600071490508218146963753421002448708940097
8507177051350927447595063888797511381223602529371188024522792583450482853395529870056540789654850685059827707146757790511281483060363698552800281143677204535387685801317574279977122567721154403059138914297951588419091216053064572284860356276491274091395214002240409758520440104940051029875959464653716697406 30176395964486238282514360912020229848555136344732847701235444611803125296211060999640014400473629705067045866497442470046198799202125453459307888945099793893079355553380002636789667635582391329004628402760772645738908217702275192329144284436318468736359469937211911311143556377151786939360814893428045885479
2629475197698087658820675519539450417411804077747076207238766142086713339443499415091112298493318871844873536964252349931553740581441584971163351061541645482664971486315331431247506667611419629725094570631247439193120353731896035949737361524149269002118435990439711121136997862773640862871585360178995031072 96183702470610897495744789333690476916948859791693017838431279219922225761427796102445482598820851153181775471304106803392428020886726933992644441788080907527130512455963130596714381747341863131097223929633345265861337257196415266949859333443252531477954426112746372823807309203674286320629614818187523566861
37885388946366933275361493122661883879247179048166740698937884401864737829015366405492997022653920322160611043965165427261687901633840853841074412861881085618432898063055037774407382407510606501065576674618738050840385789147598095233520925906741333791450219555380157639562410921461276187768877032954264409981 51639617451716216021317283729960283009113223759583950006355441880004271483944700164050168914362862377098285149867927890009362724108772976567232804057185458790535866667261421704245335363467296115701225110255110720321305579338587091777347863505684710709404541041809671875179101629184318053506800016833609370607
98199172508804399080075237411039875036597535380314070157529832261848155132674137082165336250877346611227284890208440586588290099005533513297896227169049578068353866418330507781094161843528324779001786747907954811692069309324730872541944655308339276664561053345370910141014048307799155921295437093920759161208 117862953148514820880575848171434066410258095492449621836921018643053556481044585893298116307302811635662530276471286617824951901570335949814145493863132394881508633038359673553966349137336998887825089427355982508510707149057652090014101711429252130403914994060848542302469988084157429918178901242834389985323
22958518018064889953544870537803738975509377921862560249757740313258327489132526666463245687676972718341633937982741644489882361488444383043403478705245818641459353284325862038576866980902923490093708044724418039460558166959508902586753976147335354039497226689160266972403987114697127920676769678053311074093 62990715283395309940039342891682979388650689624310286993469252335988832849628118084679984080037602055088257604488950457658391143001671561020816847599075000731991846483727692475509058996990839823194802420355939797993026969534203920912355841306931261955836021847752020133167757808495891933611597388614440109351
19054104947879260727581283882309502815686884518894225369275141880270700684618938426701064730547225250287705840239357648191052766555325580824201746287726746292359861796473005922186376719730071260959384327458629489923955235831454374984367640576236164838121606327881106919334575289104331233200686099532442398978 87274558286266494054432051173067538874395821303984111163956907900506493009051926647362401413079414463627781958806683703799117004061206036559368722399380180806105084758859190161635164590939115755289132358763377898587964172171622852016403354361117161400599536609701988133381454642551887993244982352106272386479
59170416544917730525755684272635631291941910901725701949514954858920633090500723394603874052180283065052240534362880015622838132245255096945936363582265377265263714265181257064799958425944752878296817292218060317045262986125624007763199296725409321220564878619591880411656486810315032371857262175318846679633 109915192890767114791913416602215759799744107141469052226777348839276177759387583643485289834228480314560247396319097064306132095463152422835059465862239543252606623060787753875367741171502861521803828216210359000726297523601556423235589746118874072171455104301516610005341156000094274607175675750271459655387
4102710648359518189632892116869637038313191802217844159582830328493252675789773940770853139532157583424658873754266301809185933649403606562258749519852854727160980166547260447085678072842014061622354177098280715327515045541202950720376962435378391810272521076305742893222678368766879074405009489463570358418 44638865228369785877930738197697623489423212622986742705021026066507156298352872724018175964476321599169724376244912779324401893868462975580795239076828880050373267331858379045405182303594275335331088256744447046968149354882588209265906426064518629022422226885976686285650743326511858185023359259913712528173
12536939300059181945810065606188496437865051541124896279614481500447138849240770567541151509068766910829460721761254167589489366287712880854786896652784817657764329145683028142712255683901797415436771509319618946482642652634047290698672728846280859274203115035882935147130396862381456586519801963809829370974 40821495802125943839767473419545414382081528222728708145023092686493750707386531217533482918161332352101937591906501112612957644854266039816801540000936584824179629163011346615842837426013418913876786370254615874070052488966841390274269652427516281779518182478739415736981994659512693055894516688521936667421
28015897933135190496652541165260846774106235092057841747013096971503838505709986862771533170678060689907049889388640925461973010656048833578835310063570060236214750127540333423676993292343462897286556277192818983211330202338205406202201056481300061536725011332647938805342240329287622478746233774000223915222 85512316767429883576391485760426133356297857518296928136508125248669929867591531594371878609216022387044124602761827364172261912096028886438006609828101956157242065811299048708837934145378996384481924031165809334033409243028548244964660652695441197182065125366901124494976856217146911402010550176124921840521
16685161287692960640291158467649145487844650802833729733360239833253898732988831943637778954034855462131312755018600554831363537979730968604967258513176056042346425941586247029059200055370198360306885981790986352964594470055698263495557799107189832441523952784167282702051751430707484364057517971951779222965 29934863771995211337476914817869034497889269005149807145026580158775480278449958270609905419001803311962328016795869718479268798625005995291853303100363532527366523688337565679123380976570482061039966666206825442778906260083141944859710709249351869773910339064312548029187383636716752546527931959206506831661
6258193464875515700108761088790797114180449175910123600493968649768393352707185357652235573539128203835101886111083860223712760474255641877055968684619478930590928472356352477409454602075172515944790256311786208784196457979853068797180032464776562656899026006800896372442050522595097326305764049100501874472 39272674654015371411740789778729453156094732384551635758710973744153662362216587508803402624143688127023135747519189472977317747489276063711664655979045042260915311220006953780684281128643319128821047587641361007251211052974273017471906944727292480532112353376810359465523197189893018711664976113752772789159
29590377504885983560829595072707170451497619744551616290240639718797789545902598394082981643310093399506826297181659703871846260172430217587446047202186833169509314761409724384390986635231747031302199895058084808783727554149471029035292713827304433100380568843997403017832337242411650842594506061721838607827 71100485156104061920533829488773288376748030818842832220582803739142319632882556836240274618260474300261752270394935022133072708495091513700701349056434506296786545928896287758241580757737436911643312667256405518243562177981740602943066854990966826260100849046845944882595184562615699869658925658890028757229
6060282128398220068473267764193336757228209832160426764802683153907038267625428190943315230537575445076032021962671046847001582309992835096486718607236775728008068325733803963019892016778386722367318882352419115434049261949948468213028984863753678334026942296591011102959094257600381206270093056767366835663 39917947234001005836929881612805625645703079538670815635525495499135169924969706500916869427361859873108479249432934756565766108633643801271458394104222604858843328517606624585115094009970259935685715379126888754325138968719363967363344158419382807529717823428608240818230587538711398294724332900294176184103
28067752302030900925334034959085561957349128220002688550885821815727514505775319948999955900029677864611793313322272275934987256738905162590092999106221009691030786308738421168078326784553424653525556465509872172367675749027064953067491874393315532245414892508200554068339904244459662772241330485870253068016 65882707159369555757695336520723986215699184843955338269188502894873627587239035127437442002363488497409917621632327189698900696292909257710065739517424650499892850190121131100539709584810797897216403849884734665534807284739388594929977174833693829834283889801367162620014165304662701179189256113028414433763
10478676014368654507992177194451405295174263656876013982016265103305787524704530931182744948917409331484328549780806988143725696111821192133748816381708885739257804529183932943627740022820187793575779114442458089110770916351077868430781901921295467481123790515263619143719054718646476947490936609109547393471 37332776874467329327281746545935482436512739340458074765021515789386010461658071497575352411579210694528443767069760443349316093221415257761190765630478755791780565300760820185028132938258777452429337089136121232797801896895547596923337396394678078746996690768302164318051899767283392596343794997557172786349
52293573447556709391946023729861285285237841483025935373255625278295130427544516365780214362937090316236936877591368742409096404972606358691358089272710092239494602253042906013941982948664435250894128351528787703214491774893538751949090519929134864375197963039428484882030451460004694166797890084453229179490 99753625405853878435082657894978826784466865430725551710906360033068915872666669068227680950979519494711386898952256993775059309255920597374435519354565156223089673639493730972687920310402061701684908643805562297728284375943649414294143049779929745611867835302336394690685453416507824194787257229519774805383
7845650124952554095467994030816588686549225494009023285490395065189217118120297333898379737590708954462504467673817211063489291984856412646093278773308618082046753521198963185611015380239304939018791516935569005293782526371891077274547035626913293365503711801562050604552635165691130606496631229102311347533 30826321315816847558034866997484973982879917455543487065966155338403942852155693060191777845947492762460038819484654290706639290176941024920372352809577311689742672725143164939326870569066219544003395333807906098431615783240801031265211734409863264206162374714511279486935419428371886158027324737338598058189
6151258274947322757796408712347307621524606987496599646819477292533707311698279105595995416275584465153353427025850805785913672355690676666460908296345748007664440721626226313919336038365890677013825153722641147843394583086125794699647901851189444643450679728209675752715695061403077809497689659865984961045 31806310717244490411540037034843179721179954380714976751683360096691976528606776850638198847713327086554359848810295992928630370520302984203340691172664751996398578181804689410811925570934312188112161532887882394847379897977192951068446978796657684263238935832939972730010342541503550118060521231844369393051
23656821491680783148005814885420242688604789247416853985768480289830179015414151545783650698722244343027428363210654435876267659682022451068656443196213564033614257376966355694618874607612125724876666000218193267945202931304410073357618670591047359244980629387663391759567146189421542327233072991821065886989 77544605141948922000585737625154807393537540678871388696476706746081152951162529249939090319601362299376513904191909861722455533233078117798290786672439558743936821101733752593479599983556615389604429420413344910465930004301622319086620953813748065919057655712896468971976086713767877166844190039707691267683
33946401692381245500517830914497951089467676812783286164402050235943497340656923062559963309642041528030868415224594936901169355852402282952532232291007491573099224994365250786157228031153891369591743872426683958166546461154917601393646665890627358700363869522613367048777812046148946653840066626394016008380 39352173700940188072151758303812915110549005083520395169723885528009913632022154445837219184890096693788584369700032760879071542032121005186881825196808106736174801637121592430059717694221900024681610340604056082071274641199854414397627310986906797516031102513580384179107221691598192734158872717278035664131
5928586928953053231592797176650715367088475377532403230924000377776661012118174996909529161727965186382079825702383309995585728825551379392902847906086297931303156840971144818986265387124048555493162513515905578462009572474111860891701296679579982433815911367224773831347315162236822718569875709133320788575 106303755554957425740023380339155896163033950385894369031605558891804438024938938616716787860359604271263116367588360896034876407050016822660090301223421626565153125424515876581219663603992532036713258487754340687372434296540419269444907107999963962407582591299472567370938962123790128405697748533837054702187
61940860366277989175406891940651670864336216248730156024694102267601237809719725500704732398293511225927175139770114322855148722877516221531512842784418678583608302720961509040272884500802279969385376249171916260640720394788592780688120023902849922170284628073228607139177857762365234408819385405945613648595 98887476561311259942822101394230813889089474758743016644100467762902082023020059385404689633358479679896592931637648867226362281673498195058000781357493338763948991915408515645887776243030099477402562156582585768107873489003396491142675882522222043271198143256789618259658031357738266415886634218353921659453
2152003246919733462650183156200290342999961106578641106504079314094088455685170785242498572917665506423429835044661417085491949901016486251316819525294998335638889556542638927774048235347623778910825538916159133786781691062424789356094874811056269547688165944207003241706740018389861143404135633745179782642 65513326846529506354644441092594440664160894580145781201659472854375912596925480051597934472520737582170715480017393855483747423280571400472782083059884938063154476023506111731891648724700419772527523132061038081852956237464481815090543345684005642911921435569266606640485384001876637500121146243538117579601
17468086733035799573276922559075426913222516320277586783252817764962274601763281731839587378714347907185489470073369971763288125628779656146109532484740648864916087795531328670556248406062081241563226405263767518688554014990701039305437647374528008964112393856466138978549230303136039321228201323686806511612 56397856086226271160183857064332227114886760612783268919243692142630610423423828565399945318613341057538007294543323364351953433941931544885751713959097085653365628088042565834277337187348569981720037594817623028075191393246640952847032045907996708283716550798827637364484447748553975373014135101815103626319
769532992300448320027721328714996279165074261265524183496738868812341305283629245932365137707749037498335628267418563890400834733497438528290601692033532606787271605766174753183827828977785997849676153556278173462493394285354646885056936273495611980269040751761586141886406532061362503565593558000643487502 58847313984626132496199729531085625013954225801373127593638088856782461421590796275654795851030125547057092480317530642324846074830884846354557988022577148371404081502577507821637937654764428371575214785345787042426827177530708109926740958892329513892685215476049227104948816653742228461418907061944634800917
54499237050282263866856134926177671746094735525960736992705019800877106378280857099410889937953749345104313932942829870970574595099313928280314109676829241527679567022724765180739291314733701559792975796434526624427326817291724461847368336720858173405760514361833274460216281623293259959010373006969526500937 70159957257764070316415883777548506542027912401033776420982490606048198021492428646876979512687732708301449913465631914116456942781537162507355027247023624671861962689346001562827360407821469075619964259027790225084999711151907916740445730840231531659842455617525262309082744972618584540395833007531191179909
21797791029259599032916989628936528687152784696767095748119622034504202001927961526441344705111073976928380959696264380022552747870951640974130285118952309915221229568444846848193054918514934768218183537918357153750092444388309444687864608686644636835978786343797690403753410403456412102816277510839454583593 22065023824739978633816685724446035301276762348025975392039967963982063375766650225860827168998187276651837469375882673750915330767480227178801955178738400311068199456239028982147444619836982058925824174916060661460301530139361117816313780531542857755220238206615429787739498850847662105849442704070016082493
3518984014990429857555956720775061532352787407781129633914993729739503861607434765081663993458894196368467126631108759719929255628482615751783879374917424828974953645457403444115969364800706615792811360044853188615205595660979535738434736606739465952812928197646085858929480017514871813428594130197317873771 36100984067173146480270235194244550379867243338399650414586204038761276684211107655942458077599898609583135302849093757465307630834495743166950285657439910715175084525091190511600228060201965760676745201598055840474856273404235233014897074111387673630925485310920601160918605652558912169096620950735585258953
8592573662986345916289058529290558234103735348167843008851852217703719587102628855359091143760774845713894611122226677033020623387243301205637927231142118389216975529805093271523800076769259405938924093194133096998444860559140819556397852127098732569912460921712149680226311142967452856026097241644543467944 58872150359911732448682420659983056125222905892657292963835382965201941468435047743479670251765362398248526255211434626146893508980836025493119295961323179458125201320595254798531003291279987294809483100595380797741905150714047906108902915695393347691651122299540923819610701374051040664013291982439654942431
11680765123550299278693868009138601030960304500924378797745980480138942804290953598707993031954901916477359641335525056843854789958407366997908768174802379837596282077255191878681219672408494396470874969758644555759828201428700054616567302190208964536254563123733040824374932781000796383959649200521701761372 31118961680871357913346499296398871319623190814274929960922998251160682297128951943942641113622258160573292524523961872931859968174536114528851601254165595115962323186018439895781085455987536396132889851628904889657463405870704249933499263644720961643560316443780180940782158382953065811931972325828660439007
1515725410053022221707556811534178310072178608387238646065754003193985862151884544292946733860729912178872293315014166497752090679817977609459987512605014769521787186734612466968484051594006480667189857978474644313603888285096478036708472802771306200169882355361423475145558810978958023273311159803168885996 88210598361117400479048053470474358429687905830933322391695500144857246214358362720250382080487158313373245667478490286489842291404471918106552761575099075276066604271952413833961907455231396782462591857408447954730882861394516642147810396820677343761294958261658449607671611200940449804192400098321173641099
19915698594621854710507404072464969968980832419078187556120210032327417944363592056772148647470821243455277177356266005975900038237809911118029257771047227986674362817577431862834595692345101574402866273769634819035217594084856812334205829031767828622584614745713653183269883158222805113038843871607336988303 62669284562329385733416430488266352801454069815005533181817960793333544436290831461171122969397853990691379749818101109475383340552340836818288755383055703200085892875435013946619200600424002297008983632533438385441828899139838329256465475702606336370669882832899696914175256198639302133622548427609340134489
36815566322364050590005459609964322601982955856992518733110802824250145235254874874131075757157478194049940494671607646929326831862380308281233205425061394848010722291514544045776442867962410403860444390407444797305317128512379268783747857038617604830541286997598973144979060443759221577705125605572229296398 64625526395739598472358438169373317165315634308153102972428810678969603288827704447593413388073624432080812985336304243926913494517055665496714985355760310068484787022449537445308863177706794930594932702949322515751800723146264526977934056994906744607388208168187284066012559806425755328912500582651087080041
41044697511944954009290257469435210751565091370414239895685976113470270573390698067205649652821487183522393101103105786532716819099527564157910168039760821208351565116189552914212818950972472375133751589143180280729294793163114516905038117123234430334229363519034156904332513958875314825653694877115622302507 67297916974969705814213679269880106102810639281871128373874841181576273580066290253088101630020089359007513467603536094432429055913008602808758800815425711556823686381951177918967274578853039042000186258125112180959839924756494171214065177502786618112064405384928595139040428281939132407937331386565171907527
18624758142695103787286768204032738519779814321708942731513384630988543514818000229237620044741231895711720630224444481795732583278761774188128898575475613362740305520640553132295139213453178192578884362289067429534572221724535996338774887322887015849027809612801249942161659210126717642737678367720263680802 70304197489081832362227923522157401221902190855599879865894644350102334043946406603735074922382807791016262722423973017562080417106921812133159957230207353771486828256298995299873956576042306288574434557460170593569390918490733308952819139101092655429948341633635256242707496775334738826280772296806093956447
37447811452469069141608275492059207989131891012970102758783243200373791551728661202176438012077726837798520921047033438594159522854820466161017109464634271375876744375154862432209083098283796477450917291220394243908782516382830255375191280848503772142699029383734931968816804740336222463532905152021250231711 72423419269425849987857795192874933136865711200061346917062108612479004738862888592561499278120349202476917852249398805541396945832519338490375820521762013353141824500870641223024983947948267062047484452588649300946236920986974340815480830442969984052918654770382393286861860851349228126546312092436014676229
4257647121087517102250674893402708266748563572793196717564920535604513483221857410594687508693619471165275706171579747395832426136509058853595646146621001627737175325003532241352184674145464104751105427664100218457924273749228614151490474293222507706988607656991430203514298758374773441417188645638470789937 41155151790627761770612551678147415074491104149178299450262220996374119752471815324885853902442446775420843578352557702209152497155635545228926433862236615806343123555696284481409250077524213992518863940644328021217537900514236937151805518982290198770907024166028088088544024754188130373324492121006583706233
46927759141824789316927307899953916606059581726832216304267887128862085114229398795175214634494832207997016931751401387572011977734606719181941265116358932663711058612035692540368183585861001633751311920403591618762515644585259430653076420966901461099482928824491185585980270573737834076474903262104523410693 123782123840498821434092213927347739154195834792754058500826989064253786878239080449114806737447169868992002044477779258909664818870578119542830834813209842149453910059987228921815532067460387457917262871225903129066163559942244444431602346949066537370055843757279319678488862431072484578273649057137722545383
39594137795598171508180556853099965883299472549201950722190457341934404328897264540010703616127508188184083612954697061641817477558017112571220949642553284269617821614785206558963346775274144348064839410653428119684048780855038017602044123137560121263235724758635093658740135666497239721004726318624219851942 52345374748099552234584183294711783571578278257494083800929746289385217606170098050792258963086947484779496827056863872265634813791585925723289518759394425703535563401846220423960451409380420815809844632795055304240653995608268607221734505508272031310955459445491721535911141602435648293224238168390326883997
73343860890269668523990766750420051176189573797522592811130974543972846708257360581689280706343768422251898113554195432474755020966188653319483027479434209631797460407708603540582465054436091700783338395438466354976696393663310777228276000051678245276187018459801104245764635763156723445868179007149558171582 82969498184025245123179325379586685111290081612621926748686768400773144692885374726511973856487748976086962092324154205596549395837553691739774796964163721602072010711347471658310648057710732009865623911763275817016760716846265070291612674766578999918889783930648195206157619355339495785062857514929311294803
35042820480620813985644987596212457664795464885716846757422645831701662912480968103540537546769320795918607335601951273236167776393095190660046012730918503662189433895464718147237582452435607708476258722401068890886591136742781960234782424991307846216517161139056626813898049234541409061952378561389491019960 42088093058746272245022963307096085477109616305785282128391516686067925769417360020778437997145656182234731104311288075617211951964913327360894861621007852414222356383010549894636220348781689702229527627859857730350354498199571169901378774188529327465461036051523061001204173977674876344864401652454209857787
33275673877682431201686107125133397465388299382000102532171430372822740129312888157145101418530290789324414858121711889907671278200541567430442203636213435229775050003892725370902532974011051416604072269928601749868519966148561176042404776898233101696630059865138255807272844981371332594475238608888588611666 40451489147305262724732859547293329631981444585372694541676528673251958444181689954183810819180503667496820150745246325987074849015773679959745317571873455950737488963599430796966209361118809588031055537692620201860618316114812982175403515717388927491777695215741706190013142478586247936151820651238924590849
13956311112196745753830713349062301034544696693329587341087615176908586360002615428393710901494015739483036370520637557071745502877106759103798940400896300949809797389196815234143858588141387749314051236745786622487742603612500366003542147978199658489667813330151686134645570122930383003604962383617790866961 70434342514023260154416389743466692009107738366608306026423349525354259962098898805480871850171181441876315307065912517585393311178335693114607438314857994674849851365212134444547691419143315535217659240041637070296845336079637560194624700796661048636192538391765351627223540934607730921085182939289617672061
3090591505718737914594578436325412957491529170011558129185471516720887221763700416032978942088381801026481065730011547782152723447234284877155438652859166142555251492480914904505651841393388610115830366342643380565169871080570085677023045079691805420242857450847330000686649965535628536059889733413291741817 83067739091382636571219973593637160608151245115375126967280936306352616612463828507093041562091115732478564430483307611948433289441965229195037101881217060866634470586750528627456336140299064160945396680419689835636182000483180534004915812980938593439792589058455828386506642080845184558693677231659293656641
9923988703997269445583012414119219612955977944392703750666497031758336398397862868673383301740168591493900431968889262164325506308659289823521041235441670284856969260671840842982984403907367376148752375056234881796489024298617406116177680506997432378488618177291844880417174283374482928043510312176612080811 40266739238708002114255171544960341459881217274411196732484157137740026513275543847349329736879135121966648730110146154280129083674204865148852876975003025053804379500591919227373338763447436291617788796733141413504654240005884059111180943321392360399852141043538121358278379860205681709143270489258040348903
8609230698793161819152683715888315400591141685965814320595667642710711689732632855465183669334456747760120538788645474900259729893794562664857311438641830668273782547254719531602731545726585085446713379732815540111703166822054831066868055332675834441196607045967021090255994092369111799705043654484504875338 71656342903941297337832377191819160230761264414199707569352614386591301319738225543665288613110932052899638541981413048240799588410737611404372858583694132608620814904860396290312893230482514952344715812537816605040827836047027011237470560089058608718728040116796446971475780180508052720661829960171247965863
32869249591390569123476106190704932730276916069400382978618963755194642503245302597758529657678747909012981691233429030446146040761432901563527172267056914509428917901876016897989146401260205924488000573572370675449076660619440092862840886791506608813565846281550594702106137268691187916251088270246723684966 70210197197301523819471866866109896316031320662648239746393182995941254628343623502691909089386188588423805286269336422501011830746904550755352548473685346458689195521846426173604314437676021889752925834646567657368933241640123934280302460798691798715652147672315926424764825171976606084386880619236223876187
33274248406491785311346461045788690469460497440036576132080654787040879315046689674042730062669916841511137850870664083479698307679363110967064090839344446930492401943027772854855164837516614475105862975026918978058746910105859945929305635299198452246977950562239276232030509604544357280993286432920470815383 76434631303565738474809815805750813158727794125877109210386190926300574927872721041225060939259543182147792144948926876965437607111905068719285671395728309365125949598979111025000416345561413435608004752151201208127281689247957091854591139052158984568132693775003250048566787338743858037097360739639402716853
20538125200530675589871658841491915331658262536241981400771758336836888461427047101485145257815133998373314912082555171262647635389672552337604109479665461504714159959086168478468633205816848948740843551305033695615488315601964755793610844708572531505087098359955112900009909346677969570608617894904858672264 45802320234280676891214840587946192904172864739050395201425124529972631936354727115879053936983508915900973621088916023539567616072723262802523330788771000042400709437405041886024472769693588129084252322031471620347156948610255898725942247237540145251617160387508033494082001368220301456821889190616089095843
78476730331589777229018349254507441591156587811544565474036791506486481921299776479332978071602120061137325362516464507783850891374037581403554907862724269767626221475049456102245991563945282239470462611155454168195273905087215976091047482318058999017798110877756280895514549772473012484596921029122503988253 80304721095293602617972314887551032180195617441836071343116910401224466469490801664922576485451425193014011913622635939366422145026499501926975158333423502934943619508598838060744612190465012583917351013017914136540866755165231095731766524169016554978317043461622549504390137707189074762375582148992845530341
21753240525716000693803827006962486261578155857755728290720412682406989785141989717144216510767027775244110482411788097621036375552060426628382757402697339048668542727124422976079251459363913457305637770124291392860523260803684735638440485837856672703342698186949926546314953910501923548518885351004305795567 33577792676207765160308291450736507011015871463546405988464340841823337116999789558955126686920603341219042026535454189339705669762797491555458872507477134155974248191227495977541540365443124428786842255516059069411056537664802761765271008249628589422693296036788715574696464496905845847895695877206100140201
24163814407862481210126212059414926546106430149550705523867084950541209367777787529354870112126268248113468180919845347998497146037021142367309009948524086368281376937894025314968013859768635732225506824777201018871100776925548434621719677878233511343396570804666199935884859545250074900738958471917947914449 126245788189434295478823260413491389446413754170511996667116608289159996022150468889826808084634748726873040945021141562244941955257060227691356996882713163043159609090222809646846757717027879245260853586529855982117304472748992340255341597836945177141109398886420252286677436213534422405927653815695051971931
42220794659197272767757487815593946263550484118300571091576861988167438193727417653280954419436453529537177348403452467501328170857515412940654707521753716541400883154187740176552934192780032312117397036499286050350208239911946599991059739771131368692931528548396777071143126841858398481417132138425163646415 80737338201608732377059700268728669708303757505678597893697547243919036166735068064307106166750935157982773708140376708136894856227239487987063552460027399018553478151450341191674162576625023266693015798164573024244896277568037391080319341414175256434601875133371704552349332771462857186710758007138097398727
12351861600528556293850843302460573956039435736882509362996259414370193723394962963310284627478727833231421517549887548856683333872197165582969728374390427125182262321686630330483146020921156425823976628049385638326568862290151062870839057764793003705135077767831179199055126177502622388701021334971693840979 39578829048753133701119231564321678433166138537979542168314191548105283576735497279499498059236825746906515911755415853736709196730924473838532563575976627621675175306470419132921763211439003220119157842195979480097356548646070828414288433970619677462720278207174926579550692887725515210717182872449704146189
26846430692283975429624277541528765743291448193909109175673770227410688589022394444150395395317136410551070141921835753204371141250063966721176542247359383535294029192307656616161344733020944563189208869111178701646322910721224274154810478905527819838590788390991439317379269001510076880837000746701632227442 48731792681513710464908539729282530547905563331652790338644265061220857694918486801319861952432189578317915628287295119757348778026432694661349329528401437158208928299552702637468063699409555778369877216719557539210262773593724168673373935083861486362360130674968759517483071965463049767266693161032216341771
8230602148895616332920212441261695911314823256514165210697169814143879613836826588373395243362626267878773490933962772982922834155721165391355762878056945731052922340538062177492397702220186066970313822690896666551028652274138020989507858924293798750721007736127638636402168216277420059481889074915642844526 53005017139224307861545001830637668518149989416148939243866352438807873541586386341503536964984426898472165619944908834998489639274143996227633994029168938178409445327123253048438535179639107666943733318466824566515427573208717827946095514784402697078308545115305370901395503086047636017491587880070069256077
57567394426492024876907292854475486790823013441133399370882241888927214608804400382715847758033911222125205270626615810979857620788378059919578062354502023507329972091208102647781673499120588361050411014030772519082848624898985717792534365108482192518593530721126520132931952360172810754353972377135491149678 60827670963450174423248608254850620907525609588287083517011332845949568380349421652522582962106604596875601977993588955866045658141477681586315531148611695631021835018982498286307576200894951149199233140453172994838483870527945323643537114340307102208817727415857646914044567411748995735995504571182762698393
19973185127738923195503671698933125221029839142643952499370253307934067613723142333765190313209755135983968909215536076152212837983695488212602099587564446083859856730580785822760184741589815148686289688034986681576032789042267074702588258627772990236839846410672470018892730081647309938070121687899570767288 38767834419151937363793303014421492816612723905386996553352543528453993273191431688825012159715808655892171927443808854030264369607640600606384855925361940941162638217965573509880236225900570655550903604906209329126686239213647313517897473854290534287717503434165476831859567330597903949809115332052611437863
44165803251758275223728319456398718286276127349593861586277267718752631249398803767021271063640676614550790513921296466587616942359616485838769006209908275190753896300312156153144411397430551052146629487026642385794182098287652890662647043335562545332236834091170005231686963334149400963169306120674927320386 68671531527837988828438189902462017889933009610219838691214664752683135510767692011058937032749071171885750121402046094772735767131643586629919825309980661101255287467171908269022288901163750413065797819063152239726044880602549121440531915806442410799564151378998407554467921736577632576384251779407189069107
17433084131815922488211846553925999787451384283264705942528971871108219696916191736631163905870535589583437867333071617372773684451439815266228435067598055459324878583890132937762666304356750731252577369680803959682553676043298510945873516423239909783323377894986719326992964675998270956403035924344321484766 34492234251961970124323214349547819485020066112914574840582424874454734565957789383016747388309071497762061194528645006677225274713300533324467518598002643598758328813907927223818544624032339001799021380127857872938083575686679027608666855046727517977560372481856978188222083700402971701834113139417636277639
35236302538057005156945191484946113424772822818224480882468631348257766278884600500630731150490164357784234229559089338227631698362698777937486898408689516409073446725533593810057284313487784251966505092705219772308792043924558220291597406225039335707921562775177326954453355009723245366508287708826839292193 41192326460055368549912545857319695021753148202701064396203843587461248753735475843752510524370102891730355979291822612855762861975937349916912679128325238818826987213913239120564036897057086076197959831562579665393988806540222511541817841914119446226423745762966895276298648991269523983114380726970263185003
2814915679859798337144830393836601243582628381863971310443478655764281210791507718856564883738659918101903486543822226353546378168394335918686448299129021736509619652184487066851776742139966446731881683583060964359634784490868303383711947229688107911375301317443102205171293871592300843491475284761200949251 39096816882129036155727441683752731705753013946529286816207176772936604052300065859146962885276003572706841033594927734783248840342970334517420001792268177055646640253367189473588674900662857535477827252982817153892890368896600124191594965628277235452570555798961398527290149351152411690968146172784537533081
29625957164686051011215898310031016243288155497332500436295042276631946394070858924310362816177544148496279885358758291311762270585922002471983273531457501751394682329282494879346300049973069470299858403833146983469369907836301458057689282391590470806159953067938349027255630132407336395139523345790115666350 33839933480566842187867154838773526584678937921823810410296618846412539086432515146132000041931069719908911869274668132474317632998248615187958436522219314670793576623770962988924578826743982187504176904022160912724924412353950382276000767188533660562659495574825296787117712857142341073387776709442136444627
2683947108582942417319382300386031732800840666266679236836034744686466919174793607087607274016006755662546534585791670036552303459781036017067711199860054538641766213044991475704478109089272413935422905255341590461006577660452540864222707815941065735713875530357639671230958717697371725934070876289043123853 35496986808793561983882138444753340612486856337301756949203277635536529748583928031092001483306208301870237045512872731593206075398099278398666109251189993532661439862009925004790204092686941561268593110492291646543037496996346054939936425771303110918082800045677896832108635431305698379687228862436132314537
14935270158302667294088778143195866176935060572516391039667801046235325468547619513045367827475709116735894729289661513189002783511341190496781397155239711555844939855854422092871436630377840206999739563536052621764291811614004332033244966802408181798453988549269982780408841488042661925679738615561536753577 21331252785097146023441065367881098541896384758647090989657603002241448932305432905070357201642491926024660320838226174409838941379993355779403529788308634244616880883921665362649904578854625605145801096210038114766758675023828761929240144462350241612566762283047027804059301750577210869419559257044441299711
20840168055577570362877125529858816988240928839843800238467019914180453000779686115001336481994545282019382453926865584033104121540997135616912821502882895563003069280070515843919421965577026198588294867143839385968104064888763592771039293683887042834176913175137028238422966794677283276221712708072001186538 49895317015447710089906201998645342397860713820482565309838683390783286267407367089684691343377809614576612583398587979458073360745597045518818341999571106037535072337168815962400477594453703402167839307705775781155843195609818464805556209069368518260310639589749667082068816808895829946219108139978209161883
285861253099671572712914332332940000114222703684641217905025831548841862512133655244539226125175809136961119722409918562128225595311744743861194083821210844917197299095759340028402257332242511501704298632904778871661583194763815066436037332171755975616600412057091943285459315836678319778283539268370319371 70766186186382887565027081227673324506409395807178657301858510113795499437944870380258702476113144007609000340045232018490835531310120179529747160003443077382858153566652201594842758090012846705709638224687874477334980612921466581538319856851684839339427050889671825469025887751183415788371110539753312038771
31758242825001300121680486889166259827075024265658708848353521395301999658176518734578339569138899555957866122523886807346536679340273413199454820529125795508594823383186071235007114590461786914542413796097156809406484551893008689093120567533641022770827781594238566155685572715924920331094181525119385484172 45855480296436432565873759026810632260042994854880498834298738877514807845141122662339452179066210361021207327929683135850226589608903641593308216257680683140057738065798210202788815330600104858676682255089878514586426246515528073827607005094134996094907731014603394190525163353687803185472015205013115893969
23037880829748910700059963222613833714960796232722380126216177328989605279371635440180407243746136930243211703610169359251483117435905666239695574913243668544937304321271352925176486387131574512293098489615447932036304952209665776419464893864833065731745444535840925268427937084919965163698327115916973251462 58317215643111048876039467604913532690714466968843631872863935191938926672011312730415103463893231936613480223412048311764355121202530827223980675840422263894732429432711690269594995146310738767943840967698679548417809258387783032921722319426710629643681407733648546115036466816931902591536953552451115583233
33863839888290667588590558306923443068536128559052523221566290321969691604690447579552841468239262556987097322979203643859234517467646566050628462756575067709471334815285787796579994532658600898999279903995763049749939897814390257979160652974350538076659601049194770942663306377804304167404155507193496412905 52485387594609056545337998865201412857975232564296651811081498141177120473678468448344140978001867704670484121259152496542390755904019165841709627974760221302893654761355778964748059506836715573554665727263759974563278171625587960952278354950345852612722842622587255419944025537987713434190118963516002472753
26756868814620820090395780320076625440638352745140836550827934058467840560243404427767432654179651221990649030951188334427736124360309571692383704480780062577393541358288086478356906967202557026518883740454476271403224513777931888596874041022956705024396903372889701013760112743381964332243511354296888320597 27085723399705160952101345442321482019572021063512697491015154109865068963653546694166612180090474307195017730187472096459203964713776653277990679256234229979008691939750359309420007897342432441426849202007635033350351728401970397734442475798215136480218745118891017878938666126813501307436103743056288938617
5815302633603511355968852153387276002502362191599471370800241658975236918200644395328977029689413926949365701443154294032837482011032396790298853433000932363401439279075281916214875761094993996417881583293206206929364036391972436512106106942764538866000527800265283121851165009968636157368121263401182961096 56018685781290568159966492122179643421407559740777411865229677735063807343440286115636223790649208032232195276239785824652553440660854132289726422180436841964003854879106771999803219446840730139592291198875572758280444810590213597012510811888031049498442615347766487670840089624874053314257554183526804875859
44944387390035198877480784376338806146621832361576168015139649851220346861714823847878540843635958215930729907347131772770635575308012616242226055638198909929570855604546043301636089733298595575666379868921455320883849138123185719826860352170099431147185330218671549431806086596781403370691381993424133022675 68541385536440489085552378486748747904695314063379251751086755277727428279612677112587993367414674776403009698460561697381640162256852684012745032581740464486243168058873496796098045817897057304375855580208116570658154651691392795363251317873221375178014722988208146205333572160064768995359335645557859177909
3041266434736030796372931279249657984345003375502028482898530753893387362872438231974540164895421562205881407767408171342468726738493948270999159410804917259638083571249247171235197324488100579401261180069293556264659529151353997594602355738356021747575594282712391082634690498458352129573675501807954165288 45109513822157873493275760348832811237694105890119846646060726329267771588362309340251227986995735640115214461410940710843253230570776665293313970766565919512372443148950412608302572004509555214426102237775629235079372833974868967599328314113212348688667318039820691238234446006659228945964149158749143116973
17494404793292407173204023021669795716506732959494435122422746670134732493539152355553738530549324006088104883831856191999071358479535817627153955348239095919384759203223702148171557028647335888307865928749905916081066634072860807583120908654128591078921293601884148371837268083022311597061189647725502111574 80673785697351245215732114373034024868278785518113612048290287801664453035223913220844694165461627244365156091652781152143037135753014910765191752305895714820908926449824663421146508913409217300251196491086508230811414109311190510314899660357407028935889585822020387420297277068350613554985935360179874335973
33944778605544112360821086053377942562525540468214926651938000051289657953089763892706058252206212202161985608091665783215959921139697419966646428641130834377199618711694747931018551493554576994815373806502677104113606067238080842825333083561012404033344427512939199890037606349610923331631201000042318635652 60808653418033674970759788945141211639400053265958905884324505238959142920240831343074135711012658200483063129068685341392667143820540961684198935024038709960048212908388498995489117523101480293209373143087062914685322813633023407454569089542103858342783300373128464722376364558179302554740207390155903981643
31877637460132904104160595128017834105080296964742696694968816914980818451375684887015128406106419318756902959968164969114668346085818256025484218476032295579430519763260666591953050351659659818327387131460761440325267922043898507895723850766736872486357980182559207351493163459488846399410428392832848713471 50891802363711712027636299194059642269777047917635706708837984018200904022327210539871090992777189279127174196604439125275967836760728963664667904529057248259713547742374753322536523650970593717939561542502686227543731681623170614393124399922140265705833807804737039017413512526174324772785408343605932125167
36097402806082761518335459472487800928631429035540443996233802642765371933994626136678040167650943426526938212894848177375314643566881739499667567141417854110851358946400894104426444755803651348846941463192708580601414650149716937999096036753420376357689895355936447495875899053570540030961160543473922460577 43422435930097026341752310325899717597325510648896969683936754084323173762963237627493059512416620326267607075004209241118120972579335283553481021361367024878764453375906246510690651077739211412564858904082239049625698823270794738807535942811762496123667304554052740021563498938113155618631272654715971217281
49311487698933596734765635342603653466326508409885403400600163659800157626183420843099300660719770687990470725838035246070640796074130442826367220200167588057331396826665296602840920625419401744632996057882742515805323193416662546502188110421450562190860280406325294166119129427173961436964434199135094311855 78892884687999257474123858884685441967052226719084621968639257950950996657984486632616668416921917520807944344224579501271967236722059154425333146938029824199716009694384346899278942252685542987501006520328227640612637433921113225522088106446647677586861769908585750580201468755652045874750777001975365684513
36905747268863322689948586007105264344763368371601370880369285350607345805024643410136228636082836303591544456066822888067614597410921885903823650916390167507518059656165443778027633302065880018342539367724512350654775216781150869979375122100991470958302705449770295930108714004721250223538311608371856215681 38263447262551137761335330493473123511072242452061810463765920362965711794355173164434791607957880836512319170415189705559960361849413333836436297611449469155625595482181163528191031283761482964072989486335396804632024017031153900264766307689974331826691623621334036198516903368538052306950858650903167974757
17741519181866821981442168123400045243130367653130264321997663398133072390265801511518316943436093523641084847054679688906198852877189601191465706185917696110419602932418936144808518180437609247929614334449728273900689270694869022474906702312093030548882273360195759633494609540527924105944193084894892476874 28223072186963451014280375384894918660978255672622530192399320860122834246642950143667070709086223066163483030752598246451126178868213043726064643001244258339487670630301661343215119490782374253401313873349851009973311862655099003308563423078148853832331060391070351176444597397084017523025735504115880674707
8298383965543009389088799711357950495508067367278415879125859486908162947706512894912819480770622023111900331371186337492735516764806172088429411806437845350058169948807052626526755777604509220443512890006126965733499492814942418044607763207619393899838625239851506737509010354467323834348813442535698803987 63864143052941034109884129183520370898189472847910138781279180044986433404485592309008251934742988737558360955181236027461691342512022042821615743223189469598443349927973688149085212549969583280566928806513348365495722968148627972214243255873032054919162592247481336397205082459279590744022441282808705487063
11892994763762778585643502482318151007375630299025648467975312956757323691561854417515373423887442363600834834780303182936530116989911988096290802747341594770094694853484261021351660700058221936075844058770797132591979341545706769012534845967914607589167303308252706644071362617854261414568585413031039630791 64791128531217649332311215722519314665047879740346685839742714658887233070188322864163061567941253314719321065652242204917741917264778127950967493948107292878397281777088265838440831180245099883247758389153582698852733443585081347598859456853111625463445753518091766731273401867793134321523785906900459522379
21654526711185874382676985246852382663181935774097067687564368054990209792895032450988593272188475908820852435716538222439586589129842654773056605795774004640252580022645393853011612079835977636847297022240485351258773469143989320763148065632206667775655757324371440379412569714230569044362819438756188494314 35035996671216094540776818542725540871414509198081642966657803769053620531112602909975781615752313622327787068684023711600257817161524881532693296343152993813822074541187337812244156541044561104697920276980738341818346847020698647780197216895151475351113897866929809170045200746004621740152392021874235654317
36635134749103011588561142668828764510704156761713222645654860476520405560666518706252791220403764344128078220214278171945976267507577790324668785249196425040324873014831484549706334670957505634752219523693592321818119049170753138997460617606622353112149817422807455062392938638380679318532339806403866783068 104859249415145526121397398721011788343291801965726492577450557987065783907595557483314928270387136685416144748831692573804779879902358276774789094702648117300433226660666469110704766398913428404090165106138484966528365786819708327168621118469858740900105668964247103007719366202554165826940646529523556746949
14654269757880534719363844565299085728068625920534429865707113390893415524797768647006256982596463356303544951169675456820177936756505856350444547760942315273035860647486369331251610570293178350048348100737515403045804362064284955500437196257640208211381355051140005508549231713800498864195964990395410121070 43129169693268714819739837490892907164194187114313118318610810205294758722010341213892367151435833628558999341013496645792355073210625044135745768281603805690104713697140048808568530471340083932985245364043610219932201900074428962275830293343247206794296658863123681434839152993785018225965642078600520309631
59261201091272496881239358535429443340722733855832110987658850864807644158158382932669742276181990106812767647849431223186908233939992854880578006191077169907480303464650525005928602697133628106393696556940796920009907151575008134778688626255737989355756792457176612325307310713516904130351515919044628196092 69732862790416849744133717923582819191662585762554899112081049452889199559403109237471776620751554363474541034358213467813133774329162287229784074938776866239565293628582496009143856977505341808585528596605083598991757855282187661092312706658499709899824326117545647288787330140224365413175572920603934396453
21989173435448731644059950972235104685656106263441598848907630596397113829368344166546447938298308836125190482937775957129255576983731628473509568239435490193121297532735001412362972220185836350812917188775711716217550498250261497305867771741383236438834013824085390627555251076030110156551033263148112139908 50097851192458075817234480226483914113780370799014344908624755871596218669931702723290621078166594357937582862586660551135014931753023417065360933377482823003456940912255624588827595314336768652992518729094589515682365333413580172780765433147981393624409493730526699161784420626912253639143508631795933858677
20000737588775546330745526992702555172342287428590487069429510774322288685495217101831196987402775953577241316853078284783026876148374169019882463841732506326041147913808786808097261623030272247312538780911554056804290968395868776364289903028910991717194546136220058166331099890946221117270712906313226802320 74806784436535212352452378686816884918684854197056551401345943535122760555263445634766836405173277278752207234959779902464079060239635444476264614396425942546119920795601138493549287090203936756703911097098191349046691694782210304521213184068957940183063114200718811273559117472748352443047001722928749978843
36834532407879023878866905626060023812011767653624016251262106592068158521312353546357468070339940859716254204899427532188468593737256711765775506546082149085834659874069437682691861174518133967831242786388641954336558095919222885634343195659849975523371744881463460681892503886426917436659526621522248794275 55746193624887959736934549796725362919183953680779731640778153417730296510694824783762818477941617667359266442754293894647950644403077688724091113393377978235615459075460843683913735034176851792418888924559158093605242654502942669739525723872059564166138425934518896520754825861232541863085782761412560259659
1164770828884614932326711502280237470673944540903417302586788600161706090612191554299603639727147130413044910805493262164176293384541220478290259423349889716694058961126706354032266534089653253716603332251969520158290129059659088671635037184000730770960854575390746069613775550662435661114401249419911387289 32483200204102203702859971662475123905031559070649264646045624397887175025642071187200315705995779539990992184014641865709715098774437741717897331357882880082020774888343927121171866733860770778167971799168715221070023466548261206672368164168825547742273890250441528336404576399969218310807923955822190936477
34375202786162765922085224120088875406302037569951184153654388152370770591211693541142213537044429993770060074773780305757877628036356451238562033910054577144314149150494122142837033185834065579988721488474368882975631902666366893343274257909276734243940712423673759887276587876858408952477869479922473354488 46898366659477183189159109424339350195967717675296082825066179519603505030545883136097383378781371867656461853719014850192657422706062003716129141390340433407955050438548399565071512902415309043239545941544339373762365102887510272279079609778904493047216054721832633620738174243168553609397301312103497207641
65117172639177059340830007846534082644020807745343891254507550713492386443833516100368690158924781527805132794680309401723888208163251240005701727201582777600310599309187493318885370129900567655136493743480292725180537879438944977332156703997581164095911265767774243796286460747759881273581304134168802855764 68155120198265419951915699155305403455731321935437795563382111979660101248014849137225685557454959986907915602631065909811394530573776759735251266475167266021070111361282391466679081308791357051909382248849208302579860536006865128110840882544415695751790145551119249277424027695035549883427451271222678412633
8232221172486619200150377628388984001778081269379081023885349283606681487274955717361025336321736694202845389535199447294198041852450278568626571539248613368611295289629368998557762550649912592560329148121170351079262577246350736363678306078176779273392993952176046695653923672860573429460542849737557394639 40088961426334958089521181355969451118248153556133077942213280051113689736241604657835429317561738613088113267057318419287021002150757925581999408157710947163414353623451071432659022887124858698436651201893154674061937722214261121489306085764073524616126644359814356079776988408974725581918122726220400316661
62593009298092754301542976843891775963350298510280594751162214758703727997683678936975819658273957373012032897457367861613189062748984506441272115963484851246341570247457803629058169113797265177762776415650874551281403146283820215098263704671848174138235690260744774787220097713770363661548698537783365230884 88503249529690215617611462200124843348576103707294438860525253183145185394662946543441981803291470817367496294674872248347403494064438974769308419179139077654520512600554759007927756309793392053388327736116628441502595579336923851796485719106485640315727373623185401519617198928112350291232396600747448572147
36880583848312079883630530842260052896455850634173108049940842480937883827499643052867422600057305063284162096008209154271712702002164991283803315737911934638821927046334623587028001114784465250244843594584126538061478225623534323199288798195093655234234658790354162844783579589052334682048555563310516251974 37770694424294511314235087398751492380876382401078962429860024346342119909539089916768873913143911320188334333644555037003959413493852981730800510226297289783644399226116470255291669665892536112598687438535178030001716421626739201578577954397706630684593055604246346090703423809800841530858554476533898345769
14021684994933822169267012369901194583978883391175226150869628593929106369097157945231107928441211080754879904731652455788828328020170795798201278002899001243200639626090755893144769900392801710048529393054016199640484830019522285516464434429406520430432643837284517240193347283930164536276549296209261600630 57873273126985459548586753526508956459009505421129680006421287667564946086908516672224708022789373608046579155777468366172144004037316366780641836544813933586155708940701756438711955993364531047842633156088070192310092093766746122127499831296182189920164633096769587782361050073103342584728648878833861899537
41222832640497499012256994984940601854062361882900472083745602686554563894727258775105431773013331541551628137366614252925568842087967191094425098306955158360081547648576268313515330311638772393229249127952052444062314562170707460502094976212381192498201500886608055326464376263952590545259223863003223371883 43866878726611816794155783821020721569334853247518378945841941623855865542599502467052962977620651316710577274467213448735724082730258490315299939384433772083486469511575812309286270291627931820067941107492319501483672005438350919859598917224324867909139689166785040824290527095304560927190830014593776648047
28187517594210739921198473223735332741965153679930880211144323207515192226558180500792956903799977421451201049004193143152735612516992342149785807117339241999571453698942086212705381242513624671761266268478456047271411418179829503078807279106826868555262367482709195562114621137369992473506239868509377294291 52122874515334667542888188592384241758370663365120687578896133833143707115497132243302054581852795985867847339410365907035259460969283942791951172786475314209328659487390824460387955480248594769803088008070821154269898175821895835173427870237731617786931949751458330121885386051891718577896993006427950823487
54596611372120516166657583427325705109792273912511287685769547662915552454645270084507513196587882138767341362969165658453203839733075010043653961862705167779263068967985915757323920487551893600524317733632423789093454831047545082930397841222478596217139626069076829361435443179598021107734452947504990633176 55816361017279805323887917013329885285208693761191934395927811372696959737796314423102490815337863861923083283624023936698908572031473892987641867902565478956099523968502466714149012366938742362915932655152392140430366172307168038526658511382353537539696013542308253730479603311026426319255360473412421327531
9680672920435194715848831877886528766364703785991549613145380327165864187199321728746394543543171953408398646233760963475071281709103661490142671113480732710275481299508957381623801167450480566479555390230573620269078493545880902138526945564266671555566139345424962019368814859745242063508681121345568167453 53580305305328953507976973869038085709278204459439300933834125782321937896915330228238194174383872462915902608835903340302884022655241319327708024768751681650072926292345544562805933065859224381175899226421497546687434294074461273675738479312706007263362204671115355568763299218236795781569254606802318479053
98463450722346789753219804494908860356887278977995926130117341717698351739644528962749131051399594864812805952234953006909861554660214446112745231783981875498397300770733741232208742351978169140808158657327480153394236391642143097176004484792180266795604529854354311400053964175693299194285112564488608296989 115037344075489022026626819756587116067128475195254115895439349720517615983016299609263932682176335360662635777883817323945630730655047029244443508909841980761649772138267049405923630922792108279117204415284663952060298180511389485346601371494890985550222168906285706518752289888317201506008275435291082243509
41724136555272512882531092378188426270888798772618714607433878163257523917113360390810805004774892458234485072303415079792002033425197775178920548223189134311964184882224739259478650671025967552190780258356034946600084358106910520617005426566110451235780580543772980995036466845441280800982626285276134839657 61831044835599500293506688896084295686492463765132344806268768533768446930627870585616879498459138240333226129213674940965786610373906355451983619727757251958358133458405934931873993545737951886491249362762459168954535368222537572879523367173987956348612504452952284497086624738274937324076948496669921729623
31885600447299373834186562940014638616743651966412397254658886311168948549044976164000155955331040268195114985981026992458261617410716150496330401898284301045326774487980100633604571054012703190796611153996031955213208222412774032470885899384610900684815753164706386293532238561473187241322898417087617187880 70164954807418114789544841136714035988874670793720901202811046144405827219368678791899061555177209575695940294026961302500064357175180531690257674551003179203022026604030319126634050402487441445088439327338766839019987058009086519254066369981443671419011131359745553798324266923332489290519597750194889318697
48937300430112896206056415116917883021843066651370061034917424507158272351246914915206703596737175117165584230333368144166546559730901591141318305173592905760497030685298718241869464673635108214698134835244271296096752944117198420458069430038644854589474902147377607471053158549029900885647411936901029000495 50539348102147838000671682036677030758095880418537005448288004277918285995910242192488028694016240191981158967739080447373503252348196900079865640963397842214442894433310647983837511526528012188151382961551676342040044451452762753629636237806149215267070498596867571134994128513811373129685665157666050668403
20506108740043155415876917181224772239564739053886238033161038171666755589400445476617151090907573087865278766532437766783229746298805676639284908310949667173125674156525361966023123147097083971673900974671318093087962401727296427134663524575508843076224218293777785313357799130417145536478242208758138678048 22629717497449315447986078030266386010949476844114717231291694188390280112060305210090271230031265986163240562994725790200714833754256399748250473272644182727823541369110510298434212915835863846853479219987059099759736597755612675225472086957286427862827587890052217928953220758794511392001022675137207364569
9160671744004325299879531949509860512585153264350838957632091067333021092968213787090333061257414862612786200805475932374736828126368434983197926897913565010239089584639243255170442517269906681155673845613071745429754528995184877085827078948218187268007330374956440176805428120335297494777354219790003408364 26314529104004340595238029727524454323108633811690907082431329580306040607734062112933162336447883201912580754215938170973818129691287580283939558707808447242651390119768626585731749236061370139485324486234815895435187159283219746581417316315767497850778585769263648854583989409136960766161895047438009218253
100599677439749021356204299806733294359535669403172031227436380046681379001261710469817065340311647570871085347663403467951491533540475573608466135834391216623293656963485582128347267217879657662415855370180183516592651760793327514317491400932899998782769687330528824817517889282119216127360460847217579654688 119292743788781034980318758185616066825675529735527799621077286832690459560656945355675120392651388801383100677870962140077098995134789806665536934170920332434230384572196019451923422083624219752200796859982480246045746295044402658116942989205048440575359860106648048992019691288052692260845126957241323245349
75931684421943020621490875763158120469774314510897740752196450098244553232832444655733695393632346321068695362197520481270771937683025305569187566358772541470133922512587662340912473078528207117237634521704298094913799651935887547745227463206322849782590926685841638836119649210220433540636224046033067052059 77031493309452873487177139295015584965791421120358688412352672361615421310993276572988837316242288660953035011560924796136334436484226528599472948760071837073726600222864479241077848459403535057151879727191082633622431827689079347511488027886956554578505820203625496073584774884887280097901791986160034629671
33113255244272699034528908824812916066439404131849963543972421025598233067650911329460986432050958597138329034914713740931904629251270854465493418527429393017890922253209921259436540719440341776543705255861059693593456310945830688824376692745971102790095693474506707279404119421273580803649008341648299223151 52536312401267484266389307591397670739162989876579110499456603726733308357318609725155205213304681885361612640271944299348818225729179687938398411741376902871778072992762500491704751902746092187843642194225510095225809175983686506482280430748577013236488577218714376135593580570694384760387286466601956275251
99092354641367444713910957591436882817414351850898465394509384434412529654090108949931194148411032147315769713589259757074454074168051974852133654217053801227466875195261128529521703137617689572306618922731777143713717584353658171438132491149118388373562998749719131632209241908358485696966207819596253519 40095981280740823339773244341423630996278410220414121040216010002350474903644589383252602786426361019909766099963630814251743268728222565833936764635484728269681713793723456052260615644348185645918935660381047738201701673514418752814640962921330976262102542826874584530296904317512228397337049405375559857191
15061973068866041999784662146556429310414882749281916653524275752761215707500214900570337979412825313704001294098146327887894181224276047757633227351588699472507916240568352605959676409980225653583084708929060726430518424481724615469247628168959895217197176617415688087366270884303280352818484677359224049431 51902243556227210010840468119466855231993496400838775620314659258738245020752863124050174849549911544316692325211968383560220768303843005081821948208773711427173695813271833943765729961959509047451807902902630370095983102655738602596307529344467768901847555939161801114931798788248646933516587628371598049363
15568376842013664830824780839866549211384395065775409856675816802973879102544460294855312107433598041806761629438747119732432517337451032201580656331765626379250227067384232434118892915650615661743238413594122613121135747217434720999661250283039994601109673201037717468327538088509194872813439092262790446199 60860463220001539914444243706715564595666139959595374150877634554318087745324294913713493533280195267376908296671593132804153432333784350166959212629180598484245295455216117379307941468716343118506311828660759718485036009821181774196060484408418038864865771385052668648205668281582126545661473603918278561227
6348738320970868771779212765616655734797590503412595323502969893548898639737446897967617633570760726800200266313566439765706998185400558513063985482372298637655642990322383522742477253364287026642734868569152133600965888860627033843910869128701584337486449255080304815394773247626816645904632346847059510750 33756757091929825002494408776427882009137367191334939732281653141271694917685468781696433561501305873751766444135027362831509674400676524145508413463986041811886592907832777534481957833775696064960781837696592615767435437026278746291308685060134663954183553802337208708767390138310704811453727147950615930957
4407863271375758144486464184428235029316081884741782852447098162042944940954568222264557862963300235678411969468322690031618287627847990873885899409245454107567398914257936216934888051360065845433337430648598845958562559683806108774265317365226592126351426675607405128466047769884491741114421888445258148878 54733962015579590263661293104940770086804131885969109583145279371758384364166847083411401362875409955964106268726507030853375687594542189711312380584051502295218105485540463440541348888184270582872040124392213937766803494677838863955105055707440927198876440705362109224740901652474671808499254133002663234049
7204732704771415624479534889265524124854002989282927494907756441545563197807542204287920373905275965693530572159940261531080523643384777846920151117994493658716744046185305429189826976178908326805955250031399514295393818321826030148244526804524645298607080075245408261884289190874346536458011559477278499624 114778543027331468161902062000229507012724289460699970790282570299926728968171410927496779533713591000149426141536042788256051496424435815024558460640687254306619341124969061443867078200106180158262253838599079009877643545209222040514343815073463394935918509306575181770914008934512462718820384456949870924979
41852756680214765840459010806274071296833648069114228964281442764326386659730527351803059541142689549178891423320012920718213570741443025704689513864404009877574636527245603432074259389928401709975500767949914226560352442001557759304263420200791278683850505072204700505946663219127113927525273841336234377757 52761488381346912771907386634472525430136413255165062803701339258464342988025902338121844404192374659107980764130837394079320397860603267554959333594720266587777876264217263381035167935398373450506506704255542019768278972611402260607367483556773477739589375464786136686996586445568935137685721349476179286987
11803793638239204909711408633631093056761480268353840725273026097746419136149069732304575805651992323166468484460199687563398892579075789602144306095487799816385966277995582805360129926233371666339674779715007789724331798158849652270437733080838222351154880235864487062791988047396728638594787392704019466877 80740790757400800903404519030512823962501358192760767782628344135722321456406998398303910914224165281991420454009036290152309824488952134267569467070551925248622613131851758709619661644201955582890063168091582765753193780492615282957436885175728957604217567896882587639983336572772922271548286529197165860637
36506929106015155119887665283555775571340884356190791445989700541846978718359182829484432341692048211625218112650943740129673590463766128484468119943322496508497231951802893338201798709419518223759619976223104309351768616139940623342680170751527974905935895508383157432056456001058779915254311308438193583609 42670330869770089639183342568409389950036305849121056176360360995152802662060592065393006688596337990261586756712570762108421156100021683322176690532591251525127991712758128223893022930966647293278102383231083283679109454720113638464403567900349900563561767092628770030754465650286417759892918703016699011949
46247308280750337895082639622604015380850510718978855387154209188598864865976779026957491541013133481654974045843523199742290470994268748323467277055061601540463175498163073717428002173830227896078901407887744432866572831902101597312034028599609449617180488677466783360198607635835336418298943945141247502417 75485980182290473555177293159349559006238668527099742565863385519965450944562474599175229045009498782531827843774358863267399555682891180366809680590277518551949822047771950771976517717850068210338250549541802928313508289294745850128269069014790798854561148106047134209071513636074632085720503488205249572149
14352494410607943529839792465571223593846455026087078916959990456892984570996209944738390048836490776630440561135450314613528788752438368860292834812386662816752061159912107703205579974804875073776305377404042927177098926864634902458470207534563942835136905903581433400868890635942546113623546061774369554236 47023454863092440271375662251983069639302563419172411407372584116144350592495334479083818434699994601494020609015548487044621982364735849236632829279865190025254294868609320928882203774434765938637228930568654303450015557535393213580559092008099798715494933467707433381136719686750500364121339666680351468799
3673368695904579157680878655020794363309575589952591470313638214463425563682828800634144051049737905332446624929425144468060123992164718349759684178460201638095811896233267366176458018427654616338478295755231167419099922203824569670356321017206837397591752732726848753067164941525005061151024091751808936221 51020400188438496133375908970653703269363231506735267935174069114643691547786507401790521148505296658294701642557885676382347905676978934172068244151783477414798559496121329673857747884303399203815673439543087193184910925840142046310921379616234795233646894543100189296992454986927522611873041389758424455883
56245739225736164281770510998733928316593734182880000000380902606093954665713752805827561447684923802555902874863679656386081854973138499125660285904833699166144688936085600222656373373024946240215999516066563078949221197628308491657186885877599336053727872827368415325160208033819342682068240955265533259842 83662950696208177181836609119205398029141318375046597204318240290168749592061783048445788450333827998409417773315693695306797061722349052078967062541814403571786920249309872098086589723756388343027406543836534638926525391955060242516501581820150568115513595624942110269545765287600815771840768424525318379337
31479289039791340549171367705523182118757698172358240540175205552527234908889957406467064758029513145117633825977032720796210405026237264381811960299134120203283215632860708458017453443333081820513675622461067567461628949282540270976010890871592915995175582982610206102033613211588261237202980795812778927002 54310639555665730192736871118657782243282071323231154466022941919177408940331730281538512495708371355812643285647755404079715281472123976005122554809967448821637451841068482470657125501177554829628298601800338069767461003925214539434635605814352633489629418309061687802522488404681538385344773432764645544499
3403648381478092799028318968204607381010666448936381608377734400664050702211281017959701281701559518644578300456003281908768648399254530227735745794307290804791115685128175441089575280545217579802251882811512067782590596430847712727540702609385055128676891907090118814631542161448448742202720099564072117165 34813267281903947992799423674306859087287657752693696125031104446405769172120311014796882551109409720915957059335683314513449886212785354304201111438559073621131564226087616796704822707682350688776456246768101052118955097293237248246562325583223104159942189701083666673266489321810302075517568452394034236589
28454866887357222729100517487647478047154768328802881615189139172523054336198544525918978911671367424708840885755014198110634071249482147969566713174328770581351883230433813827447685387298969768738074833395862174340838009129042962332044851093012557407138887491854478858494084752218264694767513157180078676348 52894082586828748170301876955227778175293979844607602787574710549541386061838597955436505222949840092353535308145128304724377062598147831430442337691007583010471700458786133288883912730266182785957074608295777141750010439687324775425954571689683508069120601561951688550728617341277943138662579668369592477213
15762947307512356257067297725619118895615896672451022883576844664096832635695930133576871179468546865300009215366434735855742108285369641606523830916853931442525338075237801836118795313064892137003665780274788845451273431003393828511231729905644735577403749782203511510732270771082137718897196064611178874847 34100498191611006035040928778870804233863175504072364113652811295587350636125129421531981658116738224889330283354194396045298343321683631114390235092976367965455242007554787198796329433681528010029834460425020108025068904000818892177896019249551614739285823630876834803514797871626434834986775604125344334593
24526996205791454364732677027723960078939057939398312919348030263680435165261751545086919700135905618985219025729479683555692486502161250579965404935259360692389952197473964451166429204917330638182130850476397010080116897013060941798423712073786203673859909118864544680617476725329591600315133939409033058614 65220162474358869678804700489637283528825620476276116506736703257070938696148841809334341156104430636184054191987873350463277997644823374322117644404781302708709083261602976699057978887343742201277014711938443894184564745407641240859984625897902038852693545147134239601654500927035073866881573616739191827553
23393405682928673826564472861006529469031910955406026643651037893756589182059576900521154119335490881584165817516519921556497256921961222291740343057992090689687864927432616497277836784009547829363035607106131944865882162106260947267778963598820999813842241925764260344218491758626641080419844715722083570789 33928581461434405159514600199531478480185721446970004139657990219899692834440831069900949937343510907459438257157540854557641193224268632119551755391595477507328046953941503059085104043496875910595766054638205476144986554010625881666970152329282378163049112125754707255802368491134870959332779350931154913639
38034280808055779716148207636810703207260819011655934943974548401786912597566017636278941564799398292854641905743930584271505978504619169630618604255964219687390139288165795326725182607270228615068878988649795133634980569263821402081452790647577773660955024333133338979307279658170922332770106331938089495150 57447295898230037295189617249404014454340106075836720935987770047000977246596302862066101693537474204461834655330653156403826331009193020920287912992963251287206395085444370209263954326156603772174369325292240097272928968396351877577926090458684005584644385652629432833555859451675569013046477931500539129493
21110719786996183868117349135097976813915436213332062379854673523685762274818163589933289770436742225774215131176571587490144191675123799549493871135747752968369916800412239943576433405409958036235946487351926551077748933915118186318813977496103449718348567931833085724104804025648903844044616146217707806356 34204382232448791116361612657049368320446543179018801360217270690599042523355852087410818563531724919955157843639645699720726058819695750071273674681249169579707036398252568556056633098251733468216290710816523455886048923168183739736406364223308092676133286413091258237352520863454826734337611116018729503043
9808118822863837826422331354981212734078926935297825854732412368428919899734552315819887407950401618237564136366604340645037139895828685413336872135762790079394288397183844314353268390402544921716938356339766324744894855709279256109305969109195015484371880853945243817104747764871382782519264792937726174748 50868896730885098041860908607064212247047833826205263149168217839035489747635981482487645684926123537949887190937035891487376844839279678310932121211097213953958717871716795558060247327700102852488595876205013017080597920814520668184492536715216711565614057500033047706924921798252838387621599879029127746869
15210518817399967954490007305143203729551885039465850543338448505242468382141394972005250565260736762045117032146903789503443459309136484792175493649449717477077060134349174125634805371118347436076687822974966938856576402811916296398289071317636650626984207763821871718340144849215019698186774112588054922750 83700648298137823207697759642734015437894263119136611465068118671333521454677304973322517860286105055864339751631326337798775002739768764217103294257054380800767299674522550254145671828210735982910405257651182939295284665368597328307751260626778762793292922040126222884595088021743359388439902399316367677469
3193356100249382760953977918268075587018246564194771986152924727105375844805678560046752393387650056529319459685557978007479333231565778885782672661355840807193313430881471051234003815190088387242512728839231468703739642153451810145269188180885780239747850532827933777039013316987565720448811120397342434361 35031982956870583509305240768836722632408313857569295176512822158905846967147285463394000392080673702974991178446577557967642025657810796263664899881889006068039899796073226061721502168706111504074141236429123441234892587438280809845128901487063057701109246602751573205485059719941411621853730272856541092211
24480727888038573408583863686169105114163276812469286987890965519943436199696721156995241075845861840695786554273680843126638100186961756374391787352893184686841937771484106158229752924524336870994135497139363071993725019524323650558010347840510560869621452280514688010297972742377764956277493944441483476106 67059294901830858757514542924306449394945807005410448636612179182242559506030900100070298193592370799854400644768451701530011107636329377840557970362129405616191113097956853928432884213231197138230159859315047319471036619793647068594530117736557311463068681883584465593091113884520576395962952802345760094763
620953374184230922414480550383341547434560648238146545677801528433714560220000863712560097212069165526497976260728382196872593087188100540813741353757348307764004556610409214688738484914686198616885248970863373374915350819843994093781059143232597486746417406325482266553329587767898755595360935060823396582 64760296395533388532967315127659816817500295628184836890575897244664044527775703555921576941316536796369582723081546304349036593841731195011177061438811359391779148444377010588742842482251715895856372410432040246430481693514233183835928119650776410479158274215792548603257042365940939697809186222496395447239
2162094279445266229472513646437843927667815990486296044656499601000814462433276178260218078334601977886516247735093518039849945873178907600271193488584769524599707001340801378410017704585820683063873418570496323182732221016872131470521269418947405199995127816148857131636297863116028555070343175935961273247 80208406734301503428848898367804211038154272803834786901112705294700046666299635883934056885756782632530993441555498767365217839869863677811730972294905151389852758387760273874461501776838053914285270658019676714211536606741985054733580452605355269491731536752805923294719053572495998251858776017150122621989
28738578272790593351772136593828877501443393657434642201655329220504416861758655405371096277142878302123977735102214363293804780228720855494305003464072607026378191656956621518236454488243280558980991782341283481876665379485779620744941688613512480970216419810565009390192035216317490379403125099610650043655 49642127318636774694672151481608912210843940211983661097732653904626169662557298857351891932895281759756400008271967198826520096015897716317329660378290202635272936725379837182407088781738418381207061618201996256726773731536620687128827831923294605620424234125147026028142837094884693274116239509508353001131
48177552160088337720677394002012784882739183246042306495428928981682811593071359407512486019186447968161020787356532969762292507625104843811149284631011936413807494794622456480103189036333255312553218588091882811188459171637498810085089672426243277860421257749923442705826283620851229851458379617078397104915 86731272758034904125487089632299057664792282457697087788076604811122856228352266501582210503987502680607027867458726498175443066033251912215584005785838435901174206988233982620738233764715748501639417769337553180068289110072869194190881542025753374132373963083819425700101742153472397939867053898369161387351
48200753209198123078964269816691013017244377816536414781383026613795731789099170511071381083633999698678084697801401340714081097959173809048500343544991628094449763859861898689300671317561945521827781040370840533163821170709370758058144736325873249926025438840329971350649969429184408700744483169873352529983 105530159764100436270261630035320410298736568731826414385764152882693075766672609077010455873042080606706820123133697985548009780736929843862718288955615999381937832197350896805018880402338814638215923714817264951081453205636739011620205766296206557753377265445717655705645768353977977286131215348172460551807
53315002281054124245854978751483510635558664628198387750010229751981280438495489947927245525920799580256559760772529073156085265920351067303683917454534259512784181129828747613692364916052740566237897203131671320907408623150354046455437827691789423074997734105392574653901268042572406596276432244158535566529 63094050824775369668743424373939621878929332543523451371682757983929878431341566169435086297651000803416196717905518642763502146534439431296525194300125070618072878754287673032674093359381880904260713907819358691349211515669811689106542922138779310505102422905515475091543098583645608612817956015145590834617
32776686006091430812027405790753807922495522649083756586765102252465844680134229409770274369993271481062376840136711641664416867483747488166970731099238265934270874497532413820509296235213105646739098214272794571865941108161373861538968400966185577191792599878403829688272412478284725222320319975032026729787 49408964452511012011225483404909055126121584668288988539989194370276993450787446563763490884809197308625081256572719496406233005860000224112179151241252313125119818732983318873733562852301937692248876888891148827594418806077124931388903073748311606170071093860649210365740886198913743484506207331488365792917
8116400275592358623427137154101405597225089791292937875250237144553440618914634723764307398773329024479050140065779412547292319732305346975772580574414911928801902581947398966228667876022320002808672620882858853876832663407763624178824551984161148740081596879723200160568041296596296988305979086505121125671 84528660277718542397269381403892068807357583688943731510988742738401386733763741947295077699995454499059182813566156111301791300036919338185221220965354345451916295185242334661063804172355755307424857618599273192551947160163656546836475691215863660085381327454330143150230676014270733124719038615972639876527
21336566237521968446624849367672986407305651656999754982703495861172934951017372209023138628962201549541116629075001807132172273806297617439660535269620859948936913528207576663442368586640663101389092093810989104040487979076561698432197703829465567837219570051180038947946889088633546115092676421388481881689 64868682162735149371894403518168542808474757491559491420880557832397913787523403373425983064587248816241715759161632688646286687006136030510116043496548887433474308514158125788082478110528720872202204604751945748704472324700646039131780084231837384716861808448608238216855082624967592275386012325625523089121
33003144746181247676824646377354811685237092191966353875097696938094772981081541898569319169545037913555662307329423897881666560314241257054322152528830407103674996111647943855966048866065132050055599047683426653484420812691372706809742642973695257838954215026642846755295845874999064267457520789460305839556 50331966939777132608622724852661813581089978747517773497568154557255352883461768646287762397249469408364876366752552427328218612164771582162363249792006280476535727585535052952127351348161212280159139846561059215759958053759925536164718025206053082330542800585525641424511090053045927427963681913090332028819
41799542215414677905159241999858649500706997444739560856268326247167079379298295273890511790610444319189915905078111326996650496749600564245274374742728975119776002255682524323402869104040404317091614805326648048572050085471597568507890793115831295015341720482321472886637329360898605340940043395275404084245 67903499045094839469147959305972595315275659315445758185585865621006251289760499358458718104097392080929002034892948364779597267547896612436489533700651811825872464274264529904644547329153218981448759623991679773629592887303850005623191614062721895859594285726327895300494845411805718153468037716184159956647
37019029524711773548495611957238351591862377481182186796448762199709109087172556636874706273559452223917804305000673612842740156661694220419277161720572050095758636956708293478590326790342770948743546790876480195608037970235289506285146322439570795444113453898954065760504134548294376448566565813925579311370 48356979020948486430706382023394104307771058476506495124593130745432739027298580043030898581428273152425548308233946459696923937373497507683623884345370988987998914587106325209176333812264661803276018878186845068090581461800481693244947775762648924182842415028947855617073409622835705074352037143611634894091
40023633274840008510162153285161449698891241296408159308852567535821823457377443368002192334136928598703623935672977890987258793863003443189482837687879486850680552832752998878753196391306849391851482264326829174071685280469472076391902271017718037692680659617895495117597840771816672437956460922033642769301 60169548458253848554283869179801655590300289277008885471519226963621670107925771714080048955871051406962140415660525098695641061235717850713538506808065769734061566413002640523796204547118282090429545595014321615079424860517262804362902696607463610214083771955888389926313501815225332467869950976755157503889
10213125174672017965912536822058402620428180945400875410125691364602764790466200137996873222367065281003979162325714306449954897058520216470798863884443161369104006847170664416866813995288349409858599923969688113662124490532190715628588451409681037886362996014872677269741051976354493745789474762160114191377 76625868969348607390967723693078631196532969340086549792332449061705336832198455812136970006637104612404330904647305401960389462515590178270362087521428736734498136846427106427752412111279454106765456387538511802611659177069966334940813665189374198964627609371300593017896309965767007405274741797213417339899
24490932744673617712860558409513132610099211665194024878429241793621025495713492446212984374592599149736584742959669700516381355216353408840525794277364018312374583867712394554378265026734117666817297537726526601986131800315141926946865294000040384301124768436610302015849843299121961945688278852940468994613 85267354757612349305366205853343592363876212916254360103739491055958818979703009547566205240924359231811334394377976223787650182966330556026156985982030097046880090095757933916645080942378392812735858270394050032195660423798300364317509021061785609803940483507025597528413397463578888651674188926496681303919
40474339477082718768843113614143621840619050997298568586898422469503734237520019285350773109416962306182879550536528494819496704064867667416090471227810045653226766360414589414776141457978992723940747621083042940088868776429178898045135427413634992393060795884495199442510500266118988747517400553721194875863 62430733712966227649939891186562503586465191640910725720665674403139159895586781010591700508728910683183592896497841731174782239519254087738511824643838269797508588171643141757676325295886579696981365101181119721235456927983743734757221253903401044515607045848913592506378576228532353637637286872628277348099
11104266711721825631070383469408489485147970755004096520569274425750176246172101920220942628998699182978002405282628616280945198621642730679804833299238527621378233034829524815724340389970873025366547661647516007678311633446377494652732373855363202522720829534989583016730533831458807450787066097116977601149 26698892013684056835370736714771694103352943451335768466873763035372919688448389112074394896696420911028890689995620213211632004914332210434030157997625844862961493624892233051586241131023489614228954305326916259060107607618923030202217723106683475826469554613467317830120239574211510231885585023921473795643
18179525105709260804573687994951859718331686615515308498667572848667508728725899880230312640885574965452056660477702632938971106891045916351506527828081441251788844412465517335595968351438715078073521425020741008913937466089463566527845179093275461137265307304684076825004286693987631636075944209305808939366 48880492022214624436063952121596724909984793609962255827263940188348598628900425531319215857741858787787547634168196778832146717510852590372602909733856255753568034517124474551861996723662255743366982821561097559543505052137881663458857394718427458639572247645314368229076858968246727364990967961004214178921
9737548417732531453323193951744321357272558876369877337082658334171543599242136301374169044595198823960879363339256233280754532472286911796566936430739332034025102571668594313106701303694021389116322123705460555531968254433031593432842078836569658301905645494384028394623789254353698411317033927897439768156 99831152327578673730570322939895131595229284252576425187644198122965913441109307927233592439047925214787362766095849615721193640901909591230221433148801121909092187107699281387160070841041568466680991187061192197385201049395570038987831168594110386784030414260588024993255970747009188138780035198175260555851
23764823137779247246110962903522060313197357556280593777138691008663288352688024052886669856320854635501648907817547386386440904840048433846376164038941053966839950319162843518615476075758844946055249422844131285242086117940439835721613218984920275600850611022620054470565106386155523031557407591876409259678 27016103202600520615967040286045413283319083101179250061877889822303793747542368205364022168876961312111064941784659453079710934332905511020300535057509022863050005449268614316960695354635466770454892502200060536443443332516698759141044022710603953467630883350896242039219676350829904152215338738452566865653
56271497812877899579587843072227907922395443487487947924820655204461693631357300021057365140378059433762855090276027987504200441590649565952776585327683066469209757974754313628288614210102625599745678521215347925327430595189382263244093248148656291422147442498215254185221148123956964554153725895868395031917 59359458153584224626650804625558159720944410271381783593218781478652555489148585659832925038991469883221466619318404182626984002976863429599020714790244026068566080967085054140216754996565674530653094469902548102518510132064736496333640713570147129635352520386788888354077173208849321498102460817038028506079
41750855547316092104490181878097772592360948400805665270678316449473127455926376261505328448392131864774755306410413028271109324754219414896745520590455439722859323303031055938140328952510731624365770336195576330304247777471594583605143455807114418560248091202015580673851614916910128146570675198988015197827 49498285767421899685382437357467386471589329002719022771191773156281963089241150465635667680780102255795092759928046810032607005538711779480271852626672517180765422679898300815448442684076099056070462858869914512058353730665704037055762680989905297126087042444832703855241084636012951752869003828199434461791
1136720097119714465928221943139060794883035967315945317862632558579739466783061074400994353011696831546084815573877170439389739050882538911285747541296249665873138342384602414158071435991834873372535349397575364789383281327238755772457571736504520580055234238389047055281386355650397771524040261365238489605 57282624944349239304546030399782530144501161392080391461960103597564863146635003115841081163893312465252242589270804465809329460037231168091407143645045098042460869880171010236906366540890252962179451629216559119154759723130754546357817131324574592301084850596577365707445277297462438174677731031276127932511
5809836641306019682542967073143881346643008380702968996854996775955058437893539419631832424620227104185361240111919441030881239695303667169381791458362246070112872432715644176406664841698465385939182809133672307067293338020873750470324238969112148532394369073792955752300490794445119345218332139639671249078 50563480228016679035568659972824835358932991106916791533704490415897855875111046225009301523533918812708508091113766387742295841333425878937619574220190430198101188290143449442446547089605666199034812779830682358199596210832663477256648567990986190488682237895769249517341227326058827508899424328462654763771
13407354542611686316617796311510810836705781009062456807766456920549367653628579199097485412427631539034977425593835467678542872448004462205857337006794660985862290866674898910013093466354405669287473294105984879556885068363291277382801066897420504511335422636128395568493514253700276029434331452677212416518 39399045444402286833331150776494447193380706166269329198790853630972606249715734470081095522820823475228105770778896361025627334492725633935144400451477167988591310374094123345859875812339979494605916081686847038336011105883825905186065416590003921639286491242474323197708339123239757145815623953038107009967
27936319078369184704202525791258738503481359629417752994160996432207783617241478767784823022730845818664337433328507707133474810335134653012384202433415751570851066090688677832585709871818801291895767276594325374915997323414355477730652486069230597258691468568735103961703468686917433947947030202087473653267 46091581350256578028485155906714283413952112069535759580213775037727115192653962494776524380111735987081978442520948955624019028510296936972367629859437787576246896804071355129749339856532583851561740246104560384294345851315100264323344295325801117321139625652463725947593566364487364217223911273510962489703
19556060894568637815952029741523676609946923108570772799640963113963861256522633236061690113891315773626162505534531333592970247584663107938508770212631381399394651865365917085121098384670642779736577972255582092360753583609836826594713947257700880489352583031245261357411025035455837425639229308338195640813 38982662796689360810502897029408706052445820657812386745179775210955718298538775168371137994591877885450666549765809465453857426079509477812694519294737807879770495074216756522779446283977717545109055125149870633672629471965375922430903960410831306653323085623329181708231234593490876564778696200186401466869
62788236302974113250775068337872379550850181415473020093203470108759041142096694374154575774052098969708863711901916075946649720834798409719957315118337341002608511702102522055973633414498691386261469069231680726330820571722727690297113281323265054552768648620411157539831121350191783452984314005863344732291 98983798169536730493271263994925846700913988215487430981207568682407362169508783060717858740947359720686895462340062419494774897116754715721702501156362686561365502323332024627503761830086951639708858744125791826775197551369279538314069042514071029833875552832188880336948630916584095499371380947349350889097
74358935786936121195853934745057303280483296877621865889995388587053948571742029564587915268996226231670984470174917948937681702410456847304294105744858955370912721311710066129696422201131713024106230040293414125301029870457876480663103578456962498987247060990515632342847864194485655021763234854383892339038 75586367116645911101620368660384780434125777829795656716466206739194146131836124167322813166658194800375673356460767822578171783611364059926575141301504817078408038905045612333125847737466931597071155375028900967379252047155455395514293994576855543699404222744203173542084732783870179050113257381555820523243
15287310783197801127415783576950476864276843893252416881857265646694540413298353823609084031799089571385630739290979113455658906117248166909103018170946332706855968805577838481386507639005071221318768610499880376744945925807206479397002558856528251886860315085891848298056559595792317956932638321636540895157 55282260845132568732683882332681250250692493058162682971732745204807648145359274820622538573105199095722459950599205256258874741718086308330466649756226444137215054507844135965395030959676495924727846766881305115768126297860841949804743901014309270700271943141657524222124769834280481786919229013398915681573
6316553037633088073983862159914678767648071744913818928616731026420374810352707610019395100689597061924724944593529175587967920660739189457037261103045135710022182946148212201040903405202383554049656067203408989765062527347181835502616428000114802892276185041060040382510758790764762388582733927809835113792 44128998698526650079667880038524895491846154557608979063999929075141342686444373510559955436083874913667680862036740660070213464762793010499020766629853809454910578986726790630087724419078100977780449668034917249694847074610090927699981878393671438323302735433951341972898587350286345331952700926982781115631
20242649113647966863456796840804097520312697199972719589150748289714424488557987374351431986631586162694809453798604581454231341798336389986070661680870062197752496441807440537757059513901251934851549355037291401455079461356798184620015643714589108394272490574854446523340759466916296161485137933581499887282 21990993239663466061366050869029843377643967646229925087874783157189416640130448541959609945611431144138241455280879480054633641612026603938830323763214454828508239899933061213792047166738182901712098565967873576174090104141953175246748117154408778664591780084544279437520274232792370635115454453358889124297
54293247370748402094211371308293844655372350296358741048315488941951379829274394990498366606030292352813133388447230417827080119158403945223866144230738343990725836451904405004674338715779478723408775219607798206832161686184639755511308005370788633006376597999694509581032651415524457787423307611338892712385 76150006229069229250018396638542378545103033370027616345735836266953484221392521761161784910606067521366736390596060327753243799722570223992687659033908985678704821991246101966743960122325749388032879443434445412797379705540139732985745031298676037702100283885675694820186334746117144274933134466990732954209
11415076426400469669806648027010249040639670734112000683249379541266504241447099754671565470325592369890905426566540727123720129475139276953251636160981640659825179501730553247133218612606714523167929323987024052609497207218551621339985128570370635249365940098106805773473321948447321033764898019833892910887 83314999402182866353805944138701590422118769207551043699370794025357265704155262481843143801823481376806005845435102742002419036550535614290283278061307589959668598999681833553566701418025795667414929448956550343136274230690529062525730315724627794376133606398746681695208268410523274483983528848082284539681
23646173282090010628278899238313040227147516162421415080690568469413086477979237783609266408574837371456486711553351428803296698746014423678165285543563086640772550314317212720427493347098237742196479539533852646322000532258918900536186215982918847076189576951762843198996207861924109193249601563776400678366 40009040166513300756104442562138485618051795576430554697025413383670753450280949928701213503172460487832857105948531917991160671676575372423980726436565147705396612534436526301131786529972753361401206019679274397129351160575102588471450919744178164924176533799780346029036370979655118629170901502086266033707
21399136643518765601156254517127290852588067851030142370089088578300244496182097426390103718055369702018474189390496245742233196183699611701239258976466294201603375024117957223876521107824189576780207078825767599556652908127984927214275337398486497494318339828899601606470924708531508789853156756305160125715 39525983790202462331865344769029805473841002319277464909317438105125044747094923628604766149936241839548976753076399117001173023668665692528826390873534426176881934102861785662133088748705171981623451428356052092047939936410246967536346270184444348854164861357183080382916538561427362533900028901088997505657
26304888699768211649179017139423831678648856124789193159586229540930554585748167353936103538102400754239471286536342257596723721488544751568079675591811834291388491932217065079099725464419024603109897878212225885166364090098023910808427050210073387614348984353565814312237715445313847136906320203698381152976 85935488408281076394511710914068544987382177968178101747225854400030712935909208073877942290889831306877140476681315340906317475851541102020321343921491574375937905127157672877996663620670205294454127362511480455362018238332695227989573461636483411032361464355789502958181627447325496646631718776630036826787
17111585217165720325978240561973561381192250196573746240988141830590025999380511837286443787628503607962944528496011514438671333276235298262715443900379664340457159903743790540993579913414500470828636342713335936237489965141356517661513091353978529379328512134430436406536221384428322755270381191758453593245 32916913994013854790146434647399047432196544017030342214015378186745375853525980828732031700635828569438881458759986995097643001512833237077630368802463226465035033693335518563261461654704124645612414128772244513625291202367604985289589508335616165588882140602549576080831649009230827653486785394974228957579
13693694644860574397016119002015398546575999154553337758305512125155474455233503061030112536339746184015092742756211535062466471647782057341337276257525150028474410610863472962763176872416402121372295852355923534294653493179921324796559165958156569229674001200635419527389677143815332311319989860482670152439 40846999877929802664907788435299158745012414090296083318891595841170667126204161958161667633445284164665367951137649948138549095879407652585961158367770017625324820776081026558512840130106201802460430872040288586585721988122906172186686382206067387859185083971341128983888881391581948852689392206054239986643
35310452219239663785250573702193406508421197100883487962527340848560145956698571218576337207663967645819376747966349394270747625852965317899144859137438046400548297314632981726791354311909919407059567534312080399280148389632492670590535356241484345467383188856158576522094264553636913070151253850714448620764 44221461438457236318593979473675957727757354850707061056851285527118977110561879930955353542938119346407504139447298209174173167529368882755763093492677591842119703881699324496972898170852437033516781946348910378775191390525847736968133637132733406352542150973670164921853722108265583734168094384106700738373
71740259722605223408894295456887933555217492818511482080771841004564448413505992848470249302645288242967814109066821258444351705413053747081134809309243657372312633439022346273317488863469972898927419001822313262797966673654403887317590970972975603218074793784444662650339333737342087132662867619815975629487 94580356787057258407437340787265731801654132040078723162108487951426153702046639154222318148720793548827318972736211823928486839222469423864964262600202408584545287505835775029558672846725568975525454912649943017053366652849061096681544841922086921358387309814674241564478851668845834143357962756837587931599
51941429505524964510830347039130534311957381501480069636063566702873057163216296637240990299582333954030107845905209040711956414831901892551735705009038304482887867466242015290948239165268796725250750507734867475510590213511387117548470802536172766092100825752683488287362126540060110037719174600948975350433 109471636947991514830857628161372067979145877286435977902200686035204586321808828690477469748950894002485086698977033047512265643864787394569078218481871865740455667784878500443506225416174791946666104389712804051301766051472019536468648613928891956902557396667410409615762012395383991047156925356464081664407
27424258372624406015648440593258903820204815189472497811469637303464455366123075878299699335351302646612872013928757396099748231499850357755461474404738182298591910111905745742691475939251779276795717083767866299230803499358515710518952471816187717132195587568295258449472780596442323727929658635913997091627 47973187359139037931011919018734461824087352628321952266884210314034152725260425001656934360002542699364843406545496702502648810873490910822273346509865615123473368772655757101334766313840931896473462199956739866068089818401476223262277330895567287874279938495644986391309309129511642544942284083626354419053
21258927914072454737574978264378602048018214377824927286675563240917491671203833022308727212678701077131265496700751354316829677782866664385849874059565417455382295328828939521208882658393823170908853454072031548012598264626362700849155172733781128684311979503854431094246738466312753746050046653722219829444 32633412692599395926313371834071640939874968774564600096369544992543512347367627849359658425134679234499740743618277682028667513627158535758962856502534567516154612002501177604657570801866155164322628501122433818024786532977613210285496817310968791750194577364782718512804469139910134617377542633005404562443
18584630917912557713077181840309271630223808562522175120457366104279873999246185000401055783830302422783739690688466072227553971734215959400077386251566830703365854683539378860137736213101470955373683480949549820850103156643853338880658137196864835838657339932649190283712428530183487143006281598142092927060 45345217100053915078840877444027989901613315000103014274023658777048118337299437318120674679324328520260526198806990114490423108868661501864623794906961248715859178036611036807346971170026459322844283544715186185514949245269244125557734311996130451107230036546150853081550502753642653954301836451495841655181
42300592886568650616461217078079102299920000489014895265675260991412413946802044740672916793113556392583193182862797500706247393154663708975502119468766097833183114913842957434291983549044001322414380624147761482652459105386022214529121468079003829186800645044811224761642675757165145510248030023281450713327 85987173489973187036405504967911542763769893704858515736385032863330980834395143878525285346754357414838117199291126791835314568935781963762236359434993580112401255257106085334349489822684099630755772596297059118407557954369683525980146827591233945273133842422742454246163519566545966405637361229368954780123
6936609933902070004259527182735041484919937773128353350683303047533731016590340181034442224213575355738695102757593885161604649405001475413478990519753064499858777127694191918278872398250750278906610418641504974147787224129233027525517358444078670900425331498858679858348113698066456574557563625689047630084 63282473492170484122321029331228590066247840403094837411447419932408027269677474868295998785548664755994954173415609751852673577683139395942926454240147243305964391426944142659078840989982115925765050481682421006855297946457984051521406673240832074253362037571371672167064323294887071376949379008928119004761
464783885680993903037559411955363052715008522708615252427208046155982223405383609389724640426681838213715723764713858531787313838093192938802908028805555828729776090273219734037809780831102525068573973447812971203203229834270202099590045813029320717031898144052960998081247543306139878089697365987381871025 68793643490758943647925633738342356252935215167203208538655106519774410835041750607035493969154166043382673414275610412584867659488606762251769714013775403384220893377924977898933976319824256688476453259059960491560989545543927888782121651493961866655897524371012142299964014367317592109763313551349495372267
51255860639503035315662854440470194035038269512190338608035772550449445874360738420622345415096069899918930742525712424928910391383545239925405661321276328578496432970570305169231963231345967590050385318630609953270417102932235223396178519934372154906811130262597370827840736654632407978583171554904541596860 67406416707936371928985284145787858161989555023395661322050946425826007247886501696061380602106636518848919906097469225475399000706621825816199993989316827644577296072907421123438254109381406523282384611261316834652754849379057609661234278267651225586467616713936930011368700474026240856950594212590935584583
31019722409934409262634668868085742594324792212430725797533044566883555598132179451236070274885317246556432700936120680566758241206218958711675548849002158553047315067581328050910108255250735537545362149151538807127766012593553606914545782391119746165684631291546809971374444893704114622584334875565961868731 33438731735239529887340503087451596770403194646859676167275957945343974957545224071632149841891056943009505738558323349443082709161328666308749405301507309057614481909574458619796847813971682667528051522742211636556737943719532259414913221548957949370942343162183265487996324105858465527399677786441445678769
6477010559283927487968998195930453804828093807792467808712422248831862516206983467029715928778435377841424223927147537632160996179860555259912171232075079258124072278960269652471212994414638140985874870087587198859181443344685465593496456018221943750684819702948253146056047509221349662311135224935014281968 50659036530009997244026872539205977247646689730083271882280259796005093205552476589758931643385411561963432288167073839137863229433727395671182133520865696073507452605056185975547061677970347634456467508086722981981392476142151524977750313661082624311565935407404777432177546384141939510332339555224683674521
35232165292901799414014495728587701577365740986812024170695480289017322249626925301945471679180816120297116857010532997540437902855421025366057541764920985375878288433839165731797352187699891724246571298667174415319583738422798681461927918415664192475966505054058048949747235937851519575508775516881008677705 54208381336825137165952548784661060821443830818446874722901234658198347336200376696560304697632840863637850916875873172428102503618498711880108177546765941437373706861119775491856100319431070090229117096928306819572152657993379879553051108452211782895665242018976885421444643141744139468883672257711841252041
7460528440279586433103686112383660951787641881695197488590095195442235428418912819541255935948518789069459966803612501355842667847726800855435185941013264154018705276503930799699832244426191851884218763391094217128360813824725700293373249346691216436893679262267930438577693924394090167945871118571959445076 55553429451829102021514165057214034015107306830422284815119465504316781066327311020435900937293619881037235909069888231667455698371430957203497874427635494191182806343901630424626086720572824212452993305813390194041330261490012368559076939815467594868540251147344425121011489498386116317070186545840261085147
14986220785815732962661714338896936019599947543472227056523048219648464454759178447208146793568094321278177821811129977942894922434373272761152052795144275785354518665884295539383898330297278437277032824880975794963912831686320442837446243940000115632730892798754767623952503813476544498934041991687824960261 43647113694049252065656673351087469520070305738498861741179622719880416010190760001608481450053378634233769923992180169648628185996304730986430824470744524527407576642983865436573669148286750639905381681203301858970269502200709256272759229573062102357508232585428931369830417231870908308523834235725177850117
40779234617220999420305973021009082527163642762646522442567001807009870670872895930107867989206477741292883639867433400458105163246809247185123396007759126921300411887200662731621483665293178462677186972481836275431508540508620823379347534914082737017271070842589685544800831220825912728358733257194839537374 130014507460617439016636022128652111612325445458613598543549430785982979661500175051829702382765912006685336322579727160322457673854505949500186347466977464223769643338247185851039588149091144150675452944572055224685970374524178579174364329862281061715337149805462608618311379394458336565049043299407817792279
17127957737253796773556452246729582867592393572596936027134839872190180859128826256392757647426689776458442063887337148766816414954353106963840696293962356232728948431264659381949228491456812218975862682445481973500075610012032322291762606063420372152459302198188049801135709650041337909070057978348194031527 59087327658130954196739455435910779783329273644279866283169771005593466285136563944494606740516332474158585706702453830235359368663352313198072028096899199158862027637902618630937476367445098733708622997390428918583552756235086638343258775898774784264471042916352121149676389201983986819330338989064396002563
47241832602228105636713675868288459073922970779800680911663692165685582327863355373625661121291410804339369252766493921590053344456206506810410072692553402751257415658872378158768389799960660957126419576584299193747922289979126149486050230800850998315689642752581111351553744701796933085157649990107811853282 76135533213678300196383497400458199976819829856256583427769276840354750613633257625072977606599188448510642162865012952903929673269952930527745792604990220756296250112334307553742783526709461467804990005953000296478895562482266288894012652709288211540151590787130796922183416666063603069806498801784721335951
9673257534610067423864542271998842504134736619758379472149626228624316944942451545147961020245681874670219400153631439021621744649357972590971625337495973496711593315277798581876146712309368063028953746026259595994765278599738895558028572502715872572446669428669073320906774142711579333889795493742017911018 68631594359781997129763822646572850959067716173131527935878085522976711094751760088982373308848413814058057920697240407697595485534584606936685838317281523528898317434114000538614569708484171054622238198727854169601388104635422698883372925385482945381481929527367518113865989611798133768081265099179874303191
46164385108617237246358875772779472963889423181040105619220278898316867169755751505543823072468076995441018700157856541059039699097686626602673607843835395078032550718609031191180183420941435024548353820914470087596994029065368421996827877184544961531399438773978644870723181060904079305411095392548863352004 83060355561567234003845253108482004382766732664599690584534306771189177607533367130766955309408251675057021418853953146678703269992337708983737966514323052365018592635502500807158196630160380040616214373386639743703959950212051840303002723733815007829295739213917397120031699052600895381134251827030498625713
44127176757091966821841984152571852586133197222836420591336825002358464492349108242202430128631281051031854467952504006426742272179713933339212757389079967137577681247569564911603443786728572630837052248434685292925506993917068009733306257852919174925656984982983562182439629739538155351422967549438208078265 86271612204002313758089271055011408380924577895098564147407758083000288528191636520582734106797405498223520326486756514416218511155534408373821817117893679312422336532954754957442393770982304015384987424524237943838247479058453403950503643772342370274571561689717287970325947032850526213880318323836662549127
25150609567418685630911417674739397787180914402034274386652304026388926334137908603998673500196043595103293908316923247271387997781264576538670773194424871891846964521413640706553418829853205848474695411532596683345026946554664183600835297417170937014061175175386389667889311140741554132749604596243672210941 33968273262332491136969084642865465271713969543472406764861160963180682319609227067223516992138317360460001542167727423877963045338862387985536632502743021007491735241942179031315087129392481306648497834276162217843680021045297443407458378100562376785374050911764142496397336546362937407751081867984834255897
28543606506313981663872858865109305698282074603571442298217289928788796070136093656204838336358362312112163006163987925232654635521368900358710341123563900925775132814907757066676500186396958992790155310524699750659040634586120059253204526252417467556532931181704285163608632401741864622006924783762667649769 52749585214569494603926427771851940828040716550051939334693352755720172570111950352122953644845330568923492796580331091870991351865466480440681280180772282480608432011838166511699330010665332923605298083930040773218312671854285350187111794841655776009927155933457254504477747959217739412872761984431054540779
32424266564796143504233560103618930225201051018859378587746860037383614883494070547637236140269602039254197359128574331848461433131889715869654643192335712735578709557389811593607031926321322755414534730346529427509517110492778239401570612962262488619371540865230877833261857823985334257433028985006592463331 42574513652171467891139064097241126190285003206576669302312313552849873347458281705165845360279921256023394054899057411973016345351328174987835885717088993523487211235473818890599123946402915709426706369879563361682497407345568157242046192956510809884230631153391745801944806486497320243659335435627487467599
60146160354247085601112477490235885427782829431005515381755386324833855416677214140591942905417995189974944838478731314448708767961767870273303882299826736474405815723685996923052329878832555191180978397410345900111150977693991354527129387374595768940846266612723121483825851694890501509353735529448642386229 90924873246151757660273082215628297897108414558404999967893913271048594610274232934268527576027867251373561434713465861896651020115579424059623060254802442718459521200199145237213536537275200774330885190106906764878026641456242960707177127492432775544566555377825693249029905808930693573894490466954042999457
24242906882991849117541090354437951151059960346774262282281502027059251348713130099407010481977349996013270735077776211925301866658837806869084122321221135939001126328474712092208292334124012988894847659026752701961574855445098481809525711388902174101611528300676498796838121322126368095423468237777902491971 50244556933360304559977837284639665580232663325907928217344056518048294581838274831023707884124962725758796038490049890726378221745402835888695118609862252101105066181606415122356616152894841151818876004017204083954664128206904042914655033757153435811146390479957327214102800285610029539321168440790298936847
15808301325817869193380573825268730424691432719324594618668505774806363257649085375219878158967694956798978221638579089569143113984842837738608471502285103023617492229576861105188858312403773458904495289855541476526403602898682784298187921031214630058841698708706771485220050764526665957193484419500176945039 53598616260850516762879704176593485889379616918613664077906809044701182569861532654333451385147389009039628982595251726290627244162048609273238475068769799706601171098685615905239949786498885583793337818841638863443548823852204664795864121896328764677359595029329004597664306392382864716503326180027366068113
42634855435965537906031693936918192221517580598884800578637090555433008831309206000561669130495228011033136656315114011993826169914394640678184695259427944215547032749397879241416114083267505664505032785641073817365728004273890650492563258028799112923923435469137166630074170739348841359630694329190873575574 97541054814149641209488929369514321534337400636502638320426729741058313694645276853179617528626596233333341907724051853759933906676893539111570652269919760174283977590907234749384743416334935819500344514287590249708209780324412085606700004441016362037452096591911667623073352689126774302439644626500103626671
36454141406689073751555107357418327915315082016913131536980983318892789731222795816525474533445903193220352531400936043286340876771961871127840286634114216184701381467957437408232304203635970475857301453677100846803720519914631113214632722265865782429187716687948771776633537935016841467759015040174122316898 38723227609785853466966086038976477771123135790436147776085318818897085733649063084768753133662706997130098282009439070430225519858869727046170838037477096823521316495048952610556349915481770624057271718078265601271945326706619314361751793140002751660061471778716738439560854226440995170399583299166247677077
32323362849255742250299841691652618866560335433707196717621425174000282400380649255358213248728906798491398961615719093772050703331092686310509051273725717134226743589915335585538952202137410823914176074198314299009611196397339573769861156353792420127283134118187125942480582439222861557865163565900742988491 84146828554414198154335949708379843732740714469635773458666127571968468314636231133776019040587541725504612940620607437178818279980437139398939082546188265445186291435333598460180209974711346575973919937660873694010844052131016499514305310272353495428640942218410409171017599325890181112550437719088789289747
75661263570276501570510430512863329769693055210053418057480726923992901571488543238040077076680480697145919051949276867313016312700593583998158372100837720961383963966263606397732143547283235701921918172062032768338952785879850883812735112603608032483376186460013689440942625168446795695574771992014061512705 95963210564823449401068648052598089504539597060634758664668346850957118762873568078560836670099854173221154912514876005509302375054452916096650571745464896284496619013299531098115521946756674026038577527315204470463458378490047288440669484010277848504887282436305006509979016605328916459916294615163435400317
32475834298227822466131439636833100172702691780292900570310387215529136168304603853283389517027398906802938992417496235106709072073070226233408704085827007556805974764638606610096015685169733406796725636309271331507693880890329653687541809300402193048308227333466642221012618396926041843173886839088481123529 61829424475369840352120174589446613106021471840808111566617406787046401118618288356684651082273715538296971772163344487055154218550799891932785404464408560271118845124477292446662040934199023614547820554678868393779212988442195660974618419366312585154128523239781879680834947266898767205097381808378644574953
75420193913171056234952736376201936538611129293633179817252960658850916951111915993091098246896006334044855907200605663996104710274080201700641992538810402344890837939067581651205675299599801073190781774090257966781585400931188250885503978626299810834863901166164510995775630404431883336831759018900278420355 85950178335252341784729165671898619046771277990349149281090051535348599916687310351875237786703341045617466271609979283912963072574707913594294893179329804788386215142717824567604451719843582740109566466210588900747261078486098847612766047845761869201038624748110097486423795643584148478163678923394213969387
19547748245791022345186899191867671011460214817652923206711721853142449482506242946557794287583890844293403129529779459832495352839397749277758267177916634795977721396594701191721430041083563593107398953805764020324702628805882082832812974961139355308467811892722396975342465354293306524536866732225361046036 43551434161597612634858670715779392382656676096913884503429970101171922554025943596039595032591351177476426531591112049407663786913839255685561273987058926523652862411402419197893400254455753193921762017323800685820261826259238799503240603314831197813838333278378423117725580993648469751216339368579799880049
23854423503949628557096299098569066019925890211530718619166112573403253037304253297096585074741403113387217679856816188008822966596104369886794581322791956432062082622761523268896666119766130456303918111687705925009806737430413827274274089902812113647095101620795464369905714206906269444576131802893637708856 42521607960636878044154140302773423552361260019777402958504555889283613953806640750402006843088126334830412838911781565925548851714071379351661847898792343107660423415958557476382219712230298673237927540237162739839356358514289088191948818073176039541852608349090815782839325354237976064725411623270886822697
40205704083305723121344344185441789438590333485380119250965886777654837217349855243700812463520642496207434047790619495606628785826043023066477452028628705610523852364763016520446174508126131342859427192830325756351836962896809097085978518616429008044745166926025196260789199064729012898862669962171850612105 62791506899408326597131606011851206647877698571221142931559285665926118880894692238483202024252487291157396599814370751274926655825538822840849099146167813253645132243637184823466097957988654647936275157748799619538699231656720420095299870551720736896908672853145341140079111173844114787979580156568210252983
22618939102057009470455294180863488338825999603647925630267272326515410866952664693516527390012820529172594297376714582694468612214445561341540779487934318843183481176400279816257263072106692339207369286039584656629083489751001918393447922487276738378389735592301581738599984106568421641822591057304486698318 73425523247111393524677001736606906689105424870386034113045854913319379143589500979395773928650827113514983996783099484989733944860084526306072497546159276615500627103176860374021423768166511326078582357806432780742031799338055520908798553887535632627387212067415578350787969906126909170634122722202559927171
71259440479375485482144588008538842090624804295501689723209058929855858802113164754190025969396274545346282556704895463971359223151599519098929041050334538516640096693196175062938737070174127931767192854863549064876660730849850079612967450679532359572185368006879170293422143416822492876899669741336341488695 100917715517333489638407359612493958169731780406609100700652011602505516730509030393549511364428060206249659039645227226799342634536194576856759225930513962525799014642965830029063020145452939519436531474697022441216494693210192115529189720299171046890518856696889571456799373511664744523113319505026348089863
20259744284262398006329701873106306032076671713408689575417456038615109640474054457444394398453851179425500809372131876979245885948649171255255827790628463611845767935161449450643739340778013759283313546874404676957331273647828923097652105356344845674894747415240277059340027078379022475475128339011324232188 74365781211465885179276774600781780525039287431010919425549927851365111508173539529612340378060159763699876956670143750352927524326263246855191438126124145112963659285811203603426165428738377278240276901502103939146067874050846533583085199643535914337233818259651320780131011104240036375516209523153940049211
29989076840702478458397123089189794500746353648024658714427118801352519921012777243832914162615830839247582459714860252836223480792558330476946554419779457399147360232275624324707962855709507760118214741251172387240032263204801905738891564037106217042719720251752058158297482718633474479529487008035348993434 72335689102360125906743831663893301366457098222964757324395535384504471518082736258198716928817090751729878891001419474191154448512472940562065104831280634796406746499329849373230769981822309468008014351601872224581128578232435303392345577328143816118480982292528363395017642948808435736433815495231159006413
68660426672984966464574615311085904213177348711930765883685768629890999692528141590948833505359395813535705439837305350032919060468071723889510261973333781544274395100794893409614232950526957414583626529811306135980022453625141647096098970366120174276526743322154404263769587908923691771563899948177868647638 93722151861064775308757877648535860319621630719593306378928492948384369147174898941358620306427929479164606768555527834520813541330439520280932918620833826531358101140805367215385358127591884811062317398237740567700899427118271352735192247638840486263174853258588364791348902469627960131581859301871346945713
79903401184698417905590705713508772653049438024740119147858476991411891691531455856384736934757824828704556242846765893650612687985869346283346444542175269698323012125299662309580413794948498528908387737471051975062064290819903107779552366179019073213087254170945873123512542794045615666949983457277095134734 92199927588816778928503652056217792701695395632949403456807091299261034471618328835640320163722820610725004024411171212387573630161934750249733745124828926415935173267744166063212054883552607260289502153716824353169495014029044793844637984201236602119624247520897931949560837622792011943875029527592738361793
1695416667890675045774930838624608050145785789716845271636441928966844132122333895716105088040594584062203982023329872138062911828902838838068333033065375917401861979159411827602061942400557949608467015024328525536313654268906020203888785632609227727672156587953246784659301690640527830262237306249325334780 91523084995410505843059381020534951117363074255960255781707639034910644168869878276541631316497841030224655230963402639401883971224488923728084074310076440226846557456657239534528152611741629539897247967066100383221673871564053617505467465951547779665065570060232255106102236056830592837525900603353468591983
24760382939496793343111652585788535210017154619422051845314777394681074057034684178665479576709483951046205073245522700000611532904928297403399653179385725121278555382778178918914848584951396275963449780520161208461347507834758521612179296967550113725219500579225858928918941718796830644920474952603245249423 48274319793344493711462539438786471098288862922000433243911692711170910116246442376895506284244360467282335483582037345224460063108616806594034919409786271736464961612286769748907870860500648755943423388527444844635640877380047251690831732785652709375502285494524059033622104200643183204808901972483829504621
53617268545544076921187902048162352817874264620435969920834805777426743853078938742733608624778438167693286639354674713698598463047609406279295317829828816821683175316175858516561527465622852629598895383730398966729614980449311635192402909647387383487030976288692141231842209704005657118088460004323611630876 85343778819408814265265676474330078179126080336350580501500676538920535591811029655128388616133680382263904287196351099399230543972252103385172575785328876786236686937390162152730070385952958665725793725272273293169849448572918783735265106348201008993963663342134896959829885919852261595690454290328321805109
9601023573008832232036727163862852936037757546252749229429830257856905375734950077636961348298137133434543407144088707047432260782704797357427024153877738251289532237573598517188529187873584905498260360664351562767283109198552259119196956830556360959853969216692354729279965103379489625929936204668691449767 42941139052538269127142431162399347700243220137741850753957605477507023974223876879723378939284771248326723124840015219785197527537122066082887637935099597750327215476491240068200716544289798245867218389760986712758232941670280811082044684901542726562569065812848806529975896080159402965247953278457548715709
56418942728457250886325675400297257612856210263365688930146197072244422096445077158471299680583157454729250706815781699137969364727886582001367016152624181845956755097584478696024031730557180071749236156696146446106144242864402384279407090659696635631892102014171060294414947129778329817509443009730065855550 81681769574006571334504287555321904179777435353794339177741924872121446095805731687286745866633695653281184582409793377263051918124714814505222857881206408157672172230085569002385654039716269257279166220882035354282582117651660699056427744033343980141349053745441870356485278403262205541969425542043348480421
49783469322796730110933468148105647251768451706579808485907174209060518499881246692261708653658283330882992062274596639193825865144076982119140728020216438558797190599111776421588269767376127390505512362539495308967568736201412152416263226733422781584447020629004977013992157202101048521242289544158969688969 50602976250143890664407207033144592598075136069950173437381353104627532012507155439588729798887678690168621274334314214765883739009536763959655708574986331732919201399258178089024578071590844867955979753368185498117984998579772373473501271710244757184275054110692354335987135599031394111363847736595325564091
39664871499013966157277970047008004831429604304595428480242878665448430190994315715907203097318848640466214064833098295249382644549910070416224674442286779776226865836158308589716063628244469630618124240706329560747881977070922686657100389371013055345236081711999587212623358138015397042884293217593117925339 49653641623517005775254641221819567441540125472436178042578856688983493195990001622662405790602246613601408950476774973580867314196106171232646247950219261700028249691706286573324966752168347607785020537444675662603119157409242917449140624423774508338403270047815132640094033014555835755880497276085130474593
57767332455204423529933901833936442123652829051212490967228289342347831446168727009990193847788850100756704442831197186562060026300125835933616735059140104724946800856289159886780569740919665354035962649752479389843639445070975539966730204131971615860933949907696848845084254413964412241440441753965804779978 61657719222864347839627137608358121776079517828133011788381566946365761959308728959651455125654660751647411004377774303733976838250324446536553033985108223532686288404443216672588685763863932222373831117547399010880898468522792256792155559123019105797460295486863991755527224702574342396947860043617012106853
17360065126721716734647962396832501403623584056154101562419245417685215998913597257748874163798632580180972930633346873039468991201644002385891235241499508575939969192814418612215653161658450022741665204292298416899935321332053639549346092064141448985888477891259245032976112031471979700541888196902191002864 48238246793048812408133617254882277335853598400964006731270160177629283090534624931642460698983496387798566486712126962019830676312586452487303170605785699591849284189165782074549534302038600203530723299790812197311272481627049318670012672061646195536898282305376775611595970454380414034096472449900571245943
13977424274323120363696042315664978048503697725176092741547833589817042816984624190010648189208414006664371253395296975115395221204805938967147836784078274395528638069493541095328615498199367625687182585014250011230286014033368331338631275026168101233356710610021630819992029964527040833705971834053945713549 32216471666251108327855949147742628693796696767947794569184135643065237409295493147902433317501412221547850800575489223858631955989933239083294981309641651814089623471793961476080448756255176427171160938702611117013517947863817467808018532567308405451415161059689750212393253564164637765560670194822068899209
79687863997018466063038852443175191068765574555442400110462405187001578704568828181677219456020057271539781714979206811042133468795388037900713910830368587537119304195576981522680734780195784442858755421944821704319049434153077453175888915665169416281313990563502042497895963420684787511509556797570435677477 81919857146803094804591699247937878562348906730414350282061767780667388842286205825331569487012829010569019240817696291746684002476289178244340572667194369230857978739377917258629855538500352402409857442519912809791454504852375749542403322296971354544491388645736271763465933816249290753353628191121244642381
38174678835054706829757615192866148206449461125738441296468448101658562372047006837879322600000935086334311420694173667536459010436373128067380362175607007912230708991178351901830426275904621357747141803134564798433676217670406485679867544338431338103416841798705324336896756874947032298235239288131383102253 52560253155873739736587564201205312201212909780385321678072806540675190240376682248908590517470406234617932686981095276314520880053959973044638817963250830260416397634707056576890907025700355758833978752907986098292990081535213892633551978529015215480825989537054325887685407244313240632583527226628729143157
16999554095896135966955609550737964451911221813379784280651078345410492871353110926406563069695225697248584433451115944927680487736392468461438128376020621342479519662764280439659221077623567689907310602221332864932172969030648030990816970871558722019413150703028761075544065203034387353879168496842896036071 71009218233340798315856710590759368711610772604522864603052266951317976197743481211715780235882862708487281918448275472166586251384444369492025842646957212405660325703931028604568065783106843219023861168905579860836509633001630636552637727109501889761492901775840998068044044623831792181167461666077427660353
41644969735799311634086656576504398534388535180947052636716005839231592150386193890459476743313559824751572110521036626800443236756095705530857870957531065400019408318538799519867121410948640195806510209658801693396026675777937391062119682485929754831212301999525401364359446403075797706625057323082967069447 65377798569770726462446368752851101957271792487267801845690310894470120858206389273567086493430657946836948735312420094060213862873913591913505935532513737680303106982361396394518071203335956795468602348129361085738684083359065832710814972320237097796738431905353774576815313263491330954729560381273641877467
26490576265245822434742277238017755882860021191777527884344038930304404671440001255163643563354778672639336157756630442282411758655291889623051379942722095506360836179260129331297309605201986550588727067808139010367891121263374404164454690753915418467092072248454669996699949569264196049362529696093054741579 33657495431272103368752128675733118663490699999941443749974835476272009597092223991477410581087034511054554079257568421307776497374851386285586958122169284020135491009481647935784997402941569856407620547812133179217406070015312174489881375091457634532456636982026283443553484007855161281686140445448282722709
62155480344346973146617012731662395369813319006814523196990292477728013386423597346491751544151533887498771238404676767973896347039389908291378802932891517732348242973968757296499119544094151770140268419199878942467974193196416743474163066887237366727312090586222543773275535669326748882381860945311511148363 70484000011089291699261541671576965964782095720306112833473824853652229911355390917645182326370476186391454755837668445337034804630583103291991186443185229636949830505152888963222586091834439349058729952559613480464563252025729374691655222077596909737582952278456300308199099851960412543041364326041658683063
47437001988094740010224264949192742924406376557107720363632332637940156841594925319548656813910852662282179099868165646952943274748976267166893486437926195482839843600675738898799493566078063300843667106338987558101750708130157653100157899994011196109873060637663665998093019353615523137937170138956514358507 54574391295010099845759406898065625726335042908500312656266047799342088111270265493264470488769323509261122762336817016617692789023145337370082557029859161264181571659904205637158342112714121510829701651730028286726501979912683767310780551377759810454797509448757374257304359306422462676496908301068109157699
9268308210018522693637762602256776203384644660337136647818461379760597606062412291835747874466222820816667698802578509772611548807817252387539122529665124461720262226004559423370893487995282498525199445812242855808234552404639019552760490923485245008167985585438028218047619092873601806147323614092154554669 62246543579266583807412706104854995468392293676158465416951753023221725351432590271618692070854008327969323572554458951560311877653398671673358416608559424060224273077071959709274214115828151898380269940630689208012595947377424991051385627255159719929098174154201157354633917747410366712402785202764571346291
22462654242183329190953765993028726429673021566695655290114402573113504991948848643614747792874525898426039373588572386515085925386508394838418955442488093670945750734766157503002767484704488258532476641317180707731017332172051415522847566335283515680796739266266113849075377887164053859255764587483566438109 38685949908366960797907485922359526601233435073582334667611060679941149749348267825898806412219895850554861148824453422087827272915896391160513066220979936865316706777757303759344484612638066292061097497240562512121722008072606945096048286842109318015212962695717983990845603705514623465123644420095075598013
30581261536553493924166198936626057934977426118707613605142789879086502141829777222342844264670046262955782320415849494879113793170156384370239939003223520720232248845723964448864705261264836958159982701775915337437502537232849158584220860747239615216213634601294871768001932787020086051102327063886299054769 65527964801421878874711068667989841912913464053189263620655427159068881428807457290568895497104091958164475344358443358572202653425917980645601931478219244071512944962350786297828064214189700355074761493181780851591505222885761918051012602693960702585235845338693873908430766666743858988501482689295282172367
5302438603322437825678108173481080105484787732867199494711733239644755166250303151842110979346313615803775607451857452812879861147731262841806981376600381292242028713046769456613528408973785792483908985702747333112963772918137723473417052213967781188974882860524620884192066377374391963354090043207323213301 61024257388457374663913413943369920183969621727185261640582464014815038823224517005584370803096436050548840040600388481652499200227039824695203414911682113545714194021165096570425708785303017698915745913968857900552570202512863586657585485198659604550038650423726672301469694817291573988344441439853441135927
43168051439719831116647975911544676440631361078740967784044795621075742053709453214418368275435907734419212787584106978526660926593955929661919288844461745603564912624282157713623804824955156463643137783404860960501636304448389716136406494944835107383407046016799019605932704783878473019360525675163963897626 43962037748925148421083513129417410293830161257544495990623606255537660079180778200775275435396483133955532900899199152017461981333152839319688003354424131491138550286149992481025007149410709385211400086890506807920282970922819789463822701984422868395602568981204071724672983518404841687368584939616450227769
15744828351260987123490301116162390729008796707260078378396532928928011999460990525264240462968634872139587885260189896211275547759763309226855278265572135786070597767200072357570310914568291952163758699287892834241280329866768354168757802473355238819044031445364819545113708157483995265059225671519725343539 114426644690960035485059905440550857347037856739122106003865841977361722681236347205572277099900006072588528858359519728238828567021488600001490303490058109875313812936439321093217888774333714637596310883576091772061578139564704903112708064235080311678678252186059472856350980694925930179867057149342041970709
23573773911260333179555506448349322386955592117408900598990002751747372268769607729664175002262899711858143362758683462693146174877048693252838844883238360923539321906091736037246307567943673965009425525124725630943426913260197508906698030599977843987092437269652672828626588844751091308616406531358430506223 46442611076699546653051689244505804936300930576292768116724197936487680994773187876773304226612210810997881857764345425971829131962617761571818822380917566579395773281608010133935966317495662578790932580200922607568485595502503080570444875894923082927196745273826223922039277094454557311675418722895640787109
46659220677700816542557841810484550147524952662434171147201040510030010473501014501549428768919175210241709545494057023574325802329695708337760779810233508441066029262086658485336850661725765927181413753518643536415959181902292874072352546779365215588797695192114122424704139410141156298774023556015679716916 72286726500781479455650476463603680052369351122016736995678514799080566451558226752060137252614679971387735502724760779713750699295805595976916787429300311695219520941918648935114563156273045271287560585752752213197489868495549262611086260557122308759790581839956316240980561057487804782178944000746560255211
2185121758800960587755750947861008158415876811338484544570225551153495221930592019617928595520138225653983445288128325795814967238048942588305101025894758083666754944684964999934354510116526119942963342063830042230088381666176071293012086119329661107721213731849952998640335390854928923731785055566204308107 59175737298051764496478772568626023827657767053841997310959198182220957280815422370742029866408016350928044850593491117442401828848126127321269380656349722508184993246276066261140999147788425214046952302741818057964914417745341018422071037079175226907542467603832045051155928888544358683077542012240536457159
11050942709271689830029151397932909210835454915919545130381517232658135597640098373799774072972872154269155413763784240245747624230878708374263970601623873195857950109738414011743961037228711378400091076474524464223949770882705144008798997635452436736695603882657214352096312330090891090073656965438340886608 21441717493766622318110440373838172313423408854937865651989109566680160947486773041361307805725890017021003554423933099660540992289885109359101358475194947531227993900872605752515762022522968777789173207291504204718509169759853611622640132594162356440886034630901587282852478695793479823856577266373287475863
13505518646510459811483725804056671794742188981915215749225368765965083956478536904252859272374568403790296274310221292946862938747152446238533645350233394278054674898952586153531783885259329063569618341378797093856437600912704343888962892178036675780992615578522323878694994185039160579881026502729537310052 103719448048101153799862558055581018382664726817313311797350701413453962055465730870217491672297476805560777073329207614076284304384660139342237411178174600281024362419334671056796226993421613933108641462426483199706995130974690348179125323829709976043372546256237428123948945073596592457531841403475969873383
20551397266046800789024632723733777942584313284260208369707054167959173362042768116929157225591542346565701832463027591088419120858288363812582124478138041517635930390092080649359781046642475490350686265331045191516192040144559633787919220750303828449857087254227166898274521883958989309851590920729287714737 70138324570037422201664074239205354042510741155735341733391834780017887073372438811429521538964390762960992057478269076650139680717749939086975696556918514922457754166199121060994536361615700899972239526870607102258903868164650034697780273713661571710767512535414157795219508101912195860868316665827248722609
36078226712098425168430925542202858049624590315338778515239520006895115375391685533040156477380059870028524122276492423330501736036247340475966119193227273753170932943445773575409804469228930018981891025134492190073122459601808709912648593949843958877584227495171977224460436350985758887408917817101463913461 44399033169528290596043608981094369794678834793553917352885958593409406256011658242273095406860658230372787942623144253212538226653911552911305848725290494656150603508459190233070675875218374627275938402406480149529989376010283595462805513959314702441150490966884844250697337147061286061233794349938711700121
48053392704982146324251824165175177112300801215262164065321403582105768914358345410358508737657946444727738299036528832424012590531104912123953034178303005107326600008856827609490643480864714560319057816143282959552822636044822464567895373166705504638581482536106174013837649039639545811895035178019697755200 62419618822022807788637076793669888803444286869709451023944909170010279005097674783677238679351642181722410069027353684186051832434332958758792429382323259807713924004130029714046400361877911827666381267653911967381431494261362242286914074679327137019572725938018011747440839669222647311203259330184583913287
25418630853260254804702883805284467865697593183424910533809016839851273586669039535376045042821708745008195515937757350633915924012920444894772993119627746306189686088062254010928842899005002504864706419095735095700109352650387066203432975935514013170118404870370215012108651078060282418433990651768481047370 33176806969376319310097499930651489435819753394664706513824919343276877085077346297275034489595471795059680754249405189895081177972639809134663301405503883088915637625127364429978923357889237037623852469724528516720004144916258665812686018306105950871756486280229443666858260346995769731975078847875783819983
23008202992693239866194949757709796973168641769797635306456828333443037680329827299433632787332298058503207011140340710155654165625463458979458501833800042476512291816180753048750439004259497653310783437377025564752303226155145122064881027542159981931848725181276521646986062308799007471315530549885756637851 45773407925743203573196294358487063240602092814989771150203136734243154492284203244467096480104366199989163524170715286792488196351940524910868808493947184656141914719192239981993528807455581572291379774516471550543567404736959069509490482091728648188348455145384928424912428896500308211913534328339793648379
41164817829603605584142545016969694932733372914066985839013681458914741603618764285835651227687648420731308475737350623095155286279193914731858738236086563727492876379671812793222597392030356553239186959832425839710147595884418784419752988580367620133516092677953925744757446243688037945617643010335023181000 56941801225797480383915810416857458937100638059988998959996936669160670363703854775657994156749012656393613567362166791259232988191951709912829467654852948755165437128188886819855358253093200606830069995309897879090205105848458844537254025087122450812452297887848949017582184041224262344673460892956324353853
9768295823605880865219303672621768799840043473367709596956785505593159285152937169895242923393807032628465882086314453973150857535132552477518156769783497221727234984082868314117691280470532285920656720822178707248686505439857105240655288106041896342562975593101988748147864816875613016615276786049770451126 63681103276886039399303264520663183878866379715427412706045975442000039924507856093863133514895753792851759957986186318940856963704958985415962319963886697142150959526408249729093942165271816875587172768192459644641494113831743468548084130272413197431433597839564568562044696134153287079746484106954643775439
47557641816385926466799864604827424211746897253230849031089941495304297932800757504960879475495311137741935661300223073771059919703476945170188116181936926448195703580985772452150310388998722788975395453193425278193219112765830635982676472236326771396757849466236835946391969626005842334917570509937899856602 61888468863214051602837858602631562192908326856264505435375917441781440966779587985843937025184106608659767947906641161885999144111897842734072757201020135341465755072850416851384543932667101648139600759404503338175190715490836344865901260909533840719459011777055479312357625594948893977777183733819604154437
34597192862693742519517703415715219365569487959536792397520911283328909413783335385489389151328443905466422633608147522412469027678078598995429054324399412428016166729268601002326655207183947014870774658802117293907485430715912239176286895929364550260609799806805162817078145749651823565077783151693919516671 65160468055476781834220747134646582177674317003451279223521586824024409528821364644648132057211493217358680936200400264315698187903503596353198951930640286612004392946863802148769999965868076645291667774637711020024908627743519273373636580740640157117168346508462529571033342112808377672829907622854500989401
89369854381314979784091053890595968321133565930830209858050096381873804508780957681556531061615343622786377046456828943436761585858306841757774443846633261945928227288316621877329419212233639920116790865757507147968916842943546694523659720541667921012634766310102643353787093116416211363404539043650484476926 101415826437925229175698382281350835997050365967443280028358417929276232849460553102362521757722677340199711740932955092184239864546629805377490444855464687600475345104909655953752396672228864222922029256675107898044467687496886344297037956765189660607647094556788158176941960041127804687136415484019028917017
53251663999720025265488908293320370184276300047473253758653482092929597573661631541932031743631927100858511205960029970525443498919633452658714153598542756287635740334282088035735301962653601246856195306361604796608407500783294808816160457623022128448144667005971291415795270395922386455516145973581874105236 66189575537809404150876417183935668920352298952225612438787332193755682228950871482340426304242736595654370194824545764203198811290862756909644943903737131388394640858518296525400288539700380400956887659905474940434089787617667335462536097938967473687996135445179186536027793668832246131384506975672796836037
20819031266781317596173750438348538175545086512015629191152949602290026855163803548671318066786888917880799170196892890007890611493729629274820926227417087831690308247875629713569196682490947334082766296075733618087944352682453984646141515772606045782981440581156264236208984392440609217187033375315997615529 69347890410348816637175397761091410614222763011446401595291513161511059634411463239340858872812440769333940955284229636425079227073557995054529792700919894768392135078622337917036532905167523222490361432285159413805981350918608593111591441817197978947830665466626610052921438976857183928884389245437722168483
16640144652797728395316131634136608707606415004108910200290997802823734637120210494373533723977132376091976258821373828612072105892223302908712149309700474360912667215533718009076575181613788697215230071178257776065928252756249117766212082483512824419197382236636313632330258023587590161701245076464102828084 27856770254237864588959641577625664229495587802811809535823993829015596312050580805892966197139104524627713851331114240467953303222653319376140023168295297953580402184899447361335157127866321205563640932097809648323008184955360595342646499066050302692266776836630626575604879652479413520639427567410285357943
32211348003507703168910098962712566905858434388464476338850934454274941747046150949075029226900243091222608389554141747375861435232543327629964860922526342805268327964580239867217478923696655991985339520583473367483834158875360513783850358368401766067444984242081744635359213502364721569125288227640473234038 74254246162223451959269236664494379258350689086026439108169481771893799606056946452305126059025216754089567808342438204814048653990631959318082091167129628829939514212982070953328229914004508524990974001770404569520617675184871547957875252660920326216770258082637322875935881745139251702402720377479236235709
26525820928461494928984953656146763229707851098472115041137102273254322032861252283183631728777011045033374064189113488697959370675655205567645589712316262836520806054666582415101735714843085513863360876996214112690876703736944442835163993355436125291652847349455063727107557533513607839200810752680116226282 53442099682136615443018926624500267497875400718512437032993459550343631773922631917059938126278418830620843615035261567045236221132694842369092762219298791486167860042619051891677334419841867730096474586338198453485068351528324923015924631167031030078270619663802601158640100027276288578655450118018075876901
14349310040712753922743059277504366833974126617941580233006445265497493851713659561926411455078178093839729658719190468425562868995369116268571268272882121259131176058779574465911504424979955076588344023203643130346189018743935221239135423555745079129810405930505006940032590831596276470203485676912591976491 29395736673531155563160576601690669161882513023500735313831904411796814360180059127937421772831261171524803403446263066857517386493704936378471838651935790980688572097878800879341202143025592464057101071036987307998473594235342949822414351657181585538026873508786730268332535463399144757884237458315324741083
8296881730449883701407711168754257195959376127396328569229857469291038299559425576450151308363593159706625240264103486084236950193442549227374747827517454616149874853198922984978782206686330096039268767912781621975031051360379903121547776967923394693674240109260472897620882479178815670146655237043642321462 40782706562001460323051748210124784896859912901037128425756107210066081442761675717334398295382691654964337196915237596603991739987516296274063701789144301936946370366048017966554176360261118064227918444808400540963789574842268137484949172674343983296627842006716797304538358591556097994526362428352376344071
9566574414801052664622048983855908627155122040191500343035079813753039485387304746636433239092027334952585584489668954520870807243536340539484699260878446729427195269611785406450485152438383424765255628691761963614681639338600789577715270150786406197210460562215137522556794769836206552811066608174470661081 57416048630969077495477636981020704768928955555118194927829289320794748207259956386745976199645510394050640978482388337617220702319630280518964662092850378001486009681448488830979281295063175330721953613726896302249463612426573276205215438530676027347113878133527082415386811486207360434778761243650346700839
68103010700513799012114006092573489141234096903700183628399921481416422586996405866785599733187893848934416991211853964558087104404471149345422723156544320483126199680735504721137202536972884353888913599908776271645429062563269807867313894091237792488564477373033879989913481233509550251106848755898341829731 86840223821417608135454248500619171860312487147698985128856388500370813751320169006560019491289309765528988230206942632166326609183236416767703301294339511338230302040802304920780817152712129478430963148120570986618150035338831971800093297881929484410031252601870561360785692989127184045510202773267705755563
27460503926082240709018858747077620194385639918348960443629011900465996685835920002843776201466513795469487993702971873000450308924305722828195899460725555360106373437813503235391168082503405206967268481350462496310850076697650307622004819930831163662207271929697768003464572076928270392366722316815777396483 45618112361805938876324128206842465337681457090834194175992326470648657167127372700246621284705795540237398207238522066159953134304901043558732989086070772598801212714929833696394390789547065587504619330382179780892645613543992465757680363469322744353332539379186885335585975617783972456817286994090789318917
30660532011834401042531776527854933732815587741183014918026181330182346331346971797293944815604015832486850778822856222456653783357224784344225333453839089132521811014912300081573562134814855203694228241316972702454591191231039965458643710891699981313254145238806274664474607688214970545996994561845509244998 134158139709967194179290482334818622919185684070746598226213565799427956229743742043812595378329489177603306605711495967201933866919208732337650124692640764915575574617923893081455777490416302360706412773823083982284368213807995524340441506334834669520108927349140615098094898253078647712198218810030548738399
21425915250068863772688249023232645606152417660810683211688197248995656369743307719814771808517895802201005850827375105391907638894315106001981004461370666646806379043450103349746033344573636598315737430085186843033665840062840082289481558561132707688557288647520828897439439581770361026636060316773625370363 36810905560545087047240527914928473233374360893268280771489304594055825340505704606048543828186680516981355169358925867976472887237682546452523134360647432111380930979780396614939038774665492853532611459739880367471269834606921603342289317544879571312343483056288717874020844444656575645979214107492147955689
30567048509820583723549764900593508941898982765345687785739494083485863727843269631352864182499352897398220802668412792738456551975193792310946011869075145404408905429039227842611645360898215292246424057807294097557351792651674309565056129397045151292089655316725719418341289579069029470401404003473952491094 51176200131219889772034766369086408149389510723957586970718992839102625945468643135013803294670090844950098029163555183207458955134061062050610188505560540201915449427035713474706161165084517871326538476171298878288150626274571841166928187927160772232449632325931118595060791683390466678811069991244072275523
39810024471884040289888631140706604399303835568833715827590760414571697597994376452304139787948291954120751260013604751752752631745775487263758594863578490551070211013079616398912259504110097509567857158507880042597266382636766018406660123726924579905390668807329749973078551876703132855118756872537994501318 67130953032763631980795150161873334951031347169263605729540151583977055806310311896156602346876116036881041051114281211191742938350505318605114444648565818832978569316755894394808727263592514377982310638585507916094481196456795223344172507843678197004145285278728612475215274618161336851993619161829173441249
18648491363055621839126572266054580965705309500088603952402468404970017004534532852890972685497391874877144200534048663919625576554798739832082490850410181311521400044703591286186546043869614082445996697249948960904922346205078458511056307296039021936724767142359298071034426545068917848143322930181508379733 68957444835648590546010600830796815545436682001148834382190569183698918914250247082558667500113921697142343443258344619072851496979106559857458687414291957789418291333793531282868202071812678134717092022183468650349310223152469876524969829487893474897513933621121129412682839286236393778746114689812576774973
25196619198979391593030724391850544642052975196661154385282690465861900906799259547002836418310238930088765557056570464765494410708811356759057793364365618353812572562889300431646226878457845792595562150868895057176635957943586916298918403870277969728449232953742183368934696263119059283327447903733129046568 46138587021857833912784256526912314752927082295655529042970652912255994831130140513192953029166032195050227465242670751405727753685438877661414671181174690473573515617676537860893018534717300765020426475882000317518956766051350007324603375116192342442394527805286590451102726088558406829449402662118533172449
68177912894322622006888305445073186718951882558428059224456937026538741409337366408314314416367967295391242329422537324871571902264510399075573948640661670780996074395164296918892714657110031402648957954526655291222929597904655130719764045465777367376907828654095838445182729654000660050537972127547181198010 68518491487601775726099192921600677221648155317452535514045750295190707672277621007492395004890005417114249336875366404594313909501141535517965479157530986923586504465245687620106151641408078090892874027730651122292592779929527719252345041528631705347508335075088584669281841014516886699965966911722570203333
26456136127818036550189500862337201064399936166504505695096668384302937773264880077169953043206124382009098991289630247939977021029976902187454203752681689201164039955624948590432423139749409090764728644744598594021631174319520331475955186456961647364506293417501576043819949803861670086713012581439807670153 46746895892427651751227453282395104880331037457915284434290921405480222201532692179999980078743918475117834202747291568990826679835969738675855805068028004056434098136521914358994563829751883410012839514558112971681552168302558892606468909942798298105722239369409609196226701155447397973049465784417075998583
55783049656204776835963316589357632738219765484259338951061603543462353547736516237933457762983177558444985026401574647848971230040192261987296839900492396871582445731629242842331400602475131197033714565412125468626180618917109535042002915823467559809642016971236180901870004983572513576060671844811700519053 77570688369325239932446915602279063073889288238553736093077224967280170120864517917401066038495111191679113943973345692292175733515868706441058202913755566548172523115195414652411898668377538944296339157441188270089640142622918300956444056103618743258420256029681576921531219807855835567723802054531348509463
8108156305237103598865597812624178784885665095804155514716054917994475289461711611358298689665932495279718120397970607124752996600350637036170347109620395338368512866102416276526014311863474620753012561029941323723453982727088415814328020443992369704253774296430796938563023162986248128434561322464872122880 56745181360923171308047297958643441903791171599447377992523634520908123276873586974507836790654960718979760021973128988433473289170682934376892007254499694932196470327028356851366223968458446057345171031972468420859464592383621866481662912613133470966235949299066285892764811971677401241410632527856057985373
13658405493784103662556719381688951073538318212718062736386324141183792373675401199270183617267460885205291390652019774253631985356300390696838690454378079157204100101468075451155321426789184600323794126227605809930400602714096076057415397274278987331168858269528681460702591983329458291987278303819210212733 126562475235246952011903692377287111082920171267838453939516733745251650563770647239938424754604992642982902326910390590830523235465267336115300256720701111606125858873200984632838450222406195786363859183507262998303551827494800991394262019954667445078578040965213545850952623949300416784309617691978003283149
31383223906334973593930720424727927285678715151441085543585364930743263391969562328492688144405666394145343641209371090553654334241061213128298542577777290152311552566613758092266987758626618006515687840391114926360188915554809618556950932792633126485468566961151081262897826790127615950492522910641290154462 35028775723887851237065540678735421562862074278875819983271217542675320181447300580896918490685376104037725707528850702954452114943414811795442284878231742583018519089056539234273061505329309560932605841557588356094193465230247671739266725417369310688408281592487600732842268434625939930441902817537186357969
16398968216219110742952520619487101924139515442298190824656867147826118683125781911228876124200597979821663663151649537641084745969305521245709728376782038905877903486841569698370820957621480699566534030938942888202853734273352117702201473119881174289756644919163601026728148701272882671163609261875250532287 30490777462083484340501908169467526802042610700713390374126733913226075239536611695147914734534643829290251403048843248388376329306305847706306310718576461367315369596154792694147295681599282893472224918307292196145254453713675047811205087379585054779833479970669286229834270149776068270366231820173245130467
19976976618273375573873661226141356538949496716475275810525186021611558730548969235254581501807629117823352243691753514938411825916697143899459813151087960874397876171258755799388646075264180467217008629123757485457834238584905736640277591754099043795663163097906432365444015893272923333254671298594941843067 48243118509976573846158373276230182778439335793771808664682298634248249331445136473938791526699007189701636997135729563609776192824932549045392133932485764614454132499693712216532110766825686866589451580539506850189871196005080807615828850386763886167362796081765597199484374590430863342714368942807630424367
25226429584530949073257251958152658220033955500138496928871740159320479089478294206783148195574097237433447084572840278419037755385694458896763567144537840868201106166005812743542938018617337204319566933036359109323335848481042298555334070671037104538193333769604902777060949350993178988242601095309664628471 41128848999427832160232496546216289620646573865995326638356207724449404872411248648989363199852066813070006450396434410889822312190588861895889851028424389515755387873707167298687767492674881135058619448243883524814565968603152877370443239899565856777804541272920151471970464901439221397666244178193548173153
12021935300460312730611610716235902627617039318924223525704108113047138775073876617879404545805877924594736230602462831862136296379439920407508242493588076945703293746130317404357421569368008649248267668687701954522282607529277716028363785913224088592173078565340059172352695998112792656604582312354751047058 39597315266778168433789344574095484337807312563459578946097945702379238495359959854480789671971010471085723308954413698697445241443426087092706049242700448395379792372258591334892085764653617948142020965436017418116339175258184745939246244177621826345168737780364562173171526973303349655822044535314637586617
24831086903658466014043428787503548400072530043034503239900225437844945171071302896857587263722318663207595591174146696168800069970246714961029472408562549182164347923993493788744198379725570128087760808311736313493093167037886095416148826543290939429510638184225271231674703008022643547753094577815612325858 59480293814902742656845931071682035092409308784779101528564488576569129852987468752314175234678109699874901591828727516711740728533131128272317606266749193386557437726061314380192179198152360102747051964104266297764418056077755378764604844673916941046247397338878309342550938923907685330947146728172175037347
16058328638889274372867045942553669384300090469388234585769915117888852431685971662904738952882825487278226635230278336961857269779140445655340121352290528792885575327757864329458704888668844408226715780912551316118109133221710312657106344925357431457696213615095994196827816492162389296186909184774500926418 29844012905969900674215645503060375406994975505502236771182084776750814669266433711598683346073938657050869482696244337529929066580400601315080604626157469902041865926095431878447724038659036960009001833130498715013496747412862515236170743221710263493269567673357941336635824046262356931756064294974664625107
20351278098528118663254878244949558655457304040335939242963455003402450301790058138606586074981431956119430015293619589969530422939465923416802200843057323086820870320690569957416783817718648845728125256489975528870951882793687875845640077864327290369687404877764647219624734618110794148239092258442406819339 61889336476911141400760819825221336012982917516826298804968898634565761175412842324438566997111727873863879299795981949068465619179472712628066699551156091824224328264511846933840791967125807049022412405378275241774433444196265957955997734277486731104229997670344410964493801007641825954856461959624076483193
23982254461883352554051726602885751179980597396197565989085449897066445810908708186691971432402731830615924933635020018430290598944480671356908847267335691152209889430521793107623740681343615038333930827117526783850038910430289647746230750803082833976444404343501751136381427714715006802353712735625026074975 59833100535829512677390327546832025979362536470414550685265928709485321620808633229722782512764484825841083227538740580855190761037693030001985031930008911974597198588122345024421242159049201782942276571777569941347761339346501750075586271209281816515815401684055239995747036359873648826530004438868683218059
1083890597519250232544898165392866524965800694027687582156821573319972634301346169136465594596849696347552271656699367295416535837329212056792226925857096190048494208662773580219757320101840431316130196195010899826055204945968195444147942267096329780643501434065277634951484285900890138008616944910519693836 57532460185170635681512103052250740625355276313993830827553330014188773062366563631848129089782296240468376265849427905376732304042661167101925103085484175411658767261352044784592159909928719968129909821023951975481696027914596464204980163423816084344271766281046770031846037336653411265773151941573190479521
39965382974587999993330665461551319309618369419321931110055818866032882016633617289036315533970704703842300482781110613647292996894968179527639377745919932800642343167294632018410911867265511320382373130376772577341792206468049786922392638506741321763352036832226068066978501814680121571102042795726216307344 42019409299712133885551667037640923146828482971747582005635782854867944085356393042174712246165645882279660772084805005649419353346294605857134178584333287558792031130196620348255158043212693624330356485897749717551081472207605426470740050678727944627530803308229082423259717776163056335140847859219817474707
21564506647939630448088878986406114756856122129008877497678256028265153094849720424804346622293835822814500518890959937752189147587234160698477638542970473154716766463426595873467307236416275871668348293276542811337542521917666094155895958713693267138690214308666402846219335922341950368009144753768347807169 96705548677122688419116545202626730786132093195768235919351142374087862401382828639742788789600329617799991497241844833189265113393397160921508157753362824665373945819315207311835489490008193594960772925718889922734685249427996505264258527553687283705475433507742330358600247718311175990763990453162696085397
4452524577429673354358212185912997096203757701797931760422640299817890972928133486945339384156482987052161500517428716321475142806786787729561956755935238509968783324489414682264949943169953662521984220261963381435597682088941952973534891942811420186268107950510581070500444934249356730058432822647364981457 35070048756626371228755659500806090863520146306967468915107167750114388863510192370986283595856768919210714745236242300374851279095979088390198851018808071948466070816641557279857388083904528672489334941997138708444050871356049862151214490682042872540745660890839666878312281963463234666689529489691741174881
56694577286452845776435980747797083835442174663135769991045251142265431610690295607000057570632452105217500582678001597478069072709957955230524010031005223285147160641359290294248548560189209414524425982913710846164530312550812348270130265078233825893408793830380949577714895490922891152887260551253870019530 64517284543448017351895548190749611877837561325681172442716841075733029270082497026925081269661924437258473820973532815516995179321211010992458754322245339074398511801080764439194594929343384926513663995822680138139752671915455028415570747562421163408388318303173242490071708687334581614816277676687323270731
42988898111427558927270443708852980988197448090275235201255682562295782305875985735422924322638350982093836225026152558896718991062262571760701830345379604231637068629327194169026662895356609930585830625540293008707607335791876814777071572951769393185263579412788403033984425566842589881608826923200022408081 49601509293536824478749078212789519912641525017058002799206891500721449527292904794002337617868891399268205981175015899052684939537256628988176546780384143345212834559246741472458108388941249823405618788107859031727304384035513334987134344234687189522270113320238862426013768700704243487498070086397550140959
70145942869260054552651722114607442788055737206339050992157911089530743424574224447156035635256335693710412171752821289542819488700649655895621743029694798301552804635732945214663878883252318899077118450818294347617237033380715710766614231417184383425432064021970541422945743878584034046578658391076220431197 101147775968181420357811895178157437197475764677206796809762994242334584506175504807675658639759042153256028062884238608987009301437399819011735568224291038224733225710692337813682194252409317503167773698078415225859390557882677463492717880754512627488850315400153133069009968404788264955634236886622681254767
27457217317152072948105706619639759638919180293944055162841278056815007318323633737911264937879873333171584199721865065055698957210823460756356375630918968297836317865572135990078619975853403369266880593676382219780830952010576812630833392359032167370663459231118780685938519504650497340638569794946233186266 34436420065951337788687436353106631479870701799360521573294241978950732232059706278559022713026185873257766741224185364190052840245197152923861444172798107916767339330642081102639285074543372140166782972277210645284528552217517827329277595906229563003351032788656981189687452404798777170353920031313696809767
14246503529149403885233689354562565886181217897407083264544071059472105409008572379144255657389908853279507924271018660779631670676688906842404602343409338817409022978507504575474686431805340444916779727453168565285501451202850603404854306383133168067269558201290730951805823377038725340411642490310171643906 73122526733364052891842391477406437173367587305407130476548205432892891775275909676829719792337600438038662606662234852112588794403106295350637591421170631110094251193350992407044446221865329808163133178774909191746706164382808200938874515482894255399545647676791567113117735434004840628504520319944588204873
36710051924182217030083536666535306669164921646141920651488682338266942481863874248015259012959268919627828377477983729838844518627667607413816182944196152133234278996161889012836984399825485676262835546170435786534958398603542743334451713200893968730442921159008755361946152637418785927397771831928361754728 63791961995598030523228195698304873967952365500162298372701117541953905580426133648606494814100787219190127066487860123173827649354111449814683682811686193869850392858026484793541174813618566211639025364455663448793973837225457595975776020929211400201039827283846095504679961047925184228262715978453196179399
4674275812436191409060830815042074460373965751095574148258847693451321106582939499108434717604170675864833204806316839014504900165034117581959985070888976353844150935192463304761022153759023316491839074890531406869332880465498583720551603141106202600294843955278947935249060111835332698727713128252992131083 56477516198031656609680591766443049996702581179131126000985735651021067677370239830960730980406132385963828749771425589376443969955655667431336974136721376595425269829243270203546698182856456019330883299760856918040239940692392780144708099109477368384161215740511347063009293671003216510971594807320590809097
37531734925478403074423379605603604814639687483933180167881236383660301652884804029669766143250773395972600158055088513948829221670058942091820257064081951667666953045507262344610703267397046736001139038522640776510212912041569949267718169497315227004095456638244317561968460172109416616652295677806322305151 51945850421978468733492151162174576725130678045414608322808307462513682479005352812881020490675890392188094953388574794760077357086913437820640421571682559492225553037948819037688265547116353796990121941718309035880439658933327882395759403762472141834678700341708229028944097076023662382770672537764544433829
49647590345873144480624234960585369633481415178562325506006956467695434284165436369740956010157526542204504315581158281817189235518073602127008646518998735720720569665500965747356836295959176503579359899652202770413104840276039417178528659900054489939603308383559521022459654119184309816032616369528283321535 58840279175388921632163529286696969817765637949986594801653353201306957105029483536866904857960409149737675642690176986757664167206824630823785365114151393409313555876481425659852235877087383648137513782901610049699066624838006719235174945928311809520022430601255785045069930907589865696937740764613353643249
41919438626472125359251176624275663957260784711047834623662568507343501121583824851190283054135999310556901284280102335179611422376208142867641003730178938286551779539878377941993302971307598636766648724535882544379978997920629747002037955822828983137897437778976065996784429472233330038697918035081910344806 57429772379537217521061861143461488227963571100920749460377230426572940174953871278955352143456025383964007454863478382517202054722927594181547227190331802438892510060612666472565251646375846049078441042213431018934805375688732788551334536625459980463991301639269802239880079387787206712939822544634873136049
34836632410389864981767825333253424016427975602813844859793081519585006758986961443258672046536771831173535970212097755479604236717837589522622138150100306674342501547313954996431355299278782131334419538037444028202386514603701819325201329137622005386632172573240834761475172124298494525139978089483478645392 49593025209726103468392858585163024887283975014049728824996067590511344670948516382017666666554671315591258358304453439281528166042704714574141249196737366505507127821879675393971116610193692501709044941411051387231651375905212422168025013123970606615446094232886576614763850529239325169807698143858553393519
37096826771225931402298029706708917257686401771920122424524292778253056361447357714631508126622302646238533543831346529306246086348772882099074677095914518279432040086211410868601464621722429931881070401049030855636834056055789681698730022906995074495617102398045730184172093397854386637098536009469077265882 37297779530267580023449749468807097321140888714733753187906385215143069549836381150063679485117819223698467297428979937637082293794322109167588168711687899735865646406008001512974387078717221544113445013900578343446639233919726483329993435594675462846744759435151031918109801238354073756451692279842534219919
47891845600098909005599819527226999605683428806574360239283482051709558312440932514950348416416527849600024636027486941495606470329170889356516910748313168357696885380641908857543143313426298205061047872000935097331795834149659096137836417792365555752809536344156699051438732801680488186037110085659453811168 83969759771150062749848885736804855164595346024007022263565890199721389867725646777663998254190025380032134198248043001777281163258812431272720720125807979626040128458346147466040388439485462452540870783583873610320096672987039588032493500985518236892918990908966560891082855521908217525230916910069431093367
32033877966058271491462984496390192409477358671169169900107602504458492766376924967136546733753322569538649346237770271631821306452810636187392916981071994302459084229566810618636565228387736356614550896088677224778910076610872672738367789607472844044410740243526710971033435324459095474049318847354244081834 40897225551668896064557343262709564273502919161053049072686335456306982208316603650649501438161395208041722336827499553528834078582488421637819820474825335255595290213121662012457474080693404433479973536176273874298272254015539975212444980455179073160994418757741771954066013213553176187365747238617264054951
24724229774469005376665741245056054259827033336542204779638007268975662985486678461597190900307319066003010721659969798916286079877985986468972990333125869869337076843627118055184963773107736532290042723303763139730461057066038321729112391088437900956921688395624172048535643045960846143581347350682428242402 36978332632638373592089517060771530270522905871396418069235556992536975509429034109434074869838120776610746962333956847443919581210294539945463782103827151706578491570922186392603604878646152096613958603774422102068035287578145479603900550048645231591349177184823736340409048967823812980069995618654451692319
60011879194640693688426705418171171717522687958824509036471878666596869063444076321489502748164395941770904942482719520392057963211257652695197629095603372726431810081044636244995067093804144942279889623578723244188834052918165422371209461708851876488317666669810331057039482705574154902718052827131589965968 88949527958019361573564536282692795531948391891813142687774389718202371441497178139360979968161989669081611897035879325369655977309867777527608142538527152160413325559973528070170440113688547033497997515810610977324261711030226830045132411407834039769675955640327334181435827427789088332831245475649942142579
20174910796307786771702978337914355283066807636753647198757281556449014174460273154237485513409299851627836670383032208120653179455589764411074773949037445270078374846836889194523929518027244799428261280005021626182967975044542920612148052346621245527974815473615388085326473703629564665157752556181416875656 56673411340847124355925747545798347927960024012361721134524696112242527536593118709190016708210462135852932975724345949969378784216462414682744680634203883142441292100253430686199756890281472875583756339969745536311371622872144216642307867965547808189780609716626469012917684419215830738966935822641127495119
484739680739123939717086276514253485645827888236332020699946583411515420188439992536251730405568176792692444407914558006289596641403966414584545006461587567121787522274875839801234203536483704192521885608720035862951499783037890939840804558520189747435203974409446442623075090189920107669058603493996452364 31487779281087631507931665731475375503532244989209234015810716022964939520217009420875650231801279350873185096996253804312361279472647141662002050726679751619543832807344232493153468045713430293651396299712890330973774094421460575933620235384989846369738560065771609908394894276086159225209320500158466776837
40737207417674303419581885187695885065488390280974886429234364953951011326947537673845857251927979510114389291182289905940395808816692133338234270502401090763598977524709611241767587823502957296695496973435926237241374625574679125037970969969136530831194125665488469679831474351262060867557129702215447253732 49716541191151738141572314070171286423702698440289967653900863941858730903305953797437721451670991704218615852109095798527846095809236084855610811634364729071117077807238786196273746813794553381019601535064379719685064580526036580558085844272370612338646198832883523049216862153189187185139609134552847267193
28842628397512702495843652584163027624831613190419885642340839014391917227481678820264827126892588531722385375569373763964338552780024943452242657794822709119239796035088441245271963504164301874449010354407728441175353252997524370611458599683197138216141678773106047778927933551855068633544250541018130348443 46279719033348032963865331937613919341151018716246554764608190877456990509478847347626734990767752187192202593899834582695563156069492193109121215041936481448282943424843250524605192430410263550186255537344352328608090840440858074825083626325297719580732162549216663934885309901562620930351047753425755363317
50188500668479267202786219495316070455132581040586986112344554772972137528699071623125507522215029874564633695930383789636186030208343700394316242544186199184519059425510322855380823871414672263931206747398252151122893899973716997663888939573956585765087507086550485520664826809087591334070549045208341035422 114146228355842727505606975013942853367305726874332973922674545381779282112400323624447537585454215713862930314152453984873440754487759933360977370735049599462990394754022275713870434937941135157067543863092816854492897062532877086686704171341591101369526388041295448989744772425841039988232698386274032092177
31023167040606463494034955247860425572181499615648944920485065531146595571761704191937436434838572009936695116346113649524004515653127532508945314727847223304761784265987732810982880608870653105453744214035968264947461380642986136724771016840458659721226909433017309502700445596723621375820427703676008753566 38277903514430111514545796845629142583878533330343996766362100154148496754712380906099461302920428303192086698638547069734577299007536280734015007452598534316961362357757751391189387561814997033864615357845460028886564950279517303511929838779809090797081392652445993495518506133548318798139578678830434147129
85829580153426649760421161936320692244811957657631178864787302976236986128675617323046987359092357675678532719029119274856061958079315299986886944998539085555643928056284759286561910086164429309168579502532263816962511055500269744534319681931153322764801425020194087932037212857944748124057419006025114669414 98219730431027887563249939539681573584512453457212062652818383711193154130688686075950799531235115201271535733060662313600222138226667974022156675059007707233716453269158628045973567735772525759628732494377853753085590183578297560345982779951405934809653470208744723386056928207038829969933353978519688100341
19004043893251049763406190637884909431156338714812899669711221846095117020598378019643672621413415681884848301752234875286200236234204527147104025921836158465728888811553041754450016256510963030511364787065256737043872827772696795896152949806739068203927279924861671672497571043532932350323427255952649422031 82441045574331240133066663236477480158177872229383929749642746737987647627926895318694138735573860978693854492578939658591071900691060306156159076812629903115698060652246909013953963481696069104417580228706953949739108147186798085824881975523780928506738284287826778648675979166676639748171905835792904771191
43065419275878309985831732937740294559180851112561047127951676841851554096808467424788378235069398521003125091694658513980005526481734157388744730166546464147213525681684386590632706152220722588813009024875851203936766233108686498927583217748152385046011344366270300907111417348578847119694433190159728068300 59170062462024427356518493545406434656453104760077264299157378698955063994030507042735998332967965600975326024153562491005070401742232935700751840184562364279588257651263827534503057710455239378477687202948726645152970696475985797527048133183082565788428350946586722061832841796635969537323270104248899177757
7146342568325209310844427547456405891418298601550065547916059071552077738535699673913435583745375324670517235058568568644360971041245701098670827798697441341214538910581202641701976866872979549861996854374814908505250680425848376926203707755486880590013107701837120384036311076491873706113191650211978790231 31201996039924765362460776065549390807386033588909495123870481761788547135515028365350332900630301493555533322454496327958270601913075770705779809554183151475707779243516194731178704575052740314434018975424162900427105580592403900433722867981593164363346842216284071186260340691046757071099143868701285682183
16288647346643166120487104264601679604235431475633786767600650499536699879608703545897649382168241410940990511046627800028766204919347661177711212938384237371077394021763707396572495522854575495487359527612000758505699970659157459195098014700610660248697417364933888268371201753953208524599314296301984740447 47682168864293863128068460368952684288004559080898706615268160811961108780299870794825822977766289407771241508336356615007142133142032196181159709166592956064713736295606532903907400863829840925162776156910327673859329057513246884034379229675440113574370225622149355238825072528395830248211019178165232535543
11395380291202973590141056694619134553445335333173149930365399613526566227161695730609375149985422400375984843144532508914779161481986207457923261229344594549360752455934357823831795981244076783517158910531742428550116585969577939525794813603198569278695107557085796601420186911648275137197053756161029369428 37843050404622551336817927190736606663806971520058882186131298424301077026391795400652666362553102490805528817545784984103093101186556932477184250534256629435481198145481004555525053593018069857461521660836497738066914194911074895907053428931971851956528348265355537475982801268707919909087309744238308424169
27462258438912403035907498035453522355563873377403300333953739748944060441147963689181793792068807135899724163895380921043032806562137578368375938294082051926486823663386131596965531214219040735474257880173999675898605213949767373555925608187930305817136587863866708311402164618125942887400436025888461741437 58394200391004625158621544149588778187382656009263713598775120705419584533128052015200988241127610971368573008972400977927095058886351728043077354422422678305593015280971965237305147891224113476906471667024357748465465930209468454493006361945164701885534931057193537621028585388715270338598591013299232454327
52274978068197083861061544022618032398745024731926225074204157189979978405094030742038353943076590360960034313225526881076610650636933008073557180936987032556131631929369790129578269756198797764195757606978323797949802609472864308185798755837263140937539756168386282420629091753973714725247014407909095086640 101426670917846908500714470550585649280892582766864108338453751967593920674406274329565084442589105562220689909494207447986553518166083585265187287354479317151723926969045394462413794020719453440101812386782011544973814801399334285226090166915005140807486697417654912277823145036635300074708712765089497409831
10674576840019249708309933524735274680281501065098868958655430930919393332847950302536647917581359107388416030491168181733373953763430542140940372847068878515838878164186012715917154513472521440885179889607860697637782021179314770898496506790883681722889993172976069575720418952670797663465309678965523352912 41046908890405058488467554589645574047743020666997088772102981718612375066684104706182552964078951870764038718189104833800041560908394528576105521598629413052323821032212299818811030141787575581911061827196411476465381467900367452440138912589513376338043716243375942356158478684503456889041047191652568520013
5082726866333219074548971098736427860246511972251915524553897369078519236005811828663994778695997265235418481871840217279238873748738252281653750742511337232810401722330148456484056289479509573675714651635168835530200245682444520194190239485431477311708009216243148726688875495619723993202490244169602924646 62364837095344526484978014132237224119970196727329748922215997621240646422057730013348003102504810008050477328695749602009797924412989280270519311853527706262605230571576176470630596397158953537470951549920638528241051474365159004701922131445608137650662715253525104348936263665925730496767043495043805176303
2302103254157433562618448975934572118387023928285735183290110950733362177225408174834099118875894412407345929678319556752364928173328251120491847020872342825978987152200396838591446498135293371326503561546228001633730109729933756896265501007006316666113488220806469990263494884252630142926317543858331490614 40411012414481989558946546685229012354905739028394556736772858579120438629237915102630485872849120598992039413157373340034032548781102930316480377137848357064839576958027807609883767524576858886788066613378405544215246171159968256204211554952363615114610099741462989160450171265262100842067236364703007877067
4091641221992860917718419372855088929335588021103457328860171737848714721288037322136307275078910622988416177215610853410357591667052010100427857543889493882740975416147092862750036787502234965753775047979195829506263806217400926347835580612558851219517248010742691093562672630178225071036603209230798590624 51224799844593176067951493422954404193782330279858752520114909948452273023533948575621420298245704034815481180784918678539453253141964510712525937131904334646631913739396430938513757510362514718696542117091955757592914120953106519637873111862723901504763109570681475782961563547209598205507925072779880477069
19730146365608711409088100534317147465582592750110029970145834969161898096693503699446008599094065570650646092773442045563715800756088584935810389790805198628686121719755550072217168504460595154813722632244872429030907511302853129227079437527672181153395508048752399435137815192954639209366068226318089892792 26877322596083840023182127683024486655159311546896117998622537539055050564900416383040462293487908930403385114339175609025166075613556897537896435328671871870628679010108359001369475299248412247050273920742370159980213805358824029651679394110670229032972965738592786172872429461587405839715044388535196845207
8958680551853255672071812249894109517371708996596651307411424367671090210990352963401020306205978896883461765872485115297730927209185433161840995762031300209780005733590401826345874539846365600639014494098229478927932416962449094874710982686163973712940612842575574578453701148595829273301981964939356673358 46006490544652271187986144630952682617559014008726852482899747776286010459804607096085610676009481011650816005740630609608221609151893624632616166551211309392077437317212282317855530610110559438472206551182015884405193535182759258508547952441927489186711282275619213260753257858492410947105288472716359524959
27606723664980376289847043272893665735789850081460838346634959591411579762566299196155409050992257574189523404684300157431671575508964741156471469544695728322714215826313635585633053367876208010272826536620672448689943412093545008269758897841981259246427011041956246284569730399952379116158929026257823870502 73577312873836544687674577042270788300358180704298419231761779228041439859497682435042484328799577659635954843763010037812192531506766760992670944784585697430596834286793804483662466144319366298033623913098933187119803799633033632909809606205486450819302807883848800430384301870132593277744146763943578858401
4337911069932680787902312979006271626216906322544002605795413444570342275001795486557440154095832218905430344198395435789955605079970436843864487678827919491269627548363688898183668471465015537882148114455014534224994197938804399059850987772075583869969134062820017214178343717647450268350702679769050461466 48151433232805767779671499204497499220749144369984279518022307508372631548082421088362589585931526847120517237178670000839027151842550262191420917595539222649926944787834178144775309359154132984083597587638536584996581424392111402215026947605322187639659251972845265961939829730367222556345527538163638375043
30370529937238148161926260709430751535317015172782180276687169089171285261717496686985161531381576447009672180922894866908464714670307413486666983988074395498703285321752141282871244908195611612900323168963423248707536571188493091630941008019521593767806470407291455110428213539267156355833631562396141750067 30941574409226688275331939587191379283524587899090628213858496228594898773293130400757697185347641176485477983313427494899523240115658434582166495150904808102818135922129531631560624131583879254226809717025533876841129040000583916035706461895220873066818816858577431704932031081265169615551878039927918918547
22833086761511393034029273464322817221389148944864001735939464880515183229150247818820905843242701218353970006918027412792472280655113381649013723742314250124284281345126287236062844137040190359328309712130656221668691549478739495560854044468503052903696082673684337911182393538892376288692484069315099324230 34776235850786105420492246584534283690892591733291383658189488921274003941324128498631740079650612340423453668596726101912521610926536592041546132217747596420549423066659559274166401460198699531856169394896445567498491084756365495117337662648963577810866593854347982557102717910151321102643603199358689581739
24252905291691706883522965086461406341135120774662107864575742834075881173865226029168369337583979799699237869840343905188594928444677848166553534986535327729922765758891956304969247451168178142289040068381608587695917175256500471421312522757961551467516150524703824526972507643080327736643306400082338387827 71213051914201274571117881945026226142881973936101774957565633453627297995024490459195474354692284879230225758040309934346650223858477935667373582501302431306659471774420453089570172944128510786487313837574339150897742707499932799559614587736137921479797469233774860970211457756085648288941104835222056925613
15313866210967909781044541987633462314302087738370018757242600610048469811030326910443515386371399838172538262549977673298710212448513138992535457421567129217341098727610121737486197773731956864228960834517484960144749570584395619086478905019784902265993758811963753425972030369759956169937191454477791248211 62366745649230315715559535067958415450934363699252312505352204462313632206674870871478121279940307405791584689978999505224691580502072763137251541259291308937905033206185639278522987597363893929640297546735237537318901615846576836583612458579721033218851461058464664252621213735655117145396407878970497234447
34339312537146380478595502493042390056340530116473400592347463160442748465452419346615363563784438923154916369305226033674532896641616824313664558368063977819063182934006653568512505977376476836650096204963477282953999088819553254022418104555861564870783724638295913765867105276723049942938885059962733276199 62203082546056493148004723930302795399577515277131320307047681360338676737566892077201649640918062374454368876722950693352484998009137954698631791661370840420950467239145106766748738622829575587541149315736521782427399421225786583804841938834015034173177482558389442207895851611957940908665887573216379987543
2516269384325806704327219337504528054102856319563231085254948574459475779140059955681042624949686450434308484400882340440398308626623892142243967605943534824767315380736464068824481028853854904138803486915132189300734458716397782296404490246832535315117612147084323698749492483885814697299529780810332248038 62778169569819842114865479697961701833982448454207753674537020678655211120494848413398144743279190938711880103745081166464757872982980074315447988169731319771671531018378747627456682573508256702608813226208958098090712302336965854426419124478847714289065894645247609446847571728604435306304020632392979146999
11901782292629216969743498452943325079546915606022508997155739474088355537120250692044144484090614114083228022540031728592658079143168862364933695279691316942228115970397767975201363032537786080667712304640242296350630440773437909904435044187399540584706960433754824386248689214175629545311177335567566729154 39819065029796426741369066417583120497429847883573377728270646994485239295696897120203474664940566256226715595596279188130028555325068487094432567236996112115055392122203894960023447670667467668667376420568394039149232674465610800126716882218346069697962121603692022857845202755416657695746502855820739348149
5165225154711142189260512636569901032796082710943144734062633015728680699730855007553903626242687748396386986789834438008716394780874599700137885524668864041466335205451903108390748366144448105949536829003186493831162594509355785971378986256716267824176613068947475918814229784380928839305719464818853213519 40763248848622348197812486809258238845873178635595838660314080483592233266173924784081418766159716040755330655030063269124031770573871143740731591710229174262348006725518901922588043955832097934348711569810385072803340951437620681971615848723633964320633949857475901839003140417575067652808210962065136854677
18192030793043883562621057823451516009924569113314391634999486713506293726235431607572540835510192762694069000332406225131671413108138615231741026419862703681930235496190671369595763071183843027044250561354898174538191418094873764326574457810620595357850577422788842978918981200591754780799356801177513470739 97440365851324955178745080416067979916332334266373368982848907370388634814664284108254074376674757272393528260345983066019051403929096383500901999868232321468070360725651814668691698122135558249564601796288490421159053305773231482024591658045009253172671050458131233245166810027783705449219348397773285086551
27644374939656427298662096977664270434742285711779216915582589854104788331605115450076597484674425313273129188439320100692302366707776384068127264627630581002563697035637951264961447205059550730499029095072799015125463668311474646712207479652136675250368645396431066167520254959490476731145276276464749437946 50248298300455189593469839666205167250594390100459518905998097940225259096945934616277437269979117843425252211993609303262620692993191638894315502915581220385967398446768871621900699835308112017030167817728418555373807579352012036812682387279001010725556060783854435159578152690601044475118657516709767061903
24214851046248184011592633263253026025507320313151497938412438170678815099890308137320844785458329644643377360726324327248699279942422338589347290350607760344432026785480732838381393275796260301625292336870722605729125754242652742552836212148073267817658014533181649432726885971711885662146318404995915100426 27419880333551765827379969303687177420764753367142941999180774742011922159498279841152104288651161095652899576885667930154358327353530991409808782067567359343382188530496004856014303255421894274224727664793802610778719705651975539401540543822443524081906259885031658617291002524668894437234292388743874056947
3984769505568443479939295409006721926360623677517587793759665719553913039699492064665422121830770402143707466668205710658612170443557870983875489798877824180433347806534419519817165061108145637008886411297829530103251169395189113835668091923642886636496831510255066792017030414890958871495904142366275796198 98005707423905733685366640006107274226298943052934592242395300212421174078890706932293146395120176088734430461450736617097310292703246435548537447911708563612100666158523201957814021524943133866298517980292317045705796382062351800794478590741641313035445760334588695467878099249907006451197717237835707787053
25643257565224067502727365046246255265208411072439234945988271887883456976244891219977862405420128590119067314633808131182641757183428903717442610209032184867604440295347655343908935383691323821741702625793188487818975441215018431276128263879192254401084485512290655673658839892981549929143867283194892933148 62105434487443192327480034004895532226709619022967099536057833610863530028588684040989310469852560116403849989216243210218472767937751381807506792927398478749072218885765064108664758497754288100362643180603018699169213425174325870185706133762757835579226988590921837043517339020750487871694298641841428955511
3768508434439261801588676343891950457858046909161887244120643213298955991389189658946550148477077608900627961267818291779621301804912096587902074270128616608267967237267711164803855663468554703629904750049514180213080376005910935752419895876960056994098037485465564849305090774469652589018536047148926529988 42098877364822862562204319750914080721854515435634553081204463712644017284718659746194897961021894109652413767695766594169014071540916128392478814675691412540824842838872558493598410981678810122179652175357721766184338447420082741933187174713255781850615054964443306728169732224773662699811962442673909852113
18158395019269218502445691531067962016075019941970288887481597008349200898552042613053596292822067672702870182432978180220277975144297196039730725534969952119729608903333159565861970825191519632713733716920771476454124332302468974818163865290263455171413666501267388090308372328628485512139304657843178325414 23734232475140651780436032866342621668158321671013166117464126664653380374693399776650923231684927947884456533707541528478997566122735149309259758113239119502730643102498123140589951064012663019076394502875328667684647798237576144751961469802324225363076406945138396000333599190246123317270027474011067756721
649830238031412537433743825821084578386227863005627514112107724162890843061233351517028082977045402173520644629634419233044201408944554940092482004986329535623074101907854385818681912113533588453229584586266181728557567244895153610080032542471748281790759488577129582075308845016659300501105478715783866589 35752486761556539765608909913593224081074905204180822344276136425666782956364189727274084445452228385190125681716568035370825924805443548742919421760253500359786218681300332927840635543003707912226358646005159969303751721242839618739807770607932395240841086591539586165787562514429213005770987261813816316387
17751543429097794884506755868501120872075921021622132339979327371580574310692418378762898827501490952748432928181183094827740988947261542044140669352028957244866350718926430354124970964434611520115904274717902369182996347391922460774872443447891200719987709869790770480302335519341977720595239026194107476729 45090955069607146074048472298313473976971963540364814848509139083314822768966446438552366806816517735008816649306969087068964744420123654095963207735875571829003328420176401008825091427898608021864952446770002959415153352363579890898826075689885480215721816521649273617637710847932038836914568469420231178399
9108316802603731094595960920760708368121278706761738982313541423398404239435659900358044481874207629147947354679228066620802587821001001998428623346032563822444820815260795797271948355253732803466212679392508297415481680540770120006735043461339485096770567511959974234819221821438372971875763832519154971682 21813981528376788403961058599755084943006117540404856098700682843119769330925466375280001065279624453953540185796960057753561991562002708904548283965723072655395252620568840005089378353276281185643424113670476275643675699126487331924648695026905587447025486619540972945059120158950204818930685355448357773851
33578927911637278622425530234224223820769914453099111157220750145513711116780078941074709949302722117339360927874945462746983472776113928365843637997411359057678739938218754408800780084977598759409478941461507579188501001576771909657717770918314546670038609648592078920564180094798318714467329463267065366269 42536748196429401733189641319307438619604787092964189137097950658509310668292784863413943483328474003045798757138311591921399599132750569676168970836082814554857562495451913442644731697427571752362210701168279257239994510419391987190662253627918946101235616278585254918790206979453887022080392227818172584693
31930940154194788028445669937305651822725808066555080397418792424928282163155974515159023388185541095015671618888795530985863872479482266991059635983121361113504545965823801172090858234184850493819868714753360756318294690287141346997334911506510439960084362763347878834737132676469574563546528357516093908447 85407233410567068156321961937423643504223250161608104708032826544421927645180440609376729888347022563248271740670978777672305370876469716993870412169930410074987050665208968289803298781359514310142257903932386415953014804543665380811365328578871097643476627995643759587911737073386255360829698922102024726837
2033432053745665254893480004482221871154532492759213761553706942603838624006126830036404474841581651830939060820339354265237401755262052190435185106635949838082698775220990223337515941437697689319498768377578235042888642508693118077377992060537954705101013709995747180220827847956586931914775188637429224610 28268933156256567640170070691921440778693832824290153460149369915088283756976723163524416743638340184337297595681614093992849219012560599718276539994173137552492357713147856781007808095400808254061413567109905996169146351577759797664543073967628606191778390614437738506397638740601829273620033776359205414791
17172317860979721922538928676361095184121778921730629988973989532572820212033952984026897238877050806931714869909284765664516990491541109397898831148898043739143893131907080943625178013898349586490090341538061900407807330712382486803680288833261598781648636130823310674683047783593220325374128444752659960685 32731846701350431070962235330404515491955805216523341158699738099966279155852086556134576703681975131619451059100898524726600747746849999720319320775958618971536717719014009435979768969808831931214609653145363014579493567389282445586931069681959669186886458071049084965577887609469917328198791423836122981531
16129318427305595964118832081807781935845364798894538711188738167135654135164239341581483492004112534217933958660497422875185548041198306533493025070775978261234618362868008332669763451934674231692967061558647459803065915842200871435415127166051232392803925448571223504502222815305948732532576603288028790893 68962901802483555004902110237573552736029150202799327667962706393732773266883858638150011014333755178868820795103810109465457656439945219545599066889549566825891829233536439589336057994521312111337576657380433022567973628125203067430888793527626148882153473302380812976239852270205721276079411498872861646453
17574014727621091151741711789191844442087130485390398041799142816362719465122194292544257028024242810216594742116719534693012239989592616487319790942251074682236574558746640298356724382474001708255370817171594554525617527680452558988299510728819047956437871786775622059806033935657002431528528755105126179692 32011923742301754848763897516825408472517280218655625428511003302307648509538279025243067241493090268045133835015869252680547813497126372729895976992663038368298609029290275593137677040184335605485735960390716996339738534402389880718047446396804906782736967163159360616780911259093035975600514214588494652279
9523214583019554985839143983917436147234711504387855320113468523870910840653035120790095538170793680845428799393127709881193118936977368058206171789776535039204203910111741108511210616172719790675696341950567930621855231623418582961495842734741709126225429027392231225378016689659551445770217852890631187025 88003711625506321290564063340957008006083399033030088218037204547539033181798560504421656636386695165990106956303065535512555457853153330427430949300545196024567339795181922817369173186825228317942854481584023510444226416450419286175951744867189937796715015130601341007721693317654269940169858489799213882457
8342049882154497236013951444756452154067888017076780819894446427312729515410309030531147137227517534191764781563919683317582477583046639188955002075612637906939663557033310242074616451160293668886852579368321592241015853409661029145479137079491766298140461794775450940065170885259321390859553226841027941187 69200409817759346028585183030211968817771556601448434845623434872546919974573789287897416765526146936898458110954323247909651349776154091479008788624968205199821711990764374685538925726783997789240432981242727013418776611847661229489805282376944149254360947978013916600524919885784448565792509498552969222899
7353565342572233624642352241533156114647057285244142822001305780283006183832478371127955904306756321589041326900101283135542495522239417238062054768388033982375873681216920838583559633821872829600511072674782541453686119373282909519823667142173108274106566869601539363823819221715619342221094812565338406858 90080476554816888244592838124004169929557254326593827393885865616330297343487484185007610053431021719516421415839306497593019867839805604083269081492800440528257245290449681713609600788383664461294965260130293886585166687055424140477060865300472123998628451732087940804506326649967123948463358215651688043121
52745901199703010691643698196848492620306958867111473692922576941201829326345021967816229608377954599018092909183041379674765338281380423323035748549325311895182554450408891703079538508736893397915205233872222460017283113984000714182981466106770841353891818495826517074687882139273850274301019817753686902429 56010571275993649005717463443090986909687263220973029637169202496896889314696103130248298801622187527148782054698812662984766599158800514822596271882424064771862867782872761798374383837535596691822997634966772203278692288816474436651867082924725339377542950338328247248005372165613850171721137475260824325891
77024113592277136856786314147108776210145643276203353494652600222416396211172455104975845304755693526381624444852256198600015035804228429592187270500295209849533726485576720811965138532510438198456444046623571922573604204560966139408118481017980506129107225906222702349786597211796605242462784493041231602715 88449076443085452399918814699322802770783755919553588567054907842962069138765924811352636616455729891019643900442844697589153438837549334763115756122087370313694627603984478550978286783296738585513098046356277934538380863918370345418061089557167601834006303811616619128781545789776583972332506459781460089957
70137921946638414887336906327810616638911061737084252334020467105021194516487777748849621580191899143653323746887687876016301562156965098957737841479692954406243226002154842162066162949140437759323019791764560673856039787839096804567097398260433612344968772023884137077429212374536330956126382890597744490137 82753179054584887713096838555700611541019764140595125195613646936939595646819474428781844829151602440623701101729926425184864630355591514406596482973417989727526149901489960704886183616783410068405187171146470992870585345822797935727368992060069506554249232460241921847182463007069066648191277002791645899521
41712414529624872344369302813912030926246682840404062931679273833145471396104110466094735921376035828036081620700723640245732044945482158387504091294726793436025273625162928332804835592172807659771313876625124492574814284059596052094639356157632396337193779358448880974290386500376720346353204387479917002275 43440060303769334162153855548617812703676633568208406496959996215621933034796957941137946273035066284748478686993075981241353904739612776374767432942543683042086142191071359856304033029007745776229267438810748711892264913340202905493674882997312236494515457637573857113612557917769128308244267892155579559017
34297528678592669387465488177884270517664532962975941528578647553828032410349128620081606025415412155712244194362478062664683776448883877810576400822301663141337408069789149613743124646808463876275124571428180025135043487833108262499098055498652762111932656532921944845003918913820955842906946852075725710417 68206966958627449871774913063582572640983356555186335294432769332926741008269130685289166694172825434473495748523711641492124099631505595725662784716401487722429084067206935282654864942000817116612227653308294750558519279626378285115057544392639266640454146697442729105794646271200691249076102236460589938163
5133799071845959001810110229579917340131480213262480492084222183210313761690170257067437336951854711341546744929532502362433507037304275917240173305231277376710924433482840600775865124017194824580692453259401377360382673044302140187937808762489642344643700074976399167852462937736923549804146117826577943512 34283640016040167222952288542451629809107770249753411380745767024109049036451481473805750787643878479684278458173008273463781321947462898581100736474877803342092657917076858690460098908285659429060194699225431293017429157867454020248017155317375902917458780355264141606827981734915499103372546480279236032163
49495645912999662857223125635094471663875445196397892886404375665327604418019343303333839544942307513942979909469673836682208709857703030375449666231769224299225445834569155724330601202977791244958619095195586937557371806054571556295108468009996096422293781658761225301949492309729691644413744364539302051445 84420578742110992321132338949253692632145028330989803396944872779197652871377794510441791247239605254550036049803419176201901267140757882215462732306044780597480792822070558003820100620041587476800380532077222569720773397333552701711099896216829618509613778073608075032405898174979152647896845250122240711909
24903748535607692096800642265088046574953606717071657405078459541354803459181572019479209627000695459400939060394913180298555932946441251426316572145832288181374889304228835455888340093639316036613219394080459700449734401618701971956684572742127344784981210218964291345110669765642312921356417760999955384319 45528117744929911268993948425624543216594680943868787350538635618954411910767429466723566830776868801408230431959967689916509669668018336687657765334756157054031906993416321399851463151092187818149835673817712411087934994026555600427144506487355248439096214992373967258281240431675090382568328780781839856403
5637191287119019209867155465024810832952073094658990566061987203043242181155937817197476957000249454846728487233521917768215903083752425230105015767816908267678745937675897554437053490462767633924362700328238293501702619155157093769027600541738053637097887003380023766180099195253280941336834850967113426616 34898293880385089984367360309408471622313441186668759820432653471145861154106839948992904312833464165720536132611717074046436170684563444762084108191916858765969881478402838429560046003902120132963750724330048562744172997027654585855135564863997166712798013947534472448533503678405265699629141355614999025029
47089394050353633883529543262992613596753372490338557751749350050157104324436649587491501993198722569267080881226316960171279895776151770485466510414106379593904107966043867474428399161621135281177189928819305287193807737773011809030365519622462974455110158148911004696854855812328807730717344495014562959032 62379149803121743276713060586392468076485344395327934442002272639841499161617215951636595832329633336437365613113451566198427688273269539560375835169332600835091514893362790513726862575890382404883246232318680752188260555534982506104768059972547385044746599495081024290469190500101392577348872746880974584137
20173126117140152529228179301721027143252890539228692518005355696030402329340645612064816301253898321670434310460909947105186648653153233083518420915339667924117769122966044042595134179055919732011464005515897106379950676893287625293774824738756958860590073116916311107277164255300849181588509262904635585420 24274812790702098064284907860671010986367386638970987837293141443904132841923600320641065231240552738058811813753693447271314234280678408328970889270184574251711328300962928857110883680868541836692955980105145088396353701010853179585890671330492894315954956662326439167042133230089465623957860752277996465823
55145167110983608047511585561867662979357057639041574119518986537843558579969177980497802609141062141796874504218710023476792050306048529166287833973503903243241165332916439821087016376623335560521801113065276275365878410192020737079442148548369445324760079126987696662025783725021296029650950268640098278771 71571709149834069274507226597337161609093255333026804094911148825924656893446491213358823954680814170443668552822591049011561430010960195094607194834784810524440377169468319783093281258747506659541108992830288133936907983033066174386858072879016813296170609727046078877554509348756438713313446382035625086819
8423823159512698002590299612683360333408106673133089738069412131665592336960992539918891419640128025565207725988061013091680764606846076269592518342528381153689454272582201552623925288154800229039686069789550608693423571386846996725465091083787264935882508978332669176913771653995500548037961883741067289930 47656369776597142659330737486497914652218440633954866432967168053309611097142655417499090742021662690254002277331199922239510398280382540173609837335404238139414516356122296514599391472117082378494344149459258818757855077748074201633171616939681188217189512040627478740716219625729246876408754814729862315521
54849979678926433857561523938298433947267378350618316643036304022718538598763830358716046794904706902245760910810591258421586424493079557809617230688233988532955766400754760769108789190277308694736157888591518324481687314388050408089884203014300511475003160345708230426138746819433319445589869549055553139884 79963059138361416128791320448598566272921828686512410547004793179551100205193415992012075512520036147187422861879897852641511579527905400144422895669051283834281692450250969609021845623238940309446114673517361912802415682733880642065348043640148419703237986831556453567581315295004758570173599699474035796949
25049404171611754537787212114854443277296198009437805544777285561693278432862217025384116500164805504757512907910449979269697247986920755043939123411193704998729910544639576868328266798688200964048739389685969859649142044233659311002972179603655217764182164864398968434489818147810603900114307276933033088232 47089428851778197096899645898737760627445231386493264956499330279507564238815233721146602499110957434443768347063988783104504907425544336225319448232579515963469549602086599353201239031458801526463293342029316757504720031870593166770534261600871750576476261031758779853768228027830223439352841465736508064479
22239136422519218212549646768763912795329558896092196970321145357438700990090357162231405296203718159716177411736058110489973322413567234968594967550577746716450850913314203905636395358789795689695902002938667720609881199542327194509146173290408720263950494648070473664397957598000044666583546644402524403158 114400113761640684561528983893396176806267847480494676144322467833782951345384010589825396871000305070567115068015843054899783033049532035541613487744655312236903993506084789055189731977761347602216976931216841595638778013858687084032900367413333662767212624986280177043551920408543401721053556907086504060959
62228929320744713357802781325790130548945401753039029565609791221389604656213716855748403781215998938282581811738206698783572374760413800226998150109591906642599804081195365531951838235207979329631980229365280806333855570051219008628809372254371074133645931306957437815588430696048459168390952644343156846585 62661334476044509316550655583014990288468674058243847927485973083243118693402629997875590478473317924618427034857114931907302090508312294143217437189824001649854204796218464045430410336387958541061807412240411502794698046194357255060016386648731251891692232528246341549324752304713687009346992468199070915921
73213391198248444835624140912965333736345281597142636970250129069959572120977676967876176519240278139624167033825419455800827411750704811925088021660392976011158658241030710724058135530236697618249641496152781010306745757711600966566196815421617557805698698623481228164136632964455542593287318278105092381768 75096980744777817302372911070478024595028807857824547910288603190377192606884114615139740216665925946700718583715036682766899825827192860414202349144765868277272289705034026037621356624280295995444833713178840547587100776214639551480836330124980998253915463838166033519099758257773627390590515760149298193881
91784879394932462848542090320965760171113818297674257852198502720858527413959039450947154570023196471829443686803481330406434538195924908489253070428444173848322650746057746754663364180555560126043255841750042124606788907242543922219827577241438188878453078718892319975249477962326297152822230767003472464583 97511160473504158432561693076629952426060539531884514087067757692565139785001311001343060896096061110650285709937992861685313041899075965941808584530131818417741001992121939536175200740853788794877571807453122476231918649833705527780187522690689978383018356418396561272408588458999751548489053508018956385311
29664247921737681771535785883619247128974109715403597634373667572285340111711458153110181440234351253013159696301721002482724632159666978191790240058296549407757365150191587226813004749753951594319122042330381258988573417953704082642167409198147266952181157711594770078812874181061123615609612013705756606277 44516115486520624917579393673509787997309065995072177966128726737774491341538868994441403003276090539940859652724243422886264330853927213941657389981650129946566059030303717253941366224108509392515819927269291895072488417787542418305168025369279923071287906408892588733184646986322168354358321682553805829483
72519207401780798547412589264405743314746166311815899015591484580922603538754734924253985796795176145047270374765892007059574010453141463397601288954397820972136133216024713223865315669723809622836824395627774194763974632674888336486568043370455626293353187774291446568740356175797617463568877571766848772132 76103696349011581683187610801041888268316716361294575881735206069488017231373748635979599701255957709994008481888577592826063983787980959011628613405642672623379976186847817916426825336104200379325692589806317890815214184414612855818575706993323555929166689586466973853285140899781175064287401876294169898347
9961023870789541058276300555112087497597369105427206782303485046285530623037703057758748645838690962169167935231396170468853457971586595323569716237907153931645914660643950315620350391311627940853685645501835720319147205424569369248782617216791320049056585366437502565086507342033607204356670907948579870359 59433755383121741370608629811848474547573307728919782998000175076852292011224920239063921348822079682821801898168893139997674445368912620280400307206235699423531185918188484586478610469859458417993784936452661242586175469653841932727997111118411053708463727944953674878700334597113649509248677572498850319527
16346791070956267162987725041933376237912609910759375898936974013936017566851721501599117350549109487788951522529996327368347523400651147985353138272237233872920818466157121716011326303712399370393269012722349848375331488884937091247199069234472332464525471124613947863488241679042290678756675196259026082481 51102219264160320423236104240409449376209463937436226335386915570051236796064026540594498845680714131288054551871959270024608726339910608290695942276312145162423466683272265198148945431026781573761372386755373194070360171756390836998662106673083792462666560999903119113269079764701395094390274466581730722657
84185444856422373578447892426906210389553242276842399238320820138691042843618792204100713775378590087081891761896690831175989824410065458876509152634277635619002303300916952785569763929298065849808515663395120296657650739511469956743349087226573789126463766971557704415459545348678622863861710824979952491090 115288329947889749969988792053638109209912347330781646260452290158883406238314848003898569294502266522284513600089763199448435758980461060888723964359588287728490560737429497635944150181379103621958544678095324314588252794649316670937719317739464005064885403860452390084112138440598364382239605725885771150727
2738092881870631855445052704678008300936129045046852303270153985932925390462896361210234460228573273986584239555159880093457407068505268285696991369630528909378965449787020050439784710014594766295813639088149488371401818080709861053997190345187623194679261359607422340628464407889492530874859144768012257151 67226645476996183386156532191580072311938117734322507648257198968184567312329465688112312004995664974086088712552983899394627344381168625066427453336804297595943218167616622483866105700821839934823055953495864636743416326638804939023633491635237871316447901083309438496767482308582199443928594750952971548277
16693551829652332009453008894063339633130575849177030155428373962275011813409301261942226275983216410027679230566729107456487534391578376385201792201997037081884338388148906362695848350033767470551767564476732869696922707120388074478103707139199914809112875563447766155505232372569662109770468316660788929645 57040611177260911391963780910913773337519527008743533770718124809325324089071366300663299234461832318240230158438822686607360453495157770735524351177509563182906317893348861178856012100622275543338102297986483475366194807749964078642878157713025031112394912540467173997484579762713624541444727466866122044407
79222279795397141119745100713537872198559601231350095403548785263022787572575589741886403534210454590035877241185656964556573702389662186380113647243013011878471213473347225606741678872945547833889813794561824639181401421564965310730162580616506694953361309953434739642597383663360579208684882354203560928517 85872538354143936513991320099924904689039997946126002215678346055501632686481469968286029461883010282750149069472352878459609864901500504642700503606655354889849685827062507580263158223017581019711035650170483701594430743243551150801911000617244634639397872095706313454771393499740914143911537057641658185357
14575776386153856469069982983134673069453530380661224383888502473181228777278464810338057621790817393972259537178088705159225145150739039850020163412737075095348027977877132409530831531223343773450081644027159981315605151142410581597140241029792888235315676291271396743667639333912380712965413993112779656876 40006409948696803563328151910074196356339679678447463549029652438821394625889681196261720206563547290883824467149909583234400360414705942631285670214197657473527979998831382260257515688777477480553660708577779267018671029247607667645072388239495880948443239363165664666944454892725735064705833987222278056643
47525923132136956441991850611776940853118805767590460029256441726570468154467868060169747048024689873917456537014657952886771356094557485610906545090746697919577227675247912149424271830512501631622839789126414592811480326910264083780746816001117413127302441484733828626304674231655890253328424824188146411745 64123644562762095595929450886237292473087163998428277873646407596526446289459088943680981670416430748761538040932871028694312743163573597391466458589623270457922599880361215195153075045476421865386902192163288336041560041416011382931638612575795194181979823156170738100523285394040346083614418359162268869341
9138783087377437392037166095455741457243904667879886020353144674180485134262038204077541239892318224462177619253798281143455544125534221770980886356484670617544621288436016152840353715220062487576336579488045263399185848295418449380642145167602281689544069768279608854029712726012547593865546209554612558619 51026132852698522635428988166223716824395059362818942691764440045544459674512924633203730731594010306044579704603894855405780915427710850557874850893712804289114064073522297103459869334198827071871238988019457742365667001510042718172969416214769631509243890356139381434764482965327553995504546645950337588033
45997276183368474231174737244362211899386068945528080677789709205234034781209744503970550255528234867601004804333158682533322560748755549030257045732988086968813836851062081509396258740721321068350496970683254267656325283609772112299771675221207737376114474887483734614174318451580766650554406857353237655498 63541027806976201440377044465515186536579792217076887372618595605020283372574751464106582199288787064632654886020558949561313057330389761091397348375164887216060498010277457017811020591267400851318847534935810949895119472546288643213995143111296005853048753594685408387042126146683386162061584119051096308423
16427791835841780073916660485241419005339455332902691998747147465028841829651563662652800417252349754672936697180483019950957971224021911411468483567982089454131722895918582982322080173675564459263886986356139599207646103675553561304321040906896196734589334599526248832933336525161494469044639379495406343629 51497083256421309102559100550301157439695511138778432958426118122835410314364070404307320015404216229748673089240665069239416001853891006524351705202222914857736988719338439510583537709905377119259361193419352136012740970524396176071943247810501649523403252761796496953744951714249796259397578439374965897117
19457628733044656631203001106902395291308226635424198381383747799124480091028889466934444368367421106455003635659021797414451445797235237223147241774323931025305312630090116724930539923284834558894560870899889711917849916073855270997087047822769680743325268101948705048085619607173878757241141885085638225960 46641009983506406058844547904358462028519735145906549399332398185401898611023240554585696606133604271709391991676886366236949443046878229936218213937062437165562918817044028459166507744099340533948968024799746988051219758051561455655672362546374195093399454126834733354476630875857138745751136289647841599659
4930722575172202833665699361334496109132387466685490861039115024171077952160487704202497195705921052853099282830178801351507208399882180996958583428162179235314976243874268098455896116901570638842562789206460125643351063232122757397103137644103479308959018169909542608161929179720740802752399428761883907364 53277910794687753015319185295440053626919433098556745066337781775435315352063312156428309230105970739205630602805034521093718906569134559473048965072511102688067082600059497426408189273420811639835975508156386978524757630028315269768482617784382048051012139221730256525030675929237643028312847151947568327769
19381050704315797280818796088465390610200487037416448518947085135365764471901276474925174411898741135954668951829201083369689941398962650558180564416308715505379523965622466029287105102882044459800607530443682137048622520131384101179931167696602801559379523857967080743965861591359727050414796338587930633774 34981076631310809611602707262771750100264701835511281983204326551019662821864446315200696336513726343793203101931915365539132850267875688803155006095770191688899067169464890262523782607732642385558488259534451465630086535951745077270025242626978051431292406677028837368447743953712399790265829447570298833023
35171010630731171186346224511650403760670665109356697073799665628073154019663679971067888182179807393965480378074675955299132787090538522182175769468660482208496324120434779134543113632996773809789661273499091259547841101963038194060333883696339412974527327725495041229847218539883209169870046266930704527718 37515511406508413033413036689693970264275192486477868319392516442139013556860308049595309522292407615930015269955538834150951741634965753116572642567886863574837707782782358608323670786791442448229634905416860388787206286197327776044442453647641271392681516498800502494402325459136948811988480748705476658237
1565608408772827719212781711604813290887144072172189018345808946235691053092636984289891743474381991968909868613621443966081252364894144480353031040652355815912021023517704947124575016033687643182192696944842979765822087536237580184335330906754691860530710081966197672738143808598109210309753517056165676355 91903223029611005578136018822509655741118468355636820257096591022461639214489290677701573746104579622019270022920179017559453531278689255234011122263892277262227026281080508769648613938215731561345191752934060675387121438834037762672746392996596489423940668985375506394143426155491979713539957076369678041941
34755232114443323895455712518273704539745915239480286075772966977510666576848809925127199227149092333255198416292733450931650410344097515315261057452181581503155001123524416013566753190479657886480367574976000212276550051008589293864752714980854260883445693308260787348321146269076466286834693858883322623119 55325954458145812034763466558543627710519645962565598640610870181349000199163685046737608028133133372220104355843439412201354707513390591570994353199352646930470212453587767296623037400676988151717355216193971600833633265805625418746785682551096254760580689973205984014960635045501211610175402591595068078111
19324213459572819858637064407151501389542121455732546892938419236676738370478975511119603832114268357044701901948946359045007436925052341926832289982901565530221996468949420134071890293280212650268219643369858509147393902101715306918227014380364984989905237629097753292238383544843588575156444454462637716805 33590352486463370497908460512360401977625488712635180078440969952394362751211344663790968053812801876221280469214440283149996480483050552824586804349304636442620581815716548310767520725940407890196167227126112084845146534880927851999793367644658008875423955139903419203174571378677286856187298855485587661439
10405146800125697596586113067502883155627392557718461817029187127353182697875671450644144634453331599320091523769392623662867282658280413711580119959783811770304423806708610710803982568930554163501136732035765915103823456553353715001555093090099754946558745349066264468711369790667127544759365255638708984320 26570985767075733065277976264545656674908056119148793595068995486874427166491336061946882560654122963710852830698596898296914070753438307366343709046727797432743384444002146451501183920935671158654619058064210131043047226999230762981186434869033696162609800945232498656072360462277065538366038482862119624591
13206249357598797007379304391059726163371150237916324916452034286957957818791749895216335297298627497688385842239379111582703706262767701515883279053935527719038628434445069175565382487980183980234205087809321916753708794315196115713761859569338611887382962135047961087392978499972522972248984681693119120908 24694296972191871606911424219125346061943631015232379893355088376671742524398206556160852124988510775509686193767400016770516699022106260870601880621102404043857152640221306274410151088776415816592461183723016671034290813148732511001268417401344516631424085696295704694497652822665537233896167305993334991671
66124224841879767298505698876717864507653083618888256258944151227905052629045800629701993241711782072608863790375292966060644208557933878289451403085307372775567294416115863031473685736177999595530031796704175054141057617458177287824655482746534887015940756207122241693909602236575538269721950915568807040662 73474099182600135615469827369048182838232876613704354265954334047238376053883760540100315815913796145805216030376466990482739674501013875936886898712656718286192560872271370186497330565399691767529432936804047028133135408057204123281175508663121718768629867046028902868071484895094774447295816833420735947889
18341284061194973161120273255501223769455935933032005763803972568493675850596208719056101657984368780076322191315601770110724084729501303736442267393873052018223687692763624740087137895101649173010423188590732692726633848152440084370472998819543445168248367990492827805023073100769863540550540369665526108115 66196512014717192143666053567725592516654811238567157273304327732343958672803412882922353146994604499272303593525254895390661660320948206046992461873558731967391754522879949923493176194541114118864701636356842074196096540744911107866575939591460639906537625120277941484840986258891685429817496994505415865511
28270633141255067350660677552607099220000617448954658299464972729965768192142038940487777503662138852993440369417301897345710700900580389425077203427128893801936572086522202561581807123499504126709692532635426823750974260066547524460354572159761502385979153138755346478640046470332821123675773959461911141638 44881397167615623849180902509864172079150787005463826105847996493439012203448635922871131865343674578933712073582982202553549145333022863180522248865782296627183479035546073879530983082394442999968961041636413312941001957946310144500687927396987784093642696292311930270284868098941137235432012979362608331817
22252618448287039833510588030975477483781523699355712362247783231504882731056992377759319068794280138838358733565122434930515288400623554054487677281432721731993963747960712130802994948665081678637117129787426627636725612844844345619552560224505294257272775647389306558336686176345753576504075701297936854521 50058454534417714892874860336833569297395481237765109569133645092513049566416061806799376964665686846748386693162910836788413150595202754855120641883762190629872263771937131394139708351828635271220035236091939690498554758930152361680251843960911062258565821401653222817726454035803139936380949898469525314861
18925786229327473267477681810542581314884746696713146470377711716471027820554627297088275166380405652782509521811166437592947925501714243553227291758763205836126987571328990801336101404135076064080164089170133246821140649497217485463686287736807869201714986225324338789765810421012983482062129070282190133020 55521876540308510641973384210134623607734343589771022129817327076783774870142814728505197810694672450077766975010665741381411488908548439030997455358339770273058365232275401000040830864993386357039289918464264686057470523527478495344178458580564715823452525914667467562227318957391955769877701556142820466929
37880885150277928211919958088643793125906037131630740966721646546165353467566051197705137649326001005045667816776423000063481151791606975409845930076074496753289471103488426657329796035211998568269118214707724145795659167925960033470909584053478676257901086197260213667796775105327132794759720119601202669115 48719682924257432427880127407612518682847486247457233134560628888042328404781491869641699422166204115985481846867434754357330819472404426578962528910428463714111846193785559872212404054060788453604860427284683765013501637420349834916278737242441995099199327166588547835368751384860112964666875781443779338247
18254359557158455860286003257551304370090914348615144619600881688561234457324743957121807476258415644073679950165693677402759499080705539542313106387671646583877797898443288718979738691422838504527500573454457885040314028513633036764929081819152854079982152959241970173382877755451024138607876756080489586925 32483694087795498496396106566708152499735205733717047527943754797384220253743334407043665936230820415093740372324315014140410902534226542470086930329586704062906469544661005854347598984890512241353703216904961898643308479953016523641393184223932563292946183297042379349566158334320706756343424329163507952313
55005944270343738750535653137379018260089274743002503275065375595195441525781236383167804947542335677523670100634354322658338019865751410605301886267421897437219998863618908416025638104069603151600226172334643019498086552528207377698129573790221360856547042441376818790356851502704342111903484989495511183283 74931818963456141271532351393312908796558617950976659019166338005334637794693218906288312317889953895160440290270966490550975750551278073616905238106260949153304049044696499470237596924603348381652260997861535837671721960659327513627929127708807378353180411345702861254768672266359610946864566139419163253361
23680115843213162610380272630740416597807711670120054821279877738152882482047880863215764651410836216324433771455172112144053466631049960312263930126120891475737397375127360018639190717004240071991321002319225248604432112493410546802479892883357134735871118219397647775473641050347206217391196291249480848616 48124298246541184057693494662874866259510690543540760833055407096213431977280599158203001633016259055106173273137285819324514837364994009614442538266499948064365187068560857357457683635196149549189114701622968292951758521872922523574380895563260885786519122121763153568842803400786632742447121936507769819337
3227677166727049816232806622936951175686655117437096689304770265144292663864620421575505725606762100913084261472590315883135300185462265310767489403911894657270373309395027699624135194640399915897614028598609244260465940360961779426847599649834705575036891287859202892314987065579475970978043172395422395674 57753360110142309820676780873071142911491773636331195579523609715372524023920789818536948407351900541925910196527081595731608204209493063014464052113697761041010972088249367865947016867499055039020534636122632124187043407758115753041489910356486161556548227109184654599529998814415728908239660309368034306767
6159579198526197450247533505785143393112876777214988509946480566418487960555681795964955427002017495035993862722863237259369739135166801388832118751123535061664436175147595281357521595334346242643414961119560638357435245095277263778384122048526334490506511824795178704972965476018983305093059883023223113977 25942434696690774969300556627661075054299423890909345887120001496216767376990440376066158604360993942900614143907234390386123197673479967772222578961241893747177548303684306910347518355540089281177692900506298668258682096258433053777853581597533482453109974037239384117340944147752000280144102752293950302699
6405043813664321115842359837754488352043895015380063669480817773301051719259513646350765418722108974786514523372807389909016940413299429949118043741892586551733512959597635831413817008762754645810247672554287388897218912801197848693688709366102333692519164393032365788108155124182274423989746571092399502469 45559942130782679942304404989143752214154896617982028365702337375887392110195374475097768541417646163025832475198331925854210124589816652156817080402306454587346618259937956011522554806200910738717944373496408927037412337627970953081194237284820991613148600277837492790851559601159784088650376810660485113749
11433122220022235838076736494456530312683099089905545312672400428437103706515814039267339869176870337531034807087347205007347236656491937977339655549616398603615227633215531835434074894111205055245442326847456330659913190425580569758885536853222519597457325010437129072737627257970070722740267168933882414485 33352779401319757881697098896002097602303479242473280101493726140429393764194054722523602482478144341899407320556374863269248950320757429717557458060157162627208099953162136827337513663367319816274599009730219851249095072883773075956298299301394768330736457399517422070743161677184711393515226190345100117991
37485233672359755567491057646486553137469327465075897402515046654610667698996452207649325329229272332640559174663106468271826872335529271759764702564251948190383005005185204524796790752046062574330554410712984357468982661419323259619525016668210548675105987860368395133979501401297495419903080201375864783026 45624735900497838634443529917604444971492060476461751600221923876681421068804559546602680869266363356086848328360279082806017449098567601829352863377831223286100483608448237258113319650405813799618252600576180138375416793096483157003129460108285204444192406135899136646586902676342036659902961065443871122141
68792628677584034631616946565063981801185419368274466128819884774843165139613046631830928554206263869225107217492382748018297291560491384045693737984258164290307443265458440015974699340268921543778069370889341892253267571096855918866319368027241918623203353275029952306631977031747248123192031123050655902787 77760451331398633405483116630678165951286510657266842577717784688496390224783556783177544211140531604120203970959281981499573063965701231074780582883023130294018404692655041601404690358426509467757186222929155786906362511378635875257136461241940834553810636742872047122519133378069728711953553741482351182917
15075578004760167871472861219988394023136406865152231247641707654146771776894006633942760879155634747786608988541805116347464560519185404858094319508779933945320201354155166507737155961557127980782978286604840333899680460577702833997028252574356946038603611278100085857815430458843891007552567656118716291700 49928233390713005427567248098094920759652794557309162809948893258678871315412711486364209237830061484878032389647204684610618410508936134742629641013582682786211625015888797740646454580488473964248889660293857798623499404860665162052544835790026662475310100737992224160226575034957612994786668286752346750397
4285006227883147254438171793655262391929177964682420001968732846480652883917468781319346672976612485153514249050217132712213333609908095632497411331737483291753092431960640593132673542564372250377335642550859156587983427911078746396526184477607128478415731891473464360912811417121979587781988737751879494776 31194414158895472395815220844055616230006468910736150624648130631728064327050221734670756576444176691391229793545952699492461656481362139954529975713377215357713148203509866745758699566506421693465908733193632450062003880943872177168863132302188264358332432342911565707004016882463524397458217534538778750027
48074131607911970885702639437833934275882430816522474174329236716796210776941005726710097134594641065320296739407567821496301608628079076898010496923859732560912750901468936144942892372266456265969474158185382075282821713277700790900069975219878487976383581846539567082141213433651906461906724164406831960735 52795834609617457858227764671454022046889221050918880582183119670772574641787769464295454782582294134871762155105447097140198417856101741643328512545547143156802710828027948772633674307540143451596345815958627205782166730416724066946725408306023323521767220988772449067671674470601012224332536469340348323301
56958321741011679741263306180820581008736565896392014519187245952542369348068420869640720605970288976755180170397725873220420621945037265810975903647872826733009737505079656030237776294526011204564886323835971832018435127645073850440837279443167801400918508433876000718676569593276763480056744455115645831954 60533204164105155194234466721257287259041321708741057228612969951844998935793339420190948647714532399620835286832284809402642050131758882976484849162538107044716484832045568730065960913077278232827049485601603857669873719688565099745468837410714736506825760454483764727591062888361215209019210904775885685081
51149982435007958157716321943492997800167166034231250118187822065644282763859332713542096005171349426465609931866067350291745602092937945611832690547352620125696327687227590857572898857046658946319990348046566150519698795841869233309479522768743726169466663405886284023659072925293501986396049635214785284941 60728768825611341139145363285548053952042027084341871313975273339828164674658012536313870990304158781479704382524884599373230162350705553009695764298258808680295744235715686438164997265593950415067545048250073927836486398675341776319372332950904449887417616251057226036005177578020004156855567550153201788553
6892958472311847977269447520694463385457768815075954598276856789719640057994636080906134248955616776365325990075586522870146607066471616621270609096091257695054085174463851218834220659279485675423843522627173475347779231266568903646821153494887520514256067574444724538817754975329857690984443679903248369375 43902841214035434788446157814723038045614062375544988929281538176425940353010878379771013491129035390329319471891615073746109209352216819574568691019501515858265630774084655436588107184198342551647634247903028095583471266823120926621965820693713414776329024871498621026814349661089133738981195810851471055739
7968944053752206698290789269563323114728903542166001111188398432170076827774944630236138387063542395216541433456548018449411317296561664453138263472394619815084763271550592268173628443122844060097021845752603366304721446177583970331416965813423348617159036493877493800814065243840982894345832808559041877920 90697524142211128806403609860484860565276142301281194019030725746407749722235020753382231601647989737338382610098733294539541001136421535694954646018496392066636248006286388248646326677790095197335583270363637619683234280969775813549363094700808021341868955001433481621227136790005146518459430548635893313159
44602389371151707514320428797168961120891928203118867484561670979792583220829847606998990889456752633363920595105895421530940956732189340586055586750941019832183596887896264938140054760366636373973587279869746520935589613341795305524387712579816921027949921672266551631277488873166061963870644974672695266063 55404737259234536765984884359309855377819447259296099655662878167925923061568978011680820497123456164133297820907055118861261807086634541843393087997322278114287665707051242731841941482588926773780417044375759061954441591256676867041875101255965274585854820691778039256553915323008482792744861745017235766031
43160629070490674964229860025238576104218755670129984598838744331912914949723993241855200132550628474104770941050858113053825660155931119063217604625579613246770577935715862423764107841140996710478202651509828841764135634360829229855571804354253984439975760760785813017100749366290708080590409812661053891685 53319366414208136752897836085886230166937576085622240665722085480125790827116322446824662506389978096821108296402735153816453111559174151673698068458221041942060205708235931519510881968383439093361943316728698679551626363293011366357649316324697616125013228039257309533973008443089978327694943986247399808471
15264419019488646227629905237719266778714068883321228950622904499795267878413936731215900765062127345589452314306729459692202227469724184300022273641125662360459917852287574702738933854424911838661201872599641333914082876359193561948584045161113727076018786342666471332117002181852229627621915577525941909656 65612200588409688534157975161487503458103656991472155613560433955196884399041599215192068453907050412761647936520942640691015455879836036839809419089632157287969292180596345004009329833955591377125104269559715093174729415821687869798406518145548038563355246550171981189718019600068928063587002120843026063961
4500742177918867110521578512680738218714863046394391923088400032732267819786568446246808250143341636335631381225108297207049025068879615003480522477456929063455402484762455525715737700177293228341133523352465519641583518917401667028006359303592059857774967721611548603340837546204350416954348786632788474134 42165516669815251088364143828644925006080144127434014487118484382313071130882085322222821967535822249693795465229245636340637514054891458668435364326322070238859762830687749198578985126616093549608925023805139124411833744229335405310727086103545220557116839139539761555507928844277753888874234931594984986319
42109773003823672189874156695469970260237363252627799563150406183278849039584805033688359058926047373632998055360673602388042456871587922856639986770232528479235890956632512006188804605320665765190592935942489091361811755926659016620835844827655717608573700065761844557338586623965202117548023948278890888107 43135559373203121910863584646457140268099257477073157804056597649291667146531243687235535701606131530914308477916751481460232087746472781068391001104422879781420479020949958632212230662413509317802938881038678057767479634645684724521434305704112595372013212938438576056175547982840477812763714819159580825089
7318616778983830825735375458048466375272260440614274663883249119110347862918902162030456861104824390539188073681567527892074665064571371719170536781604205653868632746105428413529323290597006788006940457268733816797358318692935628084391055244587139962757917523364074962134680926771658000562901980215151050327 53996605770817832452568448019001546251805215646447845471875925256821876984871935525755587813092039949121537986293775413103737658340808676978313476735249443722034059532424156449729696883294826006592634008000640743495721048760687789661448593085908584225576897734150020497350924656044464051801899559469852517913
8010558274128014297548041010633981601929533152870104791878260645998060482537137864961095171711456600787493464022342660108531858030016950012672311430904444403710395561211324561179865919247091157786997898178589048348658818622095399862758735154777191504449630938945413119743422620022974192200236689048749577761 33675418400231428048365299220249615052707763305614518945927738415493489224267797196589586725878033746329644261229874761954850223846183610189796307498025272234425003727220750528448917695742230063755262312221260736715208269222592713346261503131333601288831014840125110961335013476616222945495267825465224092189
22474068533139485197480898044316679555927750399115400305663908426572281388129089152618172053761248583498788235504827920069502401250783547746816519575110576119795391899202858363827400620881536288847633461817313855866793133171399900491455536467040922961834290544029025854128175406734146530872015526483324746147 36043872127882957973685031379839818249037526805331979013741231751811698848317479710923329294052056985222498317795539575765410520080876311246542779417636831490097329733443727698784054049461017943417424955828611333679996341210676504562888970473877100508368411382530771251598399508220207247862506184564844889039
6171950277487052921814940119007239802344785809114571014414108232845172467323344505358521532151187217170303363081109346374369440016277099616537718044447378640122058645104113532906396362733327355887088909928926174522078964638915347414981556946150695531237009823135481735961243725780921916873136942969495612058 26274224925901649755829326753567189774566637999926554431673296796189317357975181047823371876949732171801192805777930021100230961226122115766215400935420645088407455506459580530764187183744298317092933740502304043694065074168977182274390474363962648503349611770221582440418058241147182239178828449592356293073
17784552108688920087216488062131162102342878878987754617827586677945756380625529637450581646342051850898504586665225706153007325841817562595924612109976204783222298618608037992132616271902061143051468455698738052031452094859657638066635938543380485536554696073842130753752983488080289487239811124437851285272 43310644339604302243872554024965668364563582888450479838334494813734897817442915602046793451869788164566246997194795412918666540943402645012959428169243000690024817335875116591055402763792935921077991564879590145032118253226903511758801729795308661969573634171931307342597981661961511844056116313750675560017
37299485069148608037053586055185256311906164172324720856132891060845365816741597393090955752738629158454753461619033707385982373940921481029516306240611210498303199637469068482118187664728057826244428507153632283725328704472126200384803363214869306376454363503979327804867858947353204867932538234531453769488 63061074518711013284078567612911808877596483387516868582999526957662367327653439073743172522709662527506484651998774834477423666052489064059916189788433386455453372363942946518143102294457513718345197840550446710679296311211275341839485914248381005932409503300465382692397462419617690836680413544015588066097
87114768946041343531607374460030908841900459982472757112174555737457811510667441874177334714905231763356478072081909345130179355900420207525877531344816336847083621315513543729692924510501853827237331030753006960746701221994429598467920694858639563112063645519578716022240302586099981999987891525681000318295 96225078766355652481407978165348647047780520373707580244888639077272911223650263714972897832170535308256537668528929016986480082711948216330380620223877832549141527733654930482959487833751988956132124614276105192337195338111087622299091663967729100023871871906781157104943390182291052367379845689011119107779
19752821281548560578801004553340954250648728426257405726544587415948943351858258473270817335133578164732454440071087232543493093079891577135262944713468957782679958278609660587788637248807714745942553466083080840500409135903549794558496567599472964717721437624423149418584748016603438271215141004992569554470 23505018056184868420564519040196541204346053303026227207653398064947358656300047830256958349333522701411216195636038476316055428020517961673347110464845029630136890187969486060080515317353114496900356103297994073029090002278205201422658586104792856535413718215893422804806754574153587359292682339879896940971
2306806362694044779323061757001528915831820011185568158970949582614006301604902476883263066007143179184839419092215329548260414962270727378737332194327088156637055681796690334750485889419234770068532888925689902300883861822457411883548811809613680743530160033481634991127776593858617096557445086108704256722 33088102220204742429282920489769488196806861136077596998499911120067903842622853167482821476056112303011185999230173185038161941294311367170159828406212659296917226354470884574542512621033278381776702046234957692860351904637620456637583550017764215841363254650829053593777190990567412198519241007253544494133
29136836733320291920159720399783854547656439318185523977435221838275331435566090799949582054659503337566564840827113108286828995524073600820306161622004963120153745254415278431267975930397573444388014511242569150589890067600942046879023960198629100798843639246239291918614623585896105340698864692740519288847 50955598409196181734019278557791780678477578508879553417585139123907010979947614032959250138149880049618813507099100010404572775128285922564444652604833933843015348533878986873399478416134069237522012527285452053618844204783574213316298708128301347173489149585668525548848631053716238161053825607607251240699
42169037277534022929762920935963339662344767545113222820439475058310628660829266944849469882940525796246068875468738256268563086179179598883995701829341449518305179928781487263508913250302228184823985568495729159859487583507386339362080218783876901648114937790732839639107946233956109751283152447890190080661 65153780247036395895498244520280928089588529050900037653537213410207582794587711646474400127806727809703186215960878682195119052694741732191724231914445610026746163519478921089194863642622978707136104350081964610368072045650565230561805329726395076253993149633911662724180450474401316369619334071348154362301
60006817841279530362811693669064381426469350772776784726531128558167981660496971019347033532649413137736522718846088573731067971827815326718491136807174024607148886133729248197111267009950519999800247654386863128931018476718694242372906694546954106117735812918184160644044091890937392392179247853861583241332 87350892196062216121564508937458633750747812747687170165685648821579039645649252385274072899576604525997336953929149443637339993044660307469037176741735475765782777252315708515173552197542438675105997180943888063031439333895149481211872393510855403187908343618243346552985964593178628873800169505526831114777
2133531882273562110928791129736273525707868471156210623716565122500507726175269109937160873621045354103618851102407244222683254311841254982008895857462680875636219374094431271818557910199671266077920199840302397348505031460494572896447285515655053018833283200166071318481840449353347880559597269815128058244 84232352871164306256504092571608816869236383032236172700893108458825549469511572170351447051618164408406949656296614775985272705939574098911650636261020077114005124612788202527861587798809117277452675681431345736638745625734354073400282711749904040964915219073248296169480371790421875842035630347888172768347
26193886761730331033995966101260680576854251285707821653201932460648784716710877452996307416716826788906513464105788773079912813115768020820943950197878026143895496351714112393188902359469692582681647454247383804377240965638950340051616083889315751465970388643958413937842417291533638608150948871642240997739 38066957719060704159932130328284633090848438591736335621886690160345032362328976269913390756286704080566958244110614587947851598509479316845829731037463849813688075359459680586380739110020035565581930844107770641853160012122669088508476452557497761204312148306326664431616272748262395520012551382423584430439
575860737819880392017745939052755183578821012944974167764874236126576781265667808976986207172127943953943275972600431582200483687860972759135436122234737753569177054700181021218164672769980256220617152344916270445918323606335787092019447916406499711923800528392500594262130900117157416971707661520581377457 41765519381385542077751650077812679012948016605063387462354388404300129059094260027040487351421038814980921507094335739370031761746589090175427702913914342500993097747870930134300772591381431410534076852001345706448493905760233483167382825830847630765511731046225306947912828188256117887655005387758657191361
22800357716917881376822805763035006363049615726863900140171387910314934445749918405426950402315362063005685853475678711726675154111158147142155588339565733405673928200339473812760939142962200277808922139224879940560310605899580656982213530032897835965133891051518396220289814037068206692321008061214223202600 73169528440117724514389945072721790867414211741371919578021316474625794546838916352349786503403993756880783937902586836550535708341850200381377728717444391379237270703004452649160041368628452078951471603235192462115732795280567919877965844362333908745526879656831471329422240375821456916844019727985568339513
18925391842183883238075043708539177976781117801965355663059096691243914804372328523384464382264154409867104334149197785980319458303041988105425962766648364707881306205938160891228386364562426036888541403298649134133578745061592248984572099466092549237389305182566458417232340444765489912784056151785165150586 21007724872393041907479656988655702606642463074067790777529802285491606943848876646274319448858726593618723464394308953737401861346688106124946688017994179091302900341195055699542896062780561531946038237941144500477517873437124707518527773251032831364918136576436288640643371089335036605458009124968892541757
37643295891031242445839842431115525901424284375152222357387654070983337216559895752871439882742577991312371491240804843988906031372153763213714842815044984462782585186932893939293184751828161486387390262529249505970577375262788824841648938995395788490657633825993485457000272146024044523784197340086088652681 50925743583833076605890730736553631358306147696311920200659406230150446835738425813147860991626940461945833040426808107014597135852189346729447975455170619233823199356709509980264638135180750526248223327872189336805090266574336887219540164969559745142627099229505019673873590044108569570839666299783604500079
20221101230155483645552777788600177441463127504877043907531960508838187238988239535105694233694925764823768550816265774083229951825293259335969384800538589224356993174879475794128802283245455623280302886604751959394036008441189091915708645166995499196148606103827919094362751318496990049147727772818859561043 44932695720657647462051413517108856542906630799156966890012847851287004928953093158911505716135329595489357167030891072192839736596970704393591019170710365063832366769665389396782323797745408717580519058565880158140428935966123572732738718319621313256385333680544058430844474265165856895888921090512284030789
30923042329369820718220237931088502109528378122202493898538324641453086725547410391982068174306305499471437699067155221256018742325252146884437740663939303895703930681067491030174508571422531973155340332990219545231909152331567268375655058420375360615514337116209631007765622923688539483202702735545518543494 37599545496895541790275937526582889115418188461504633153301292218067574500132482802045156053917020503908553160679431839698296163578614836275420273277748126317874577309517528115026456322593437556699643952999184628287160850556317365843393717968840043953809320929487746621565601528428304574909973719296153418599
19460473238282963049259990997973123668731475545043251527146982604083494352328138973251172698706985387750736011776383215336041817918281536799792049973732485724006205245044113922697985698988591165374437975417428283361214316981120009693833243674389071948700846363527718839516037574998690395424774408913963842816 73957910008871557117011074191606059066900997079254495838769722028930592091085675957549038634321607000798059053429862507751166395287229379357838918568095820185632562469703247270245159259290555860150374307569248751875154942748952374217164882307559642329567852074129729739264673415688417622445521891413186516141
61387648335427716916680644808779157418912602633703309699078641727077297951195544543569056006556270315600493770298063306848430885668787353822401157622353589022884110419678933574256495680095019458736040197869110940928926821497030399273978356940765541299450461790286739032364712804403460475489531514553036910664 64510629515312074027065094254276991516750879980832680848616390136487479616805286675098019239179884809404915196511816980754161407130590342837153257224914841611882151245488360177477552142433459813532306910149739012588930762981128361907145095148362562095404254489848759032774301379236100791910823702668407764153
19786786533703193900911189514668289314245510713548298376183320175272835615539371968312853949335718948903806084163306904723175634625415106662249821372664224903670496027091632029660918264546243383675358199738735900945356563710801558416399495341262107860433980731547929183805125551788877956265124586142203792256 29896231549921133638260638020772623825019171390515105426505789667468589399590932868573344196505870707081933373063297061949399890448446151173184466517793218114803932439071137712978324672889764285853519407639397988810651587582648474522753665226418107664789040897237539553335036535064619838784304816794379956477
13191737142271819667708547086066007586882931182482955422837371441613603369734884643885651793278490288807428587596388003405043836684554435999848668668464232884505726794900714479241934524179286314486823023377176450310808250369008169175406451022008013877408856857802767215583482051796797946096615566582184057540 28207522492844873050451537003827242387364989947331838126789617804223874906066605858923721046566706618761412519094757000898394387176942423497192388766700903214413906829785859212049914706234887885452171828593728319340746352437258670639061249841629321017291997751497590188216769086485130184899892190584429211069
21847902213374118165738702307212758827417191931047231139419470647006733714083567515916518918230366974722965061470624503426860129109841734174263265838071780823146565315034144790084612703493653842173642654010209439656986728889764705262309413982793374075987027297835518471586703435557098003762022627370666089638 61401458190422524148030035280568767605003158503252951037853444822854820583683465721025643002781248109010737768087858344388991243772389850177029136900312621813309949287344859167848219535674618507893445020472715744858431992816815704268088172206951253824421218740472399033963455508412990061346266053886514250139
28733274445293591407166876344276408540136740864770739976862328262557779815329315574889172257705005420911387551872191356375446399615293586752322275222133706387058604526232266858767056520636781373147028391329364715650014884940034255129429808446294147734444646552592038214130390950999678950539082816246466288224 51557577427949399111095297562310527319621013977626244482604141919405279755126551494017292811551966591200440890841372059972826580073519050276069858990582115951493122930948199632268268150085480845639493187699629616346727157004828648106507727800547312273276937067392440786004076738839000927451640434807421111459
31615163442082814460359639536933052721212164148076794157112953546516011533973547232345669446051754219019608533113190912523125428234710332014850937152693870709681668532127391700454898686240999225731481220630746869446005127089165168853866582401710611895145308263169126252314604004142952846369201959351247194752 36898659772299803263901239917831328923757591966229028234228888878019505175619309656262033078650079449569661851442932987954340904716061848051321539647849439902475351030177952703650321521517555450651985947251609940812116073343143288699431589493559185804780411250315516202989007909142792816037152518464561313603
30403185116460472364706257241123976176289706394769761788380807134951413150446996030010937158707029091482622613052177184391012614294817248582962695484909142878152977932309796243994254725523732222495789150906058392164422854826041560606544993998079343264306739489961967771104008196613086447377951644833581390586 52712050773635389000574945352075692463062858338056005579988068054875714242554301568989939487574682841005501498143422753331678272462697123585127032893023888510600497303501387922161868980996505136501765713429928235955836470261722624089258700888172735734542651947358569668777191883683801280714478608054508812499
13133532189576384615060705167067792351178456182645901780933506107089170042453634307846451425654165030011621978120907426624222304032552932186266073840825598807849988586166026589468283538988196969654710140048058957306450050045448787673464848706898454528961051842115964848999004310043832697081853576819375750456 40813062035156448199388907630564411493957307431339412442313878161117920303532338112322870611478224287356113477684146498802032208487437011512867959667500838176134738495150047456024607097876906083111297977897594434604639215679204444502957159292912949113196414647678923043406243780184838667731194120782536719423
14215838494171853287725956564092234667126068599459890036524356840316170059236486682755820837202252615775031340668554394977238696938178425539489393009302899588056386501706498374802757524388694247800389342433952701400852480962897953049523888629972923550194310838590912971366196176273589844524129822452474280214 58366667953590542891404493299938844867345367979808614377358088945778986738638281144077324867829146653071066539562466187937434163875395744422172816073901070120596191889578588831765469296477307149414074569577948396431374650650960462078757162199658464124288003610936168352070894509974146843938931040359202216757
10833370303565887592395645982253403312115702217384793653871507909021214851033563653866115524825620552203676989429035733869172992155543979214560291638529772654993525130337888594194386515633302114619442867405284030447612128465336045634641873118256769016181540388279185345122729989174626197954603176042785268740 18577320373481955135472059427976738446627158696316685899134571637855370092252057103009345334807199329722439659535133675651601999010191318658529126837623564107891118447874480351259609741521059600002567210502814545400302743265432988854677516106743802086158167707175474327638868959549529606455073689348642696487
15167186665434381215605986554977503836720439294058206042092645430140584033838458521756006881667922368527513911725493919552905162531378022959903719371615042878155914538391530987876997309447481646182784363824926820718539673015025799870734489933811815062913656110280624973527353582257307820741850162400056050951 38956240241568286329624857450579981307921145756001500338703479773980148171960659005496949233887228581467659637871364459949698139904254324830903097077904851771985417110042850346072693658448938960158492002637790005153065682678804018631497163006820711289743821971168616389337624651403944159661028948643941764651
9443578926593058741593564166400506205724951704519638485867533533535223585289759517271407424305173197808138111406793759120793353635035455321193456913006589580576912707381160722958191147546209463978847880959054950744654736849781516878188622469723169594748286508083661634676128761259454164818632775762569160742 27671110751776963595103133341303127265297015946069861750307083514773160314952217423877201474806802744977723124796652218721435731102385421662256402549415373234335296145840519547951140654882750942204529490983719174984980736859772144833883480528777072260257563245896945088628441551708681297726068018240810744891
13954400505320315177863714192484149296676758476451786692805330535659660422642247937202959123331654257913671895573513764684891056455365191478410802685706641107231778150000935378150972222170781747535772811658729302308847934993160294000944447092738701607080956810859230797255405591312666077130771273894651636480 18369449008690311919797209686000359500975182187225902796266313041533028478605371335438889288579127145486065531174794875784084603403279428232776821212054194894059792819454399559068585091991042206317485453940952560163518551430403275425943954244755275126778046899253290978587157177000026331687736412457839536399
13300627848790120968865104994624053916944181821702282337302771350328628093245335999003818225043482552333919720624942312617231763478988664017578899320727097249135885503818156758090360943456539709520093614532826362435114969166020791724815744348479712480592363153067170078413296601452728940643335557493897259967 44307257620636796218369659900752136550383870871118876864414623686985914622735173613311835192006238044236788438271650204859818772271336269181748468125636326034346576743966889648892784174445417710354502777395329417070713984887755980012698567296057741726095031546247008591496956771648367608979608080857142990397
53313552355343583540532839876108194354337185379607073779164881178792915851116912120901544857553729832000358487222769212291524591064171474014270382062810000875253245056376468713774424003289352360618741541082287447904318709901865638235426341110334876699539997777886779323323181016285240013233075589172188126551 54803421881408432304250657694844349892450816314656951950019520455315886166221102690326094849711397894730607811572924051066384305112738653695083735908384819619676893564411422697815167445075697281248010970129652644691126912217978251795988498565960252184942935409035968520226248353951066491366504150559038050331
41078981871877035899293618735429025150173132268682573436292155860895560552299996987472988922647529343157319145881006513605973618208834192901676951403089759983772384548532284708029753071196968868371642988639606692941237311395553623457921389946258036506120009187168750123196499841001852576032725933504113660289 43183701898213001606440110326848667903396537999119437259472207369972253251142359822976740375917133061150323481143423810884623188799563291664612740256284027752926789202966012152178079441919838607316731926095935903215935687118534918708023248122249665670789174520165443248505597106723349840947636514810121230131
7774116536435890685559335866096992514542909398732770622058663774967922775027031752065957425910286340861992586217065242860237305734718856234860768985820186931015067089134811874960221966887726512789879030606913824674176308542976658723678486643763556742788483476078697476174667649236252109227984584468827402529 47677397666991771210092088884042066402287996177652864426650130816526884842380678869705923431201212188894002204669774603290837754082556909612636741420614831026598955564670944839623879478707328407876216479370632489908948170600483815822919070417214229643809699487133400934718122065835822922516113422099859822649
22392756870223540496904099905857431577500920032485186901879857268183230481514556356776579535050084617115829129292151023321978608354091863421064175943054205434493304250172053621759462477830021563427434368111061084296667977385363435757776939745295281404166914566703503824932572746891634199063184800135247817476 56278618965864934707755493196637265606989440771655963500106973075286832316450923405965547116709887832889588533418916792034403925142521319790785233581197157075885890180783122260426527900808719330237460727784050617230504124319499236393162518370127836690580485445447101987396830042454463435393982836520483410489
10182745873104603247272690528204098790514079646701766290097094011359312687778624570086718526975076795491274387932613684126088684941055954809648636003882451017401948804424960802085561534169689253014460738075012881784034626822415125072831894372637525499513519014288022674232759436473297898523234162172709984335 54686223546142163884161730659745484407633016421968746824001171449591733133815885781113474371726759837425845892959987768104474910254461689747143218518581058240432526331480646901644524558466996097401664388951856148975106440335238092357295287942880348637349286005180035637331385716367609711880260010262524556863
12181725146586712312607045978513692066751224971005763451354210390980809069770597066195663662039512943738285261589115957277981778303048475080663964223559139576869823617478253073997290348586014141509615611413771187328517851288237979574334601616734608467945717112118212628814832645391580771134969216351373013454 16954862655103693489419724726619383465645987227105177195838960488448901355483884439083011748308014561198727139689285302528047799936465499369434893928352110486145644745536942155427694154584716429657039168221284115276390636223691349430279387233620843671996150014692381305569650615302947593163363310883305863093
7809878404469799039179727699466057842015506386171052369570263663870537034291579030011947955348043377010487898851241910249661458837459040674357134771372625942740161947469435772877801872748890341130477533278095724453275294423180167547717296731433470397258845248600503625969209805952131172643313188069673463220 73461938799893685132287167160110363709692804303041330881835010528221481159953215527994893461500940955699377927989571621040165207692726547726874889918692394966033275382509981810398930916214788919595189676079552004520157410089658512535254895815978420915065257983982727461261683627155104809547137000708349204777
37199818056286091548430521353727130398123624420906462697577890129118096758630277895983997316733506555098562729109052596553260733524060889843108545374491786865904876647355229937286029582688760453479980900250652685671695877684299674030926801143534113388298147865843390949015237371848975412020102664814182787111 75606662530864402743869314193227151572363880400873615682105234445709381153922452386871900059766847277140751747194964454503246824496231036089933868639203426215731546453079328589679830379224013306131093304458849512482547139458253611412209764417062687652267437563892988148646595773719877075806388176575250095163
3275601731602444938303376657192252711079346218905820802245816984822497503533298036080179709476551181747384496726210264159684639029711207133852203830086265940959196776078389341108231580728225275238543160512461228604786238454890053324396510280105418005821936815190327053109624272211809326602938157355549235908 114602593177747728427667684086385412000279502287841414363464571445706942924533215305000054481227609774554326938862111280663036081315181810523565032326774799290592327855867504815076307768106414832439112503827291003755434024596996088273230024837338931366600112505061861563096411144862899540154908034057906581233
31825807649576026907307831184079094748668855723094493271569099729955778437690196619292691337199362399738357188449771938818649327736333285953801011646935442751351314547488198407367390143607500399795662347967678170437374527293450222448349798169322448860047904491732691068405483117162376621442558582745091140571 60549486590127795922143093276714313400518792194606399943030856501158844710961596589693985799681564145132518681718143253724078149007783075258991912704754017790773877361281107966616388915295854539689539867856946221498117436203946195217272002747926632912533678408702336641469756506402777599761683537591637832351
22430067699860005576304152429782870942275180716857616296047097325534471061568297140298662925971646165485890430561641066475709954010420071249250294483654136240814341930633852872007368709347919315127614897817108618328675295381022602327019505001767527900862807867078009877911928588361657397621877129831433891143 75677518553889449057138578217846885384101709928138359982397382513514272775227803142093286066571166729704956293466609669017206430005266606490228180619534750711614164560783493189819848758456094645025508811128494407938663436364355392107636274428283970717599987152101948499272454483384731453616450960714943436397
25659873252151381911222435431596264831315167233953458800646279199965808452757377330597783056104963095759384852006264043716854448298666388382209655462463985794086390807006646418386856448858727815490232061785427583970544785325711819175801985181428107490881336770594962969879841209054023353825057619218042827368 55024416017576957507560395151258981096753362891816419008265465641460871855532736449454625196209185033978870499901298835513140605278295659351149954503681482965060518298233812130668969238337837078975340870102858351052623975476567650389919045225359675770247686605872371292175074601876275632981616473949152467921
59942996184777668409281651197393063956977411788682310353886869625607486199440626999521776025106755036553597724888524504167016282228673993055603178663784625926493688032279702753470683483186196416697986334253150818775788420104615460901443849611541388624768452555154883562540117013374820428230826904750909718688 72428212095767654862206710488591308209896916923341491042513387090896615858940079987259261350737826119884426748016578488245371100857265306838989434605383305353702704030064936345897931551355136881714013850432707376579666560733711713545816263668071539843197324839997668718897354509613376482105868593431726672499
69921556604214228034096533939636735136556921095111440146210523504910209985417943941723623462784509379443926467806607111262099412762457981657670839261926498423332721886861006635691516430444645341001263371060145807599771121641004189636156971420585493121057068126043387005784327537231881476160876743203596252947 91218483842160132594884323240407585992250255016983611757357672941297482924128411165760176218258889175677372754239900189329529471311089696123403455697148828134555108415248845973414870206995489401789570557975398524897761344517197464401586141377712313346071868085422969688251511601697920175235018012508749521043
54037295073098324171047497644718720539651719365184533373412446436426881568032910403668475428616081924631415465180973760019972740341779234747914514863728444571512593122009522293392814028499283365977317828780931862590558279751195537207543014709566539448259098558886469682231840216590505603242695111294417492643 113821056026971480052044967479071358024431045086909966996527925346908080255150628144714497220673860114892888900114656951463688309343159133922194048034434352875650315585844470271773816275581159151014143102516130362654079943775392967129823653577148670525131095881256332329432130897777665320105550955705613954101
21856304704727617975692846538657631316893489982886897338853616451019140586136432111277692598368616920690939744483116945816190767113276445612374198416786435509278173337631573054594775232298871532876406918868301057576099381754319115848715126100299248300881495274617360932135824279716816057088799245994498278563 50504606665427552439324897811719025936849292748370728243412881301689655729408855530278143968107328316064486223326700030053694111399819348122924530898291490516783904935737207551445127252837998190546455027656007220128718308019992634339060391226509974647045794979835721353140124995542014614987939687069695056061
27228823292653877652964804709945570584835851987107629801137764585006059471031050091635916786050236427689413176924956710181495428854325288945125942256457520066171743045160258418414666171831526392654798130338874179651525062903917694758719100035287205008932670577265736850263740204485571085211083905430516112187 53860454071625172023005189938657902219254600906310267088911649366561225238976780497431024297061961547519904291536742248137641597479315782688765730406118573341463144768875473729073939786393264476606052817081347644351282311787472728093095099138581517760113142947934554651156218256401011171115290107067518347623
13482932472957864576397565608895931210131399433253805142263118278087163862808836649541787625418771769097012749533814317432985694432930894071033963541399372800484001564927004479720819473147377743010532857863754049119545693316915149772851756909763027420254068136100899132988355262748934309322251574067457714816 60668159941133690484394135021012530290507918584136518996499635269550259251383836621584358155250355493159494655481278968420724503604170835426087567153764613454581332394270525777450451118976000922933129408450354693151366958605323062514583811935425498413471734478727981437760264384135728567967639251009225187869
6167923636235803858828039729169830663358725414008756329511639404630419376099280203867176462430034692295277832799358244663023062505678124169694107926996560963383430923099654026359983864033258894761386721812945906655494714226068990478297144634726290574387289924440538460932405198056305095679502511702805282867 25596762040456780965891859487746514194834176095167635367530308546781483466566235062358118549489260184208873671434304658710364523627686993731432057515229942202874766546409205909098545840378101117552559682032698306393473767443993519841283961841013799506100415383532895890290731675787539638918341709648413504429
12850140513430932138518251553063579733603012795992062578274462829453914209047225003032636648094975214703475494183415500727864037053342831547183490644571495808235421409687616579149545968907984399677529787223733643469447118769535853573263800630139388275166864557167693873655785127998118123764657712080454912768 56564639163324449458569155001243073432407392089341672901136427906965405210842846500574460096514177765333424103014383649256559905853465394065200039004215834268485558884533289256302231360604453229464353139738367671346326828239164755071480201494513635895103443538243557866265086672234790273660840037465808467171
20234616846287001207096568402768578809269917908850908187043464778151635671628768998912206270757237038027747283639734915831315281318826220548846490307745381499805614581020618773890455961057868146061635818247398628995968713921462844001760130847545788185225896579470281221906060870689169084042187088237673768825 25358413291881059489387254157229391678768459146360158534988488473523253716814680101034762128362766794565303046491113730353269114920274446043435299465692549441432008517724045456033924774554098181269024807547076840391760662955909975782952977206969608157817143662556824137927262802959416184959048364956255265739
8325160391080900055624174121030560704266472942216330378427715258134550074342985734444559861353478602538225355957395449315184698905305101743597933406679374768379868950082120363387466041830833857297402518737889569660065848964064698493675921504210134706838824539381573541523927279752259589706074393802101850476 44615863124403164944855883845815600595442030937103940174234356767530689838836958563131503018408418999442757302776886879529069691279979937649914610043399124482797978590562999163227884700397874259238133486813457058714912026898442945626539246446244720841975240516052126228995551231562407882340339693457969560099
12701364758004672962187085452280272695489980417808919965108366000619043335632736530253109722150419413361062578768414550840129430024387589377005767910971293634828791750202653870216839413986207689237990056570815331523069877641360398308007411436275311716120913181878013600275834361387846497189546409448979531996 100209702787973167857744324906828485660841191892696753515876609371919199565429482460722730778130310317351641139098932766082843000155329637640419915154373507680414291008565231823710658048366346000797714224141018041300576164435284136364330127278901760570117712428094444171652122414416506025524389294622511501127
4928945349881023131274449341775198187055966984190217464413476966144536163351129623761630162499828015313762599298669003878994271065871511879743381173630881322689627027173319122814403030255854926530877443446561698068269279987414422491810403798518177267364414395776256324797516720205243061846487011253515487062 37755600906525676427771750618331717443185330742690540970022162662700586598474675847495241196373751155633108630442653092726014105968347360399499682582280282544700184538429053146775656108719657815600646615745492874570157471276487962428426183175867463188379005627510617348107585544041831946930420000041717317541
67723162248176083550647665689489748021742361928891877983173254406625090644854459761181994422274423093522577799302203625853351625347572170856416599871275494561521914720902510486680352259302786372893386834984875763023604231759911682636474708978979949504284953846053598101097147350824801293509398235660811442218 74799053305571076590353119698259207454842913782698467998170547885795548099325809750213688846751325705502905642893487383871011869088549663720913869885481016670764938972757022420709744864076274553683485364964682360620755066921742229701337989760258203143316675477090031959163626558557018886708239885105334896003
9598052614013848796398510999632994374070623972603388597144361264869785392188259169265619822746210630045426435878776215917767889851423825879657541016394164996109347013296706762957855295165343350666431279969929502290987565076659435067798543123168758760978198672445215251714903707643485200972637935617593537089 65050387288360046743424085508972810303389530990058024783397255510992123713033004891248007189601585731108379482586966233657765273684675034586259637388100499482462245511717182296546182699523442238215290093887594337334086704378433956539697609893974776392206374878492591274584221007864898886106179740337156351379
11505156955226923153380914417411362170769811052132269317880378992061658146923782445259423845242596833067172915764379378865323197606866437240666768129737361597034038790000912068030734342874943098279001293987410291405215721232792987782890131201666391188321147060235091024685138242653604711035694968106746468875 76919700862900926938404140077862427144723692649069731431056154030818388164344037210722448852019791278608460542061366128377335013305441444045006428963329648803947186478902634960100413760318424273534649027434390909206409440265950713798163085450843777485014481832425157486284085952970715620783113850956004742707
32475116714426365217400866383816541707370763019358373973520482930284143625566895531332988081480681531065477247928345492503367188772763253677878841631733850120360448240884263743008417267501451010800790838452687428737686709023901005699261410497110160142018982710021641302049097807293072426322670563150146143836 34459012801085452757207008244257699053715604209747907847692461859377399510761417005435522870325463606825980496702721960690720900703108798806490993124470744192086065841079821497188161440114931055720186527590873840014351407497093611054281029699315700109137182334493295235453628678546745215267481046905600395103
12807685660227031496100150157299712827807128035516880289878327987818967916554591476402783691892584622757838386780292150138422128259001000341954194109611981459458079322653089942006778744210671591212890622162520312618824693500354554657287568273928172096637357729074391962934725538815093959083424666274266893789 105706286154613003712860884227761602187802185325215301544474950992908247361231577474444929694589635814616003193630298867863382578497061385471257776575090483055201301580081739045438967268553540882566645304078917280334892237525895999585028683446908482191204124695181551032459288960593221803220135599989405858549
57544210262987060724754865373991115741958844585210798606158048095334992396607339814677901767104118464116857409704442215110451205374694459768801640696311888849005815861313628244097699308357798263094281502612524433914016519466249988917851697573777264480424591932163409458882862570540858149229124659273418164270 69641214766434618730657714615355222870622256978396324586083016835093368924007745942874138959601188115884223213262047579287428895634096778441759904308957535738307581713853789101275105881058224201158065222655756010698138066058893749042353069913205055729539562464254722719868439261105995146628050558307096489319
31095607254133103707511971273912932476523414778942463591220598987940275465156006647021310027126021074782572082043536826797026201003616533333444088277789140102849945640760353273270347995334808015924592323263120670487139383097120661139005029966681153891792784170783154039729105925069615076606163913943300450772 32225971473124150218308232956881436005292632984074307192726935806539359391179550443977497454739952036599041107520607027025278411299407228853710180797315214065985478640280715122227620149426928881869768590769261943880215101833762157817752491227789598978879053690612378562203299803686495785758418291348526929311
35346744416614729508655238793651192956470979915538387363314069948130646956054343497536394240778109270101116571674075258776005191039927339147146098396423807894228272825738491366177968325479939409349657809677050851634383033312959118477476708091076251513968143092927288315015370197756356588306463199415539515183 78200294642607509623972023436199793850806485992028146390411567032954161554705042805831942315569093285778837904997097691910850610576954876203110268416746871678636544409349151024430432060096614244519592730244561998929623358723546879841837966890914063881312476450012589171776211928201936396222589615118087737471
1203777780173871488476391915432955628627774783309732024628823937813835129851923135616621530644376737600499796484397290951526726912404349745244390371784153001192160760577191341715868500484647526300912865995403169867098685819593278808156383302651796236347448462452263415847075866267107980633582050762067676649 91518838953373574160120745008379035949065986033881458207074255426516528131737415271576776785286976918368463084143328713631389497584817743514988991483163957262956139878726323608138115932159894738731949889174238564068947019346745220630098308791179810258857377850914024693984381671814422169080429148777156357303
6411322237903302716027825846133057579790511062889858757930660239557686309400557372206910415988795112931976627146523828057057484117427024710859624545925557883946681750243505900662568255633603742143301829136046354208490502663834466348024210624423334424810559191311072124242926001010414027010127219173556033033 50706219588007590771217667996990596132439839027198847236960365383865327650636420875825584584476906529843023453597473029389621934198033766419610059938495327581119134633159450844020577672285470774787490161055209125207527722196789551784314019004450625659956612281504933400742169904736658867421336224179027776401
34851779703103842886445234057565977480126153028036947825475837757556586487557514668336801136244877540493302443960769860354260078399698951394357414157060431424150882042905073505699318531834772131734851747607941036345978301068100272900462340130516376234871654189609445593210570018052259667280279221546669726769 53951111342715915526520821740921656304436681193203345792793423104362679206745908695377406693437024531820294986499120974904887620698357327158534996694067127112042678128642097160798564415408398832005411291254129611878997735913070444280713315264556097589504350281500522772600154229096147165331512269750714581073
9875863137712304315472172329974555122332995578766717663129985180985934226428045802402485508698837646933655858974204719299255496558883688615668704141688043563187579575233499132639335938336776840709690832768715622213469401714408238310283374641485402959654732372494395314508278288665770926097935926710382268295 40376328392083266525942241824114938653986470676573871563061494441534361075530797033705228663095552649017623836759803941455694839867607613302786997943655121396697360359926259007661998933847608552077143845388490861592693937889863206360831784115021113021176151579715546489284044208130210045893026189964754420951
14712042406068771482030806644776660380636236808341759126079820692749494023009943342642373920234589037442221470511920449347501780563128900093040038240674313745779312336412693925544766497909607960687635071608983577161441690012082537957148413604514525870067019192350569558482908610361861120277622602202283327172 49087318003872738429135146747472097947856515240046573665134722744775063072194668743881373897608298171425541196368115048113962086913517776305559389169912650602987985126871638330957136349855915835486046857923957637051913088984791667332959791375697787061177876896392788851343343937402807255418384252346422727857
2253730048910289004662503855250135836944085675225017972872415237483878264628049613727322948072516231314116168893467900703523856084229598953322423329326483507481218402775396768151447598642272237237926194086611473377022434450610830745834988405712094914310685301900395341186640805013841873439799239529510726788 38825861786215649405559858092284743532734282461923072681422141991622355753405485039804272561692916611174835556030650725273103059420550722282255724991924762391648004455235346328209492224881974431171885278366943640558110954809023897784863606806488594031990373614719781161644734071435553818899108433864910046957
42429167774335744285907187537675798708232770210489170245456097061399454723820714524779450700154187943404551393753655499408090830013339820260989667128967639495722052398753829637447754656509854431920073545688938968763835529147016672155204265515712495956783693664080656564156890026937520838843349442161508190270 76253559564860735898364060296098585182723920592755118297269161187147760691023295068213261695670561769147362317405252782575709338242061043664462711882659763023704554243432143739798619880071791486689991906667094399175907315937277126268835542767643007506264511837733306316752623464667124313820416891387335960713
15872424410279858514393647340836824231570479987957844345241811493582248434496714421616741353809035180305942444111087784506170951329999422957116490585155376918689199461835237240098936630928214448478779415023940001828232046752763305088884480028590305955576075037557581645050418890546527254656526613718576686337 39998288859798626821949186458271609237490374190731845757324842334752675851155088730836997034043244333862254935017322366014762167671304299133147913935259812071024336154119699490627128722318426787420823656974587596035214202464955128496002076125843308290228155809888239149495022933260842757197200826272205697803
8012393294589195215654878970308717171666107858495984239304269859294559745841670102372368189591267806470993309308216696600470444121203835888914193602176408914453464905691994039419759329376050926014472420231825276574801920495295687878524715229791364294943874699739016330034977223854543120385384134946717722739 44442950816013981813194650851105680016322567092779955438497342262096932826828698959621362944473797556624957629477322744081755209259435266088146236654276875513067454228420406117417644687077777652838062508942224692565748231318499998540105219249953001915368087093428148878814508014333594572480979216509683367577
7117259236680004158559283139612259702888947448643771449735186036207524960589546894139122935316025940849390458428159253334857557500086184878131885908850842087809835485328233213290624795800938321003329899516004633832758334917465060896652651849914879743250777107196287223674992428232464850546582007982138284948 33355239165228806791915191031914155023742826322275212958321880301187663538666337632555030671078487077186243793391778853920479697978722369166721036567856827164371833536734859568052320328959206004926473858658069362678378963128044872681291645685902998470686623249729561092108336770471696360781315278976114322919
1959820468511840196481700199888462313021388383926382333194783086126958927330903143347442986118272227398170219769965867762129009368902645508032377913464736703925128028517937109643067412906692051639522580543665482880424926175927923060574894831912911684255010636112485807245445496104347411956113002714313041832 34521652507758712394506672436794381139892022613362446435182711835756175723727445565927316418888286926412472595200244238799919874232074121949403154575404021061916270576874804025687999660837445346654278304476304808621608017107356711117105148654149697189062432958533917136504320436936417575982856207093593895381
30771582372420060102292396113028417469877273464082597002533375041581374587166050237408762074953004003304369514282081613914073707885085036276336479321879605812034666210049570341837841254881118905273653660055098034040038658473221047816577156737686189123418571033908929432894360529229091537052682117661078454668 37078346974068524371200838070661783337079590460543621086177773805348085263525260453757123074185612627240159341365063532645616989818211309784031798135645382172381904061665557273979844256861440774838728636276063906551180992269058599447550215980542317280898492298142865707570360134113869740731701425304791781533
71388521337789776630032565694915524694612678798970710765497078304038879895552867145266180782556772815586686121027107907742143456198178030247138874147839490941361093284790968197598755096986154166789835483945585059384459601635919181232467425399007218862988149638194501215854873010260549005182642737592587746210 100997485441528526507002508274962760705433865255359995895445214782066499415366147684589087127571206057571023013718267549812714043672033228172077748493895900453747082892764094048012626774669518072485812801558496875893926883646935288846768646913303218568543738246482346018570255758557734579073895478785949881929
48687010308263168465913971866465923438071901473876667152008109281821426693892966013182581413241220702442919146039968841554076830577449607684805436433137574383192870360251609367695525463911985083100191092005315396738941224129141190759523392712057484007931013965957481646057715277345524745027279994426905778762 69334019880175018329639233344118138758538392921548645953686213406939346182327368810568049739653983558219100331502052486256965077409457656509940113714553233160536948829126234971195713030193195861182523457190102453841566734513924599366046236219249786067088837772548742786229106778185824797739826934037270192107
33648343186555791929757078457896058801756728781573388917156632362575031219300227573723319367400724273184412908937464450387216554823692800756747075807056117656160138401526620295618061413794916504996413615321261554785373282595824685492037546499319716668535012311613062407140126111086154938358913019987928018075 53434694134513050241786976677009797597720592137682287389641073405963093156857724395816302268310840221441811817856131210197550160070860734940853133539522966837641892147836623555382344537439240137479170663322622077721425058664482866778338699321475508000385835073533537492868692806837816857931746599596324910221
26106842135322537577054933774571121612473641848697633302733132042990753033900578194480388617163299457902718964970134228350096088853653608588834523688768808630112159700524501686095703431551966478768566979965075074659555563126800451408881742240368822117311191064992858431754539256757482861982578666330129589475 99305298283669965095876196633034914479699724350452065598334477995190832161643915189402037842057785320983466805316943207832915447050288327807556628205227557312117833870742675920260008210111963084950868574256284870763842767291796577312030794874668995661386666074947682730042420509733574378338082603779908312199
30262660796218229163521447901047595873935784699355949970958819385001690847102807388428812328758681754378300191304329478375204808022311583008579425196248435305004685459508628790372982191992060357750531917098925628408165826678920912481666873994958443592415978257990589544917496624740766553664909346011890974508 40412633650772365456170845403282039911615878048757931140358328165816597627995689316853888621628690761435564562829761463835296073464841554671175887411116159113932541747909950357869819259753117078640415381006486063759173814324173672383324228669965024698245663673176385947542334641452453859575694411531959459977
49531423816415364353928597442331323358906711922254270929907792795989338740533478042504327676244246847123782476604405171064985342799699816684897654664561654454394821648113881866664102546986433317079473633745088368510626323518641121046603519544789731440129710677339522759008947024290642758182483738356126285998 71447228617415262280389547852426215956255355730210352574688022611786271140522195367340238153014105735157049357130123420500233401282192120094525934122122820723355573610663121826812358876119409275733901805706775631923043679037438512430893725299531636906088808882005369873092438669106648690870335367287429351697
4846856118742088057122495821141367078848585197542818690203064810776640893509205979638448311983110855753258887094397398365841036466555144889486177186837419586218639789486079817218256213104805905834675889628869478142865041712746857918162884888837119816141037376711437869363891518073835564293604566721399558737 29781337480764468677851079167267068312866143049742946362803634524532694062181838120270098687117003053259249354889792690226471915648607152458243907358864889331945683947851170955763476695609072643322138955489081189372566732083446386120254220624120499470009863443829965090362025698163434132518146804017099790657
15895386584325955330336582256906876559574497646080558948840179096150556284994613552833803328288847689158465097468814533262731873289247071068151379562440310314251629203227457845546900514367731597457226642286763957864261149895403860128775975037839364954078618863981029204548664244678787615075574973022386258046 32333921051736424316885952554282414746459876115001353723781102218970199881800169282004708708105175686067086680435171913768147871636040536095265990215042059528622716068913001798300443330653809970974766628610856301811028222925969577603556397116091740652693035430038542823258868450731546524218216506256038989931
13384053007523480322688420941343573102800813078901866558718691824919400994421004313139109890822206555957081591249686630344820646928385307137270682376203746024018559141973397193074606755760940055546982983985125623075552871434925281392506320434455169045036589216915880092501554237962887806434638854627495058687 65385493711677251722277947275157380507582067095271274503411056550033090442362442476729523878166208428542528786544941768749823252625258084617590866559200205691452586330586952562094720174916231383965897209774349748392887683350603271531524946931698125733429912827312483449617625544948732526569075288563622498393
25598075278222962290549402160353165837610342399454076329635879032675406267964747904538764483909999942730052227437700312513020299117842886548672193958237925456662574003808580212107757742434105634868278011596761038023110904557846087038636798575331600948396988945618203694757748553026528227703284034184528215387 50587307390738021106721712326503277268301239316390687434442734825219152345780539910558645966642050155374986962397859954906572256147180141143784957772733203958168345542622736477090835241133320326186633649094893733408668121188617204258502432003509722794321009126322565172155761892614157533923681982909353929429
23289072024914547646194674719024134346534559315142058354257191476861934326536731640600824858715860421347333806264735770035461062020862531375099664273853782470680052232128428192320226825316576839197882067882122744061835395105207731829058209525443270029063649878001980671094548340147282704065572167678752014599 37975683844284053744994896466007454088196608485855007781983580810792581866142285489528661281839797022284682573974045701486374783289412568754198768149724899388927718998177211375759296086454284100727205561656290211156112954551299881920468041301124418095587452104046290707182849926777498337154496682932983240727
61787338862279241691802353571073270050052612586146879260692827153269061112593041437914994162624021271539456257481146002890926149304860985028075367725937148799393190819730979661779401586981506215436778888003207516040720906679558937047718757586040185771079587814358903244031866920334116752267834368914544459209 75302878367466835621251959255205641758247058972613667761821400671597864856612637306342525542892151750639898189860617460819867393278684462453967065046929573794186882586417078451150155738039392646368994704331779907318873583541917301669180219134603908203247429389282339789451444346335334375542790021417540072067
461898225196481072040551748681357267960000590308338654432239949984863081087011593660282050918207034055847917247263457851419316008112775122024991448366428420863606778578997495556560235803269475591092134552223084535064384046589123244922180303676546068744035060497413193984976566579796961904032654851195206821 29571410552460298863548779341973929993717763627054873027311255911103240029047081938265133624394419571795132533852773312480085075710576895141705869329773275481975905903041944056041291424062943129396735260448991312063900822832342177665288026618284547465519905785578447354782588078636040434521279242134047649401
4916176954260618142949374843512129419828429507145193155134572081434633525477282538460374931965855067754763857586193779244931416390338516951792851360146676257686618822541399305060530463881621164368307229446816004175786796744418872767268319042150962468714051066581361062862530206862339890430884156310011659190 72527382051312186945181623071386352438961868517673366355024006897877318152574585054883817334688584826535140413277513697324365661608587316864811962340742225932640834277096132120942198080145656040011215775021542239452538004057051568852649235750655017950032457317428108028770701086984999357146235351848019671669
33550106320315620637699910756205908136973742015777129069978290554344825986947878656409364666890632129029354215311990573674717697055008219036838834652444034449857150756368527267890598013955704284725917232034204040598733897368974656668017029723522843757665208547396492114063570004488565583923887378524159151374 55113197398684951253698975962958412720627035550210247750517579589241249839087281267947824519599822073707417790566903241400784914106373233288472165336025111168496025732444040714144543720343129982165179076334045190119545846992801739080727789742061257177431640460226809129481350011108350608604618147066281688101
21341741862739095004440468248103652311541020095845617584938744991435196314138069415012779725626670836273383045691832349814122484353045798891291723569548435004976245652886643218972095470335785600503681548334555315011545762365793393145716654268581695636779961068583764510037693201343296496298452039045375761437 40950708812356448945728929470896279850405807588830613128776391090017509206868223382145164854190058857618274470913196541358383887774607490008911974569687509086130795558828640563317635119143106175256279091796924629577073930986783993262186049205794746342832837598729682850045181400198370473009336295315752664079
38514352273232824886961042544917386644999694541697774821623525409685716030270642990655421463476907311555893043658414325238599261217725117979897012478692354543289232632564014007224348781269034159721369964396918589882970029783888345418533206445271853983026486348432108028819898145854378779482278333056632350353 41844311401172945420402295456076144110674217483705062086462779087900159921052714139200964662503522332394623766632239279478556927486267052501045012074407723973867282319087193970407473858120264079888356933021509637118148245158660474558885155846139858156204821086236852122448880442789442744437102255820211672639
21761254664838950627308337159162217277990123638828082368746308530017494093458875430534699801896984254139360862407155114527670799491365800308277689425164922935260556149950825168664241395607612408182619369791170130535999063730085212312689115587828626527839014322572360462738091457775933058891445036110319573554 23494274912328646437440389028033819366252459744363697094027681267453073381609828286432975033795250124188418173455871475309876829362284560479652527955168477413282840460531012747634961703110029357483251414975906982794124105943143260852005214699039940372507008955254088735588936174753041067255931427013531537949
11352183785756746810999506620618944008290535541866704320447910386707818667452011871222437433592304880382365398350300920844383856562751339902327977008856888278928998507334703612941356374750112506669882104951730229483373144711632778361108318875883289259441126015853014949283657651250568902138302874280227623355 27278344274731386868446377037053206127222161332250639310684924547325882913680690833426570201908634403471004122716296568291881208702803368975671224438199534588763586086730585252416759973268978616392413233584695557846146664035383096647956232552359752579625779723627907133214690935855036172475290633295498348893
31531464362338720314657151077516973362956249517294873289553781385577922756886759020669376140135107934937284297617104774222926171177508946933208132547429641046350619306783415733817939311574689116370169980489992013864933974349374450893833742704890405383872678597489348243096989227870425737247715726495654237623 56612867062200346110373027566407893467592306832063979767535264970650158487267617198082596550799816603098408463778936039986625060044949549787846688884075296115214605740099865413724258679756012131669386259251535340203491982577286264445773698013363740847644331739904884169647540397243053226004677624308450573143
38391823396146575257477217007607031854877866338162626967509230870793631579258451278852675957254872407172195924438172452773138740250705584994847686657866980365130479740050929414640273583934902273949096047697819551633013909950622336258686357625518991187435285354776439303132363803913643883150177715465097937782 44120430363105431804891859742596394966662985292830971433768272280910690535964047982098759550704131307704443553658789536443442665944068681332164527395488689850998145983329580402987026003705230547578244374627022674165407573079976256280559265052558713891521806982341427110357071489659232410415524072414173837217
38531502549242543756185603014191615800834649715514999005375699832026165814203404442767296540575993768554081980807262984738383312137490494791981504545249300554930603037732064118743268467999115601847559515436191445153867019591832241187902748991510913330244129092098129338581459608003972161933499879399232687375 72138874394102733195849091979733348255957673857704561065231623287179112818320873095251481504161139061094647805198500045396606124484810352503412123195773300249275100526628213977460732706144840759181507323376037119803566549245423049778819379282294115218137546759055299259586733691887883893147594807792181184747
39106264927270722670859191748983115101903083434465799341876718461954825200759513346834827440608936576247170796539669716976675751231733848276985054174352575937272746291934624657915462084187595823587826713181094489139143492714234804258346198370442922824677683540037673663234904099320585568532621547435614812365 74830287720198190307692761163344546932350680594878166330867296903663698017608984989802222976767356641538379036564591854808943018422249780675582095743741113232928571358411857541327622821030253082881278829165686275605824075311932929080100884447879019747174446822018026506932704886946589176964008070154612499017
3506974527338789890642405542822110083872620361125397397234888229660486430296273340091860706394546350270839258840482616700354370977839489348719899363254982162904758917359385290877221983370881343598645870258730426054022081285288884657101895532771245185383536494005880555404973460415119209148491850966397040310 55665929658273127571884368315425363629035113438456257916425993559012122934380859686719074188408414964002634856460333612359405401140598953855881894848310878068590321718372877683877681888224757352072061828879151671610699142791263497976871271020813759395654046130749192678688263057429946004652485555390914366409
14791212705347396688079684472938104782746055249786250160697188611866997160873888348816617871290273054027938177117606838457688284246372311899194322424883149775508623762604223431801384829800409496456794587072670515220520548088419773839138332104821220367985766364634430205266742827594809062421175409897369358936 61701343527250690515603360499604550271495597918142742446563730104521670833369592002390163015382905752076919311050894282620363615626522790147373398149159163120590770937984012076129285015946858506304797051676864592321478586856236169633912054255832124594392672023323617805545114992414897428446353760043904224259
6552597862861132757756939379313163274701343436224121291693698924703948589257554961141735486451395104568069567017063097819460692956687800396842680438739732825091411760443725366157455589696575289338737898310163533628873921479612637601150961527396205562708952736015757158830492276459258681952489248553315788267 64146130715605329146166593844021834069647725957967495708920774034930160003604512679743399723637842465023588950071294007420463397959148759535266858685456315618212780812790404050971338279211472555061306689217523898122096177412663960961047031525994363532972095478173300619192252448770553913492202599766362689581
37390959838866101265913402021841336371937605271442694921026372554946827680063670363934891472227149827623861862898910998483738902842889788879308494414786029254259565120841122740140520090398905579635784851715465433420756989295781253831219556301301258437254882569165038478997188039231649962713040280464449072912 42668734479740224504119675653015187592415517824434587485832295479984662665189721223117957813684096598239628335952560019405211857529906832280304285389114084204433418447553866746442454435947980392782184449009332459424533979252861081241178619872288480438369052893176354371766201576040083448314733080540646257331
9732828175134386811345479046745812816035589029230583632823117293735560316237568709240044770020248079241860385689944907213044203318273913491722875860919861400286564038880176759104221881253092864796249640834968913057442042138002876452671202631149155650087626294740529823470926414545165924615501278954947494874 52525865989785876291173035742840313927904537690545615810198567023860431488458568188718129296084566619240995082617661626021284696625656666347065375155784849843547505370968949189289099742742354275378397457601865688169615665185509462324448675901052818410115282710474492316868701036243390523677448653858345284293
50927977167570815025437096284389519714858965905226388414322417606505350410258085376964667933744806045741753140439738344369954363692578463010599585254360398394386249193722992229485963221846297037469676539133575570561711312193084519758971309193217186426188965558672481311922837393244875199427721373936446976665 88915611548735050055443665469507307610262400868279909370116280548774843079867225141553619132609233633429960869740620799754448152267941002430915127405701399085310305587063803540010902101698585157847496345787188632478404488828359963249621993317490354304524643443622008093945653018481123620021524160460294110743
57449005232152793579717002350126509513071945309737882109045830214145647774928248044094562978551482716891052960272088747001617113810252826538682961005132224115772443079576370247683855533690497758004789989753448086243708231545656372035573384672652572229611087418386130790331391503393051868906916293995523663471 83310352217996695137497710174072276882753565255491276365442295957604768503139886325773371878153334752837172832265162976174294576676260144685759172152198655538221770682709249191106332478747240676713808088091717522724889090103772383990001933029745309737890683135588506362307258517369649153982687862468178157839
45201904191977471546481905952641527575408065873249736183723099858992219043664257963417426103207564973278459443696101509139243926401728990086890386280216633846979189010470323920358830096733661493279706456235286078994365700675894521889875483181994704713049838858041238088235909419924271652104275495169040442118 46898470774858865152414496992436903280791065255871581753709595012825727835440514816786668788569066306659456660553980495794292845927206864428016788898378361015670181667513281225911399358728843537295085823289687094642535348028185644638023268234838766022227709391442955899295027084965845924050724543612510371399
57654705473938507711225626534011806181253454237218920338828658808833428551204084360571529785093169646695720222002229725390819869766575210189585508445785705373108680364023440332608024114368368905871794501693860150750052223159879530186912647257860489206008530003494353284836802486496481231733721515810908189283 104896287186920835685891823813162541140113280334320403938946219538195318204832425222054388759280199914323693957430730898898494750541034014906516089589978410653525656552273903512093238208742744688109498055472903624171792873666215582026303460997069869092856398756445452086916819748187755573771190222776352621343
10474485043648711161066663306426979158983013957562842700321575622601204844499142423734876471170878579963922413479373333076059939453741407669876604465719225774304316239798172503816208045196450757675752557847458059164210003398021364814060726622391939054733212108751256318856311882080925785460512023545048254267 61949226539990629988959243803999226816876510655837704869259958364294688858751840653323103555957156762123707735261232425589437410655934651608313207112340987221425033437672494280869325002326519386839112632229221952984566271345489278586919302269663773776018863387812201784181462926468727385227987333963596959417
85330020113654893393574653156778862234151578998884733745231850692341337177148573554751168375384019985794379394221110215439203585875759293567817364675761812129400662478795660950454679312843634121975143340731702714573602383600574209178926119413882436925583628882289499236864748656355952925675962176499516359674 123369431833331085713471715075906900149705738001874112419617183079484087935903243554448581415657390235878736672796982173306162343393990627946375696173807970050387588311657005140240491376867375281614003807233210347696388091872998870326960138631966047545057422519185813141269559305472484042414991544582336536459
3588080950137638110804432613538305755041497579733926358968056827899426641827338387790951938982333003483298234368079053106310249333345670436535572698354873133205469420058331695624353624490432012524375215324917101963614963784219512226087513753064109826342000089619724096913244712634135285283531471652938898631 40904522453881026249875473125102234166602961855016620796134009283833774766933783322324178355868173014356084789433700993889248863551775020545066829140770548342836137166033792194512376721815127847291837862967073074526425080329532328211808281726229958205538856142353643047192695049896960553071556973561622570991
26511546118969062810019281768867939214142133159159926381617540937152304785956356221876589350181110743078317423756041993984664876584955814099504646532374099799134705706993064693731029733345903326490663963652245948148661060542879806444713235157453186878517705574382068557671267270990051467561573160072320784233 55890702711905962475933918102077382030092386694070867846107522880339101681618733709657187375039505848787471102351401807319029902134999208343446548494655943958493457006731116592590688196256745944307193529136194327691907633462415331507310607224812846911233928305038207178546164800809425263806467189793217723289
18532206684033693895649064635916838275369466650765836234494140954134679655258938088148033086652216460873906711316072885589776316217447435950191456359270328252561083881974910144895707611631000434836303898773083265128049333499381889420065248959254739423110249316031008543343642105747693283739182574926644030172 43017250907862290059840517835689782111796145658490530097573785981859810070071766959809337714776440223592227660335036083330095227358063390069239111576592765262324624856940994586574976231777603259111936634887276300361768559042306599424453897227830657235435517218892384224928706963203907885375753399629162787653
1269919543036156220925985721284996047157367627903584947434359838800379075985242443348689205831198566439620089255777560166543478520148829935083648189964959378505641521271262291790979868540490154588018966522608627579389803315489559888738853904371232215483985127781920222053827136033051855371027847932412049240 67722401956112959663790456158168980355581797218919470487855978747079029856832972334500992169853376381123060894570557400887767595450226767167482908304816338771752941080926444323256274317058237846920536136751594298337008238905341141403055121209657350744410063298596136958487332430168142637266377628488928910121
9985847572395344230479083241980874165716277472843796784388993524743423895635198173918706349324516937993106698802270646871919927951953842334057531155158342425938835683923301062328189524769596589532838341530235561116849541487176654696988065084866461614249173100018285265065141074344880804770421508541208777153 41269637778219684836839895732918424558816174557009066114066411723300902221962167821757702839643803698424909007071022572262272409092899190823976503798265424461009957170860894871177590310963125198155915394533243665655876675409821792738538308954553012727227027615246491924082517235018903462796705522715722127399
59834318149660464285422397380419998994729683591146499676528138338122196975001412733963859743832937104720693821020463277157036976221025477693496340406159516131432893307922994220282893051495740568610543571823824721392736891515887874176623736673105832735414740915765394160666149262163042256918674693845757276602 74892161252009274488376252596543250055965172259011411031650285473117124378587864761426034738616286952848301984240543621052424658872328687527445034062971748188938329011707907289589157556758881176775667070362359730981141286343795497080201821262634711804011091027139910355292097788550895520741147291233200498713
71977718996107945739656244361902177686186297510680230376268962444211486166745057189733721403190339807998184909755615397015082179389433833159951120811658772163158063223006795944866881639212964111824724442895956655750819878480741635709619772486952646561640689738067191136889799462362591423997139095849633784487 73313049268820056736615803301174126194209679822481818854144411392254605518784010495318384950417674735995920040226599852293057204922818445616580263361791066938323333554869494601626383213826763916738372322974719252565606296209495917838206816051373571448159704668100336368331211047029232291128138632805750016297
12468324367320858732787069489464437855657327343754539653330789085892989556196868269296291284024982839969447179054171401798676846459583075247685127169016566110056772258098362047615577888168033436601035269261076316217966933441932165745731616323132708855229009007479240660348438055427428390235819431773114491414 37774835172662709852149516488563696802501192292590481975292020168050062170344757993566624063330690422141466854476782023461471693783801769132179559271864717919710985941394923027686673475683957544641456065065432210439358142804909425967707705888532530075694632488276235208539681600174522813038169185411897912857
41727850213184942611850455436612132987034078219833564956010776194198145151154717210875960651161384079206931964262469456548135673203756241577053968319111858992291683091100228031244703445191592606091089617725444867396223064751651831931294503125268042196483437659493369228272883379124894659172650553150870584390 59795006931145202718617500053429505727525405984635353539791649459305203752639917514777489951299504564627171526612184103375506523958195497901606217807901551176844075932267784404094832582365501991447110148253728447664867111815158516566948180676534204848672839625224321986232537466088057428083350060860635812197
65817424357941838027355071338038134693473621163965687106396061199390615578519192553868970404365761127773668843773246152925638739380204661685799429046206588186620503778934029705285238727797950961780075923406787402665721737879793857826885522034963470754140603036280137223597471604412633901683933487943321932058 79308266301751002661235551758245983765752687725628583256371976393907914747341779858420315681087638193678861707642662796394280595330244944825901386865604438316908219298430195383791126987132905278213970047334379469474764047940191560202330795118222031275190322702600152152749052577469372560743389423699016869511
21121357351589416643534622057537975473681886119236408351143669475623668909473452288247528434774414217093407155785720071992541642434682310933752886798284662571540890639813834680898513492329312390169745268544719815414858439673936389833612855930577233430782874326430589145204497072850789789799354201710941486166 59110811730893780430861414526442337723826203905026423886585898800668968448957040414747693082699249842064389442994949238763901755886729491065843031564409743191910644970268372316623769722791693525896947136306750460849460587449739142965991788441799597673195499697941115385377329838780640856334906875996404657443
21801435953520856049343304676191420886845364831842270873892706611986792011749200268823149352673962991425656729770420513280500160587972334972844424664062659616076094419093361655506686204139847169688867868523407671027203494585631386634397979172980148079917461725195066031250313362164104533370307191354376297442 22591045014112244998543113309760599906604589220216368878651135497788844014831013384518858072765038812612738285074744839418740069383994872440902332333974643988314653008649467840489604664323532661815586058351222650224685505036115698722152494044470979731753109858737550679539163551112455672825391973153874359401
17899150250642061331535428122758270135871663026607877168501768284275124883572399501114224257049237683294114218398610918612510529377700534293520793200932434147078100614425174386248245710601888079186979312356016327283671986765834628059212616174342355777795971157736586330667002513187565168216182590062721233550 34215189677037791449692665621359750570327092397122001442306728590437603690393858404361541221750952249444365633319077147613431973160703789855256180054485777129944167646555741745076360625611286669585638172402676626211383997884150355955138989057815536997404336238155357905993034897592745219311730535976899276139
34845748701567108404201053932148211443875558537673307515075797210884623135077063519027546057053808947849524117560324184603892580735008600707357220960575222264636398868807720097654894201795019221742958224382462017891834540151337687780603926092574500459717536017904636936883001626579845426634129979028966885108 58597421855517637922208622650413703406953216362591171101579445247783629967861423757768821978393500021752841885066331543685034480466084932182643539474570333040887896871922821716606756877430012309278501785300955888062575154410679280375553672158526235618112984235968569021467288008252863618739947364538616050509
17054613255811653441470400751021193577458456523432407088890352252052037060274405216203380400623699338931350158321338676340603981468588373580138474424557111326985243378716313229072227715121123343424848374179484999095334125912354813413748794369172949014549068301238352255256328070511306910753213170967386125852 25185861914484126772956101883232168768165015701022597408023305965073965501401497180165362086969783112384183118344337939460185536112475530153320195038478646544657961837287067521440762851564611806677104830642345019837010034304016690671204620710602428997375904738920824340316293519149170475814252992807635551551
50138966723046433816882746937231577022060802880300915167389884224601984891612432141153347501734179247375634465422490877829813814860634149381124691421082033198047521423908400436686127326389620082583647710515833198902079146832576436404272655539421116499716504992442206625460386980270953596370355842246795723007 64467065981288447901312493365556928230760331147294541004463759119396573089664126683125966082898984094019807726008826544404481025409460292057063242448638916384380071167695334934277174317370969573799581051028935942759490494788152422555689301045591296030343094066444911521114160867568671462746634865254038827823
50214987865221117573364544091121589660495247191414388936775178782731529351252486364887437259909083467368299899833738424494656908658755971895108737285880279439484821990985560008923856876750271893294263388654533801282698805306949513589978345019059917244779540881516151435868673388961577106131079127818123306925 71211579927829110642990319131818291554842668137032377154912784353862040720542893989689643910867180799533991457716308842627442903619609541377693912376720375175163220796684362782857084926147554922470214515491436490898913779118223025811381924454278258480286230816715153129051578927358286127942407348254647823461
11981166724197325927721269825989284871622559140534022068576105856512540178697932960209750708071444515559599946445846119690890604035964491874456473940002955353838748858314607257365852597794895616096962524615977556096452892541481266153206566920213183794036888928920648096137489244558739771650359642730544665066 64535364133166772562568412801200342775001962809959877776005620494559498861440838003724381954689134949649302999961679883459460242024952396449703486299809770661413953370329897731925334717547400423343870015976224304212395208860973715182260732195374862500898575974762552381297836171840042729536613987661069213229
59064044556656140880305753275828348193120660178690296542302324243223071974717118876940625792570622698803237642759179863648780716162484039983667023380073579003395656120056964212100095032007894584486780239803317708820495492855797881584597750327213448866107858918066401062150713948448615139095057572620809036404 62338087766737078094828357146611004236932789664023614574918512824362006825728465075813077805819352789758941744659232124281036728797439083987208307046149468869383164255537346013216933325547697235694330826120966651468238825047384033856035012651157699210694940838325002762093948056513415343945919267800761036721
6827776977275096664207861730474816922448047912158319701395397692347313393000473099901850743359190930840562019508146591391080092313149722344003618308542124011305862172403671394422127094599588117292883489633559537855394046504393572641288744002379955396119767762463022259806309701000492454854210871395404699873 53695143224620234908675613504683491507298870218859489762432867671733792243034506532920736316742455966650674647570463170626205955096822148555039143059212627236467106686650030293834904041970770416511852740372202993863992276476065015750085495406120331855818267821895148162330782686037345328997373000070486537873
47812599427749428605282743065852549630689995667401116189136406977297817067310903248947399440191558731226368528409420654764189799934274871802451937642555563790842475045076766951513778459162683325518190023098888295326028468758770119091086698579330479826372494563667587850653827068830363925876999639777063198569 79810611479686848576016695779824242004940068297696361507705462698601387321246538003553249630911735925738121301255424600532625128832145794080321654994657023067150357160738014208542792270389909718107286663642194429057023716423378723856407450037630604367146521906836874723679986364182324070921019427052363962229
61452648030743116026013944133168662880295937455622324772448474741352431134978512890522244752570072503009212888558765354630592009177939715826411805725304726443715239604341161361575511172772278443643795014420168616876061387249134685726297038402386013269005950850321682884956097817731167720510911723750320283629 64089392401388720759762652581569490942445638790791018714792568022390412996735857559551599390030131540012996726799378494943815277305238587491290384178552510539980290618242555087309432649068729300851246499433454133913894491647043513570500474028662546955663151487974124537440433307375826986567668122990040306627
18152476747338882884925657187731256483632947004570076438893709139613107412850806256126192721736507955046660672049219768664779439539118080094167517980534259527139577215426005605949507889620704297399173419513819215103030366187403554399676595974901992533064518538945998915018546271974574171941617870921892797915 32515485303607117762874251247387171214849970611561560906037192313653856064874271729640717734517687173123503220935773190353505077134911224407944809606713762574571369078462806630031602196865648186860784455613267673238194467860744121768364488513786890202967985360939763488576022670098306416150859004689425997481
1037923400738858810677884944322306624722266536669013782081988180614897774861954027547382964880724369243420800652857113998402655711370513570471201684570089389950349863986756674755462770177999953110986957519790493416080249458660131054533657972113867632888153083854211982366425155537739255063671422682036153788 61153335217506645113701232001265085066107901249593628927695288970077805770704084356806143637419001452956839918193312347839024772143367366148511722084183698346439647326560617212731334126718190167334849416347011111361805273913375840549580789583670090680156450853817487421108038377784861230860920058356167620643
2714231668882680736841995470704017254972260080979208818904813633358346385866450619840204513575894539176012915367870383178496720250829933628672572730226212041639662469846969932360028792894739005635817775337716921456561240955489710089687154246933880914926709600971240962607767749032323078005148820178374381966 19185534039838918467742718030116208704651910639314409406654395904505607333972496943372730760516438880839038098295702725454814245203956299596759247971161193188835313608970460418265005664383263229697725673694631317766677332902145866898891410032536389919182141238101432696579959158501675637606916595354525747251
32615730229218555058253329233755898049977255851664092520716950243345495263945043268081532994632543042119019149153142100301555235270395308394380688284790549907884223097664434152879162890235808502742139891271384960855214118562196473842004680534083603985590534906310576161810546051518790855427084555100513581846 82396569976542907945997330249803080848474637549418775494920578626495478592938297271930249204287660692252547652229053749295278450457384125420149742729071979051756425396992179069248349222269127714258184114135058058311801814480545988796182025882975334980234399362248261440002715355350004310769516153501639850559
24418603474065466844064884742175350407639046660471182903997911813429395826593729773821699636718507993395279884557240243904764899075825425661270438031827145782755512784876798959291540918395648046955267759168256230018983349969656988924815331421114676711463328576979976556605317161818591449438121301729810911820 33810681880472997535051818193324745416785197266209126608191539612932921698617593200404094750337112201179924003211049754109628326922589804060515209688722292065773051207231606849213180197245321024576827083172415005314191495232876259793202315550844382104424017240301355260206902015774986994667040605410603366869
90521391943872116074912531531415682143629148451562924128966688468515946520276381920654595079768183917762817486404224957108053216221897735289217366312265670665655963957856583700879091787324643149434416993422625196712655101152485846357114161378426999905934659253274286444109609060479753481675795369938855564034 91486667591075935119792945844098142149678145437576599694761264184482004425433415948166815705471236191587378966978977776362995439906856145712219253097145638299291305496391133079624027954886730990535506567845031202948515846936773079571659210518783556311851246839754944738808531848138970894369380010451191549287
2949310307446174591261144315286139656809808689550474908104470816642211820453004338517197532914219686228824195178215316803938309399384929632988304039896029024579919628180089224769499183731982715738014547313318772770099240441867074909360675103030378346053808871896297109117950978093103987634448768989341059860 79069475959923230054989923707019376216879865489602348759214320530645414374812546299250686222918558879996085210010994126262529049285928015273575463889422677579899267893848978269631511755914463781859689768032192769046536050387415693247483565308432642823697222656984045420337399283066251377824568810178399703999
57827673519219531333332754633986400322239662589280542867514721625352696107910718945839356692644050502776114934055830181910157923176084955544510215469411612492359718712495099684934373435781153399334632205759674062024752952027464610083829456829072083043915168053750026827358415281878937761837163580326493366585 70610006878378261160833498326325866626160407523169017156602989071339639184721404418091904000845770663938165146441700601811711026779655097969006973779821832494126028951608943105845121444269365998156581086996775550505934084293142726312880700730288240431346788452077452375377175991849471453991176171681055316439
23214326139292686783570268109372069003720022965080206102342509851669931398752913908068008736605278004953993925099653284092178415471279991128538640764091763845372919731629061827857817458903558559429803753445398507009809064284456474040479094304509920544459574067651851667331502944631675086616832189864812977551 65100063368717466483641756378534978108155006314196440929452726305935498607589560218655331795618439918366860409054745371992016101382857795795471508317913528142079603252634286048774985658970488969664547612982224620145741805233027699529544511843247020223930697843555037096967633334480866340600398911609003068347
8437233758986395670140647776046975220098583007226108686983310686397649761182547294600617233277379608248139416637927371126610938370524999919155405022162768548488915174908502647759046169269357356853764708281403731479536508256465305425467408994779662254152635452290775631381459460353463627893785460625684325967 35104797781658649052915281938722979434718120296332677907313780325929510255960140445279561624382898383718030923626365938785120475816722664638274676144267696929015214793742127818624447935861625159758037368330791657960717309947091951978597029574763295690314093130064436740534080827430874175722894229271591608703
19446391341414449140450345113440240490871932973537284989054141675860202528236541235626320020122650018758901941419251807244098710084317206941502554285160887722530956932060543832306698849574700595783511364440251036320342878942420087418384632910307122094857922337747800709570083285731401817705575049598293524482 59000537574125514958882924703331720899417371710900439313641520072794539239317535416229142013762484778449344345059195901754052829046618474385543834674190605860072972391717731325881867652516058121053590199857292166216999167568266652036622823740678459909757864746055904324365097178940257257965235242933621310267
45221226153211428239506971858359818558154303787025021712809741548388882817475279512145061932150976997774479975825421668285385912347591890013345783224639200125727686291968181358910530180387258228165432762807038402412386891273647187908625475116422989403519031027607690392955126268255370582551225033204990361106 69033826926022409761796777763944778238757071368027601390585396746818048375543395483807344477207245959268897925830906613603195073837814240934557747081966744877394448461219896786168296281546782342417840784080679798459369157950618641545783183212019073333350198349693731122797831824102063668232646509392786554317
29137202829967960940739288030890839578537946961098441018044365552341410944296674370391570866415330332853229449982856773535574175806901435616421888502278036710470823095286074169497229870374679387342794390205226524596353788360388729047964020450822487230986108716808046705770428798565369808990738411008781601794 37906522835754784873121404863299774320292607296111800114972817900922022901605968267728990681100027074195613029794354270655932684427749923242313550554764488299990032371452471667141478568469169230792323492504308812262172267987821836940388703221842166876893001581248428524636285319131394635143635549656925015481
46902136526754041982658136088609703261373679921276849616191614256392050971892642065959837669516919095494225753154456504876665689051659960174659382464604412241421235381302578774886704594095961446723652235904177118929386240606517263193760732614885360838118847180057975882023558100996772807472990171089905905051 60681007018375809470276419803757872922389683727329356945493717159659293284975380928014142499986119748221240413218423841730296429009220448833592556062975417078249486023461930846549517105984466835767835660919969024073932422013665039032410727756336366953571846317386496610049075117579754656349611312836068994921
9086852763568837244767605392630167997869635581757194627544431068172776658379208181482862857299999891819080262259264610938687616915561241874067488813774269995940592529592720834761500472612639782415296424269243235080630968490519823540981189237932561820966964591858935655199862930517997452143090393282153062359 69536008479375658386142591541803385848204142155474845565554913216682373049104937114423244123016342629968308540953164149528752063690156708969989615189827709675149659057995673873273331940702328962733321384026842093160264594860966659154736425882410821684012697527967087682851250764934624215706462984058939275917
11975172450159067245592306133879983739562976526778138664378306734160920763174950114121415807990902962244560677451441258489816059724559059234082268743840716435331205183815206152006024970658106767926265667569105842448939812571114877182723175895751155001833930037777629316274341403671163534453165475671641959760 63785217770413293156312064165996692355074391207967544960141492047001891201175290666466466769581761553683686602205925801668861344435128839939868769751939840906511283404071855274630775095873970340712611352566648545611958790829612559509998287317984096642400306557350854679019577208720528686178557633371783810367
7046543074376634665029388195794854587794644661993988007310703219347549656347207023563729566349739695440168784749215893427821672896629614359549312081075249184519988224474955790382925785182408361250235993473163005858081017299717996063768771910727992529426535064408651074216185991742320993415574987073776778439 25470028794828171438211467345422688043177549895464325682593682845470717138027524639618791472097550681587652227078143414722602632343812918724138592377543516989513459653249486131019727766265008983402148495341930978741323954155576488063585920441662818262495087136041035899839756845877559291849514970123012250183
71421306366238775071678894979421858481369652536345892376198058555347767914648120581969439514597523166092235356675789753593265250516254803069857547754148536904082593024679828412244093598120590498250626841470097852457741728467190314980285464198583299011656761781281608557699210460474714317235079255735027189850 73953668985557766965059729198628855904228172975987976704597881981878575667040715067926870323526654944998771708649445407461058137351735784679300791022238960264638066063516913931614404416299878469955598277231368564062504436434871785957432897491450257407451195077721264499288473271734489118611194131600545459127
60666610146611894384062883738099340140338640855993135424692716466032121609265763964385585443171209272885195581691300689064612877965011313999223054046173193289434442394289042609228412707372147422164010126481910529700167913931208628959100544506259220870726334953758630623170173230701726349086739235537152635247 63075545881413152115763689646725859156070141534326288153391445373487713669173923880531896909299879202261502015939598153350232060528428526301662303490126533603944045858944135698848147288932454510136911244508877837058356146631086832424579943862894492196342803476428874825155362233857198999658733985658761151083
23754405486564782259027239514245647728299176029119175328997585215111867453335432781332939900155289923203023817376420405543914577058011688002614748793611534844127469055103322948434624590141687359201759938685899323107228003556402252792969303069789713351669706428810774767629038733803182598633209134203521262088 35599680254181023533384876190097677705860955330148492519439851410845680447330440004512151989201415038988735221388584183376442865275323638820457384468162169917106758671081864235160824544491084846546022455396890947596734214133589860727298009423814249193445143743832399965287004256109550046798271859018439618539
34639481802520816206239093211129305604066185938199227383321599346859498399484435323902271208950774140546491905617561022774731169066812986590982624965737889847331192672483772535329639723648436887253591816244198255625788305344869228320938064223354176524961100327472180697406635212404008564554732377512955174104 39063640133640654464839478005819057312476520555757661406021884613318362631033725574690100628931864923703230505906510274065360014529578046034271537498097775155248809492491368050848622107570922416526182553202225248344837025264061379635152597840140154784843921491400014074898801983505637730195221029272276167107
77625566949017964465618407227283882444001112179872994437170726337671871256077648598066369211633281426710338914568148281259909971391306174388158551053860252190855701746521809120386472240676290062483253693869593070085005251057452228157749602143948032340765038514490822680304734570522818933741244467729686968897 84024497456959672206631128882937428286647656347792635484108932180656586150570978290665599815186976336480183471638161692054531274254081581163090924167656429536054754017952487496020436676734053500554496782015576954238834755726767556377469685333709519159265490385614744000733378665769787409463102358474846340111
11659969375731797075282933445800654501891283561655265643654008913789126639755013019639199739710153040376370202008848978995403389958387609245165712240786853597161706482084722034960340315800151913578767017353195871725831148419799681703189862340053663913783415943496778097741592640015736365528631421980103792174 34786157902560629254244563115409622658759340864017389408889818484516468530694194074004558801458967382893543078865998983885170233281094408005512838607439353955596338054252847301460660570320916094740368884931964697396605901719047065876629405081853618344224956909445102063239395743503517193964652910115443107569
29216429573469497464777118615985859622280500203030329728235021436407321444031520284762226941371815162909456708986353156246141549001143321885891184555483756742331738763882776764679111466406975553756333648329950397900679468067336198804354724198133474566138613305742774530555361929767823640107800965030887495867 34121621093974861733817283299104031956068275682207014889642022873065068986642839070193621864164576891318481577583275158245744263929967479720585701843674570706469482072312078812722481448501379102525436352907236745961929485369777890701832770714833991568752059764524498400380887466569527333331815019872846713239
13354028001836717516080950102962298829116073606738982961988022717627190242439650972509982829874617706981962508938459016922374931717869653523058054775127732708696661652081905396144698482823382216106928349901641014976012959713526811406471333730836384267822521138215523516653865072323193083816454234720916877396 93087850672668381889996118597654760537878877101943651380867003522745110695517232519706155251299151832755682149252844158176071494238416885371182698282363406035489481371600137685783379580966334945098245174053687056861957765696594141755387535740034829666974895527806416123477695734494471993915275047198913729469
36866351300523038475466119421885521610743387698744454730368946330461778152939842881702565714121706998966289493170839851328752550188206559264434234669603976935122889108716368519238918245593237811866596967919964828988079362675591449537431961661466678648322940940849009826819811296529963334126224827135248443490 44288041387523507654702072536137411209142796660105467555835765615292907496395438396293811013576162778833855885009355793809122328146644605896419833281883084483277984545756890339282209647040426287302172836410792029364823886644987749178506722595003494947538862782992748508661494040364600439822381586586305758617
13200490657219787083867483835615252872119983465108115107269886944550429951844025999135360178345782635777014681367330649299200467420901980720148285258297889716422304286449647818613476830000419551197743376608288774261890489197237004776553746957825381171668378100084200979744035609208049209656316391895558464912 104653449380434614453121400052546320417375004679765712712231467778238341076062391699465259147151667083984424541243839157367786264123521591039670274567660770236952928656044935929185514552713772237652739697777216141979169078182392893114598214021617382046730252792898937389955714764545104467864901515798391652031
18993030834714249348949829980310496445239932135677773899753813203382990667697505780654723623437705865982892097081886904411011851067497937385094343175681401553074620689456311419607281690328430897014923492663989470355624445832044272234605862300719223757046234067779314938680860635095593984124748620858970838883 90294716630167478133234505969933415285925251814162199806772224606002193202630452260041502186925766786696015079103843357811983518535920307560362946247841494749510431329882632487583073844458893074855303053995576930855875128547533784585952816138506078008384762174811095683783673822420539322614023971613886828259
48094959539479933065315835790479748494531124232623715177337256394486734905426848319165616582027946617662479648479638178842740669398116682610159058022181831136684506422332549871127364995058515129962471071615083933707974930292258120976282810655510991448801481360410610130894197657301376752285927440271343160968 69757578306266396716600933491104801310708910648871987791708222933294806326765758567695253827787146109705214073997011065530939855879746584084092460597463437809719836670674911467449612736557728744672410877397949024436940244223082655515687695332795070040248758060028831912168580002408225153186524893440058978123
2127079565892100672507468048962964357629195291010711644257605421026700873545330249126039593828906264345459699687485012791595681516612232299659018391456802584830579052350756014389433561286617939596720811331009835380800635729451737652848444862250538685258183029916905829549675976998124766209188222756860556304 43545401766397699463130545596228625267117198362592113098978180650457359442594331106906560160528912800599638069063671568779829650024852516873471328558726660245968753916659051949644959102533169901877444455194202549465626133087455020952436146747368607911701683471978330855258278285953798933292859391881831944849
58955853814028127432498629755824421615899203920119064251753537485069360846900209696211264069255317088248406439423696106441108624038536700937332046817263222323374148896062370385045015439112693571366104583941991433121549591382209325482795647024287653024948728499956769396461004995454031320070076210903088393801 86757315781672656307118966692162621659156346821511908706546988267404697091272004828561394704005047967197006706672068185104798605504872440889817361570093256677688644248271623363828306669122655975497618776975250962750141132696813064209626446722605498344068736775980747226273491704998473447459162926880999532939
28866954157743948967394037526446155744500188005977872289664043833957940621111699140072029618999815557202977445709611453813509318089146920039068772407592505977517135470391170515363737669831488327504007544096905862122744658542603195412431711680851143172495989582417707157209667466656503537765999013991369136515 56659218248140123898523681622018005961503275924582957918801890267972903683858162159715687126732934262780556638398021053288247325118451959678321209514688677389190559743448947779146255287672806325399200550120309850208773748886744678538231988979065120691704794358065600700267067050124973991029457907313828697311
17940069143989408379124812679710134690558234570457565754025826242065954523963506613561151349575510046546382163945821713090865648174581970600283977884707359372343781075254196710215207842742466524523031395748253020842785873958116030223637326882816508059058823590250837664154764329547971349904266501575953620594 48485502544323312352133681425146058857113052143032368777563082629464127004815796078215365730084079664466347354378046644192275447521945169728163465059442562361623491617573769643852963221354366542410686187469665840989589595679627846867612942194804906680013504019720377774875478005643152735890719724671311682171
21270817994702368349090606394086806874293857096423368396291663723556845386884772707868840417280953797460457014441709799028420304691862471077839722799814463366897374246708541762556093570788018454779625625894586482234604585992490221491325189644263688674121944937239774579482348939708656969344634830255957850524 24090086573474796192999573607617283385671377856674611221904664391522317645351323476763471482208886829132389399165566444775543655115090622110686277831985322515659866722454716433906942369560121089825095598624265491714717189863099420472614030212599257952191658824827262374600635938452369061862793211055056226167
27628060295463697835432760153134853333212593324469089926219667522055520082908194307925920742520466099192245177702759607093854070340432269245455098063726811164639515906395370175873071427680106499519297470170183520432550200260902947144743610010098542113146043785848197632134265360144471264417187679466136191140 58971392431411357672833305771587512811365265071299880003536511059197771212637764153004768265621658614056910970285289925421257973812349930742026926878721796140725304116790642355857065034041182103755767542700409927560420199781074692893830169640677210636365495841868511558519145012398368159759227315741557757129
4282406216666128002829490842609760123785391793138731722480961547150989797666655962339627968192382760213520026516454049029563820532415632573032313141740264211956983055052072389081432259142263465579909398422582297280338582800744826345801210058876949771878109083181848509978280443481517754477793973293157375484 55788942037054693174279732692403753407323834877627382072970528779585425846290854938348529998788457219944732523519241520071726628852790397696421012020486027672617266795052813332594721402989410140242340399626250344031901683632851338977587553009898981928266146549163424606176377186921695668611627653904263535453
16073909482885890358639140630251384179279122506366681055630459602534371336815959038243686911098941191360851292360963922492200980458212142948482833333761398098130253019868703719866614290880807228363091001061873577501517406664875423140670986412752392520964209586306211985984094106554982827998822134755074492282 27474778917851200461251698777808661324838435608764388581411766185645155349873564258240905219779709665546171545291352377634348671521604127110858299406256850498463077683887224056748395892596091287346522170315921039349076138160756558998131218688161541290164265295007503730118744324151397870076338829826208595889
25466402418065332692817504474273870241927583465632593782209573606921270038030174737715757529353750196010657623485181827154676475136300127952620196452336402884852212876253998357823622531660279707194227833210557184678331827594665459425925097629434240645072938924088308369393526378142031522221087741855561544662 61799195565348334661658217833184837096172592428194576342661289054086114860097134045943961216049044253545265588440038906687307742865010478580658819105419899945665822591824916754422654212153319514969377252222897795810740672868508073576618048046729594441869624013118992164683133523446883773298206099287765021561
1197217461122299542896382110186121523111910508493660387466681905261113633259786542927432229251906381388768890626081106188135551552521788764947383161003240146515058933399535506003184126738782908489137218162054186891202784939283171000462874134835544156037743215845398839005533836846606852915473699831279167129 61222686357421034005100689967492311561531206185862734589376771415239865940201070302417220706759857425995807304354220795308134500376260037150480044139834275923070652963976167744322032262571782169528343414638033123945931492007048912252825071157783027379147573886120372509637677672328239097802247134612964900123
27881395519746637297478928853319904823144857010042296770308959496830449868223474651500855900058022026291515425674987041894247613140006490496374101515593571844989072599470912310102092788727336077547217137948816059386293892405875401991790680561196102607530309647540728393865960021070351223376205744270657364344 67440250405316841884655485836063936371667769259269658685598672336786549875701903942980292403292662815647405412473057865103990042886159491984355995310173249421131828080749457528695443088254836035696756847691104344886030500677335899258373561859666161512171878801175496857888630669617137385461966197749794670403
31822549694331803479998201144280655191622561643847234924420667529999045642040064436220702903498818302830663965583193831346749891805856182172796279413228601930281561458143988327911399399442016082865154724957172553889827106185941441082643269933375294631756039440903448501907431268255034135784650586254084500705 35116920806253676182717730270868001576899429734760123777302358856098019973307123298938720533931132677037161078924927618121890455864776728790949543752032655428050960681684651649210376841276031910854149746491998734677720027709984709412795623196834062175472781978713809730043724284910464152137150215024010016849
42744459948670325150042994883330312435954546116497200742017336010449159829671364563468887339057368950188753734687057117242889043239517138103916975787614407499434444780652051262912258380769458181089618007696938379541593459696912941098062718182321899532147544498986087139920637958160841884209790940591173018160 47024251068836335491637600400732059448712100011152631048314883506220276581895096299685263475263535263709073674766337921497300078535296749452388403967510927070329846369414821971159302870825358561623867948875202268254132606556348552244011081987640590864771713427121788277869241396646932697657379666939828652619
29585069672849349467017424425470143905657535797360981774253894284328495583714835303472431252508318959439105953530016535393462174654323004692406286567166653284663357978147059661831074007009792195961767462836119366595988981826067282323090434381429606519947401820147784852851777077706547763838544727040336158412 35032092836629544436212066220474650806444658110970029238014054208155410251974462364949330818110383576140194456279660683284287803792239950003471496734416271280398607449106362339484371810300992766216115669761636652887764962365641059341655369275987465683528861508577223908425307598874054201255916867226090253037
20535773747164828811933000488017293280606956483374633749960866640608474361635901991194840932938513503292827104496662324587648830286935996351083062929599580869738315112500388174763152898944352875477216804894924325904177718414130282647684167709710964408386947494164162090110678183936007653960880409534552111925 75853087451160096884268047017303889368548247220181791981100975850730967709035338379461252971787600390019117701193117504109296589281753268163628011206293626492964146408173589601332668820130870500719750821738524259708062430644026022068834042292381713525656439712618640672263271567254914199528886086879953457113
8873800747423423052556269298246174054781338208121757992339202671839367114581413195863286365712554380775187791793825227320211322665188839982946908797164834142839098867358326329042252117824625825891785969242913688659248883220718991449288301062067489603737912101249412802075007411453079617404792912071002053725 70722774012225265537684927980702994730254105258863871736703691176965489109198925564724151558602510069934757750779253615160187653066855320778069492264525951246137728585857331764257474143019465610294806711110088057657639790024568993381204660067289003748529836719572121646419658720295054005556625616514428557723
14311406337732664874392232213836803818943621264636093119780588188918807855644673737537743675593299415556607397213054656663940410933715714753419757397625801100802233213071773604067288629123025305647972920678931127891318062021736959439399607569418670335547819919889061121330219918851332420680205361022379154100 28026068938894860882677373203271329464600803639555771204381363948394122736031298231643134136303009078436371301505640037801978783437904215103221230275026091520606315593714428313917093834677651397087476074073539169548745451818963871567558272813303445993540027786401131015716494547065982106525149559015437424413
806627363481983990523526366907328597076012713159075776442465591743105183496285653468233190577088276926406299220030796333874636985730655711276637173371313825313667078124039960904636087763606797879431412327372087510008029609064764976680322287881988562034535997379270168965705528067116411408735858723084168775 69507216686099616581772724230838172994984896886431856329072867630138839593092132032844071330379403496485775997164632553570577400124098127325491248442405231223948125640741439763131358749535868481313350991564808232242848432910087278717263726597202213054457860364323509704006502098511665151911138272414130037323
32900697798454689518934595538382151637177850577265180419754289145214580750784983060227255808206018010146427891826972037468312936721603124848573813524319882421348001500322943246371569913258924809438926556996270958961238564557320021761838281210453770293243644480843237428498041225184177005844994069298555792646 96246181676418621002962091516592213610954453425016843442153762068181071433503737997122727280039947611292603948131470265916634496253358821570248889119485324397023929343952087250222526533053014954892716324904164693962537535823073312651809143213155492729558690482569496295771244656250725326578367419259332519123
17290395176905613950298515382012583679615455828883721833523213703979464474093766247397248494942318121454498951143888218107728171323492826148330312363196121596190515129135981973945556095272127817444469388722309156515954647695071771227617464736993382218764526146676652979073324776027973638416818009321487717202 40561051669504800245828437448288584757507159172528640989849240295482502841262430515950949958879876897330685083052162166336234820628421544415555069583069334362964289558031974629087304979416113114717388666367542825485445064053114300243169724522535146490168326809041843861723048803290663196311854445141957994351
95348891226026283222969011967265959186251327036045582044039419780025394453197796407224582488444949605110104762519469529457856825641734369272435046390804785208385635095575021257324117374879846132848128307847417590495935362719922699195496008371107048113483205457813448084912464646722327588695100623325012307381 109101236714788249648727194546217553777041564381070618612133208896980767658235599204288663682585340774170346349605844432288251137181471079161290139023792903782032389421796567698801792255700201086303171895099214166857121434182935569694712251524218379959135993389929789792592018144390702473603402314057470357221
7650520581397911861979525669133263984438292262660566215979123113181390271369768137363871303024122088998004454118017126830542555224263340340402407596469369699962216272826515182804367253483253720195700478274607769346274319499439005235368869131031875260931680822897478159012356651674164867372562162992891323874 40237983570994059391580695847789637000712779018941546549106541894632390493737594063606387408458409263632416691763592738173144535157166701245397923699491319170648402555357134217073931470654195075627066577894097952078704575335240563613056771518741761937434232414319877200869321819164926529845551112506314274321
28490470353979003394559593320830247226492789233696948746395371451242426741412822230839480734633656970384654489817482518156657566132080289175334623895957213303712434624662640337650071119963239597150599406832711354755445034115253642593208051474927044344292246217149372968690592127455428610354350404180167170485 84249245777955935156715810997786318657835919957860423481947204017419875274770106001429552773934060974345757811875954068369069970617082802064002141528226282669224258066730549975582277589840591295222336745788590586265358253010288925617877964826002353295731653800072006825762752190859963859236033255060370404847
18788989791349944758015348214198518889865709873676087270769439207569696047930688955759875724359039091247997310730459681911800847397974847212387907227096943407985803075779603289026609475788374745858041596044627133041536785917722004449369560990139375188752052435619146381424444628423487186203086627234790276956 35311275808019518039798772246400674170324437343348617235887632738531766808841870571430023180404203094693677812431209518702908069146913360760339465435370927442632985332484822910171075369905168766616770564664616087507343838081833767906038659886827798153717592740568857003866222309362947962402722763280001741073
46645408397834836938574664864455314351992972676479708378776549046164914963755227344960138012685021365426453658718083907809271115615982370673775155958795036301447586549651141838383570972062181218506929137101070256038924443769495582729825209291322413238801936623786421206569435107767217859760257683504685870747 60148002080428827928200995139403293120242802199896530023596238651183966493772739067708297440888152916841146367619844947360588781076894222372987687035298242027898581478538871410113159443635687789224263974763619299880596392228656493570953282459653936524069872456998830014440071665056593765875119505844814444907
49308456708344549162739261043099079714140343677731006658618287880743209330096570945305905276218220787358246108968916817187556073323598641514803223211081928504964519560120126911008606813764217017704600380226507762493461414648249774607065170457689848480040022410870192446197145823904895451709583105464080513598 57977703732735036821035423350426155278476379568239581504126485432005417884009883977183793244343195354814130181167364651966545226516851458394446854818172013096041584777279113314902333607039130828621572293695155314382376303059332769311924297980084541626876826149844496551646879954017337389402077658303830268521
